📝  Daily Post Generator — 365 Ready Posts,,,,,,,,,,,,,
हर दिन का static/carousel/story post: headline + body + layout + CTA + hashtags + image prompt ref,,,,,,,,,,,,,
Day,Date,Format,Pattern,Headline (Hindi),Body Copy (Hindi),Layout / Slides,CTA,Hashtags (5),Image Prompt Type,Best Time,,,
1,07-06-2026,Carousel (6-8 slides),Profit Reveal,गन्ना बेचकर इस किसान ने नई गाड़ी खरीदी — राज़ क्या है?,"Profit Reveal — गन्ना: किसान भाइयों, मंडी में कम भाव का हल AgroManch पर है। सीधे buyer, सही दाम, 72 घंटे में payment। नीचे दिए steps follow करो और आज ही फायदा उठाओ।",Slide1 hook → Slide2-6 value points → Slide7 proof → Slide8 CTA,अभी फसल list करो — पहली sale आज ही 📲,#Sugarcane #Kisan #Kheti #AgroManch #IndianFarmer,Carousel Cover,12:00 PM,,,
2,08-06-2026,Static Poster,Mandi Shock,7 बिचौलिए आपके टमाटर का मुनाफा खा रहे हैं — proof देखो,"Mandi Shock — टमाटर: किसान भाइयों, बिचौलियों की लूट का हल AgroManch पर है। सीधे buyer, सही दाम, 72 घंटे में payment। नीचे दिए steps follow करो और आज ही फायदा उठाओ।",बड़ा headline + 1 आँकड़ा + किसान image + CTA bar,अपने इलाके के buyers देखो — अभी connect करो,#Tomato #Kisan #MandiBhav #AgroManch #IndianFarmer,Poster,07:00 PM,,,
3,09-06-2026,Story (3-4 slides),Mandi Shock,मंडी की पर्ची दिखाता हूँ — प्याज पर कितनी लूट हुई,"Mandi Shock — प्याज: किसान भाइयों, payment में देरी का हल AgroManch पर है। सीधे buyer, सही दाम, 72 घंटे में payment। नीचे दिए steps follow करो और आज ही फायदा उठाओ।",Poll → result tease → value → swipe-up CTA,रोज़ की मंडी update WhatsApp पर पाओ — join करो,#Onion #Kisan #MandiBhav #AgroManch #IndianFarmer,Story graphic,06:00 PM,,,
4,10-06-2026,Infographic,Mandi Shock,आलू का सही भाव क्या है? मंडी आपको कभी नहीं बताएगी,"Mandi Shock — आलू: किसान भाइयों, फसल में रोग/कीट का हल AgroManch पर है। सीधे buyer, सही दाम, 72 घंटे में payment। नीचे दिए steps follow करो और आज ही फायदा उठाओ।",4-step vertical flow + top title + bottom CTA,share करो ताकि हर किसान तक पहुँचे 🙏,#Potato #Kisan #MandiBhav #AgroManch #IndianFarmer,Infographic,09:30 AM,,,
5,11-06-2026,Engagement Post,Mandi Shock,मिर्च मंडी में ₹__/kg — AgroManch पर ₹__! फर्क देखो 🔴🟢,"Mandi Shock — मिर्च: किसान भाइयों, मौसम का नुकसान का हल AgroManch पर है। सीधे buyer, सही दाम, 72 घंटे में payment। नीचे दिए steps follow करो और आज ही फायदा उठाओ।",सवाल + relatable image + 'comment करो' prompt,हर हफ्ते नया feature — App update रखो,#Chilli #Kisan #MandiBhav #AgroManch #IndianFarmer,Poster,08:00 PM,,,
6,12-06-2026,Carousel (6-8 slides),Crop Emergency Alert,आपकी सरसों की पत्तियाँ ऐसी हैं? तुरंत रुको और देखो,"Crop Emergency Alert — सरसों: किसान भाइयों, भंडारण की समस्या का हल AgroManch पर है। सीधे buyer, सही दाम, 72 घंटे में payment। नीचे दिए steps follow करो और आज ही फायदा उठाओ।",Slide1 hook → Slide2-6 value points → Slide7 proof → Slide8 CTA,"AgroManch पर बेचो, बेहतर margin पाओ 💰",#Mustard #Kisan #FasalRog #AgroManch #IndianFarmer,Carousel Cover,12:00 PM,,,
7,13-06-2026,Static Poster,Crop Emergency Alert,एक हफ्ते में पूरी चना बर्बाद — यह कीट पहचानो,"Crop Emergency Alert — चना: किसान भाइयों, transport खर्च का हल AgroManch पर है। सीधे buyer, सही दाम, 72 घंटे में payment। नीचे दिए steps follow करो और आज ही फायदा उठाओ।",बड़ा headline + 1 आँकड़ा + किसान image + CTA bar,नीचे link पर tap करो और AgroManch पाओ 📲,#Gram #Kisan #FasalRog #AgroManch #IndianFarmer,Poster,07:00 PM,,,
8,14-06-2026,Story (3-4 slides),Crop Emergency Alert,🚨 मूंग किसान alert: यह लक्षण दिखे तो देर मत करना,"Crop Emergency Alert — मूंग: किसान भाइयों, quality grading का हल AgroManch पर है। सीधे buyer, सही दाम, 72 घंटे में payment। नीचे दिए steps follow करो और आज ही फायदा उठाओ।",Poll → result tease → value → swipe-up CTA,"एक बार register, ज़िंदगी भर फायदा — अभी करो",#Moong #Kisan #FasalRog #AgroManch #IndianFarmer,Story graphic,06:00 PM,,,
9,15-06-2026,Infographic,Crop Emergency Alert,पड़ोसी की बाजरा चौपट हो गई — आपकी कैसे बचेगी?,"Crop Emergency Alert — बाजरा: किसान भाइयों, सही buyer नहीं मिलता का हल AgroManch पर है। सीधे buyer, सही दाम, 72 घंटे में payment। नीचे दिए steps follow करो और आज ही फायदा उठाओ।",4-step vertical flow + top title + bottom CTA,अभी फसल list करो — पहली sale आज ही 📲,#Bajra #Kisan #FasalRog #AgroManch #IndianFarmer,Infographic,09:30 AM,,,
10,16-06-2026,Engagement Post,Farmer Success Story,500 किसानों ने यह किया — नतीजा देखकर चौंक जाओगे,"Farmer Success Story — ज्वार: किसान भाइयों, कर्ज़ का बोझ का हल AgroManch पर है। सीधे buyer, सही दाम, 72 घंटे में payment। नीचे दिए steps follow करो और आज ही फायदा उठाओ।",सवाल + relatable image + 'comment करो' prompt,अपने इलाके के buyers देखो — अभी connect करो,#Jowar #Kisan #Kheti #AgroManch #IndianFarmer,Poster,08:00 PM,,,
11,17-06-2026,Carousel (6-8 slides),Farmer Success Story,'पहले डर था online बेचने का — आज हल्दी से खुशी है',"Farmer Success Story — हल्दी: किसान भाइयों, नकली बीज/खाद का हल AgroManch पर है। सीधे buyer, सही दाम, 72 घंटे में payment। नीचे दिए steps follow करो और आज ही फायदा उठाओ।",Slide1 hook → Slide2-6 value points → Slide7 proof → Slide8 CTA,रोज़ की मंडी update WhatsApp पर पाओ — join करो,#Turmeric #Kisan #Kheti #AgroManch #IndianFarmer,Carousel Cover,12:00 PM,,,
12,18-06-2026,Static Poster,Farmer Success Story,MP के इस किसान की कहानी आपको रुला देगी,"Farmer Success Story — अदरक: किसान भाइयों, पानी की कमी का हल AgroManch पर है। सीधे buyer, सही दाम, 72 घंटे में payment। नीचे दिए steps follow करो और आज ही फायदा उठाओ।",बड़ा headline + 1 आँकड़ा + किसान image + CTA bar,share करो ताकि हर किसान तक पहुँचे 🙏,#Ginger #Kisan #Kheti #AgroManch #IndianFarmer,Poster,07:00 PM,,,
13,19-06-2026,Story (3-4 slides),Farmer Success Story,कर्ज़ में डूबा किसान — लहसुन ने ज़िंदगी बदल दी,"Farmer Success Story — लहसुन: किसान भाइयों, मजदूरों की कमी का हल AgroManch पर है। सीधे buyer, सही दाम, 72 घंटे में payment। नीचे दिए steps follow करो और आज ही फायदा उठाओ।",Poll → result tease → value → swipe-up CTA,हर हफ्ते नया feature — App update रखो,#Garlic #Kisan #Kheti #AgroManch #IndianFarmer,Story graphic,06:00 PM,,,
14,20-06-2026,Infographic,Machinery Pride,पुराना तरीका भूल जाओ — केला के लिए यह मशीन,"Machinery Pride — केला: किसान भाइयों, सरकारी योजना की जानकारी नहीं का हल AgroManch पर है। सीधे buyer, सही दाम, 72 घंटे में payment। नीचे दिए steps follow करो और आज ही फायदा उठाओ।",4-step vertical flow + top title + bottom CTA,"AgroManch पर बेचो, बेहतर margin पाओ 💰",#Banana #Kisan #Kheti #AgroManch #IndianFarmer,Infographic,09:30 AM,,,
15,21-06-2026,Engagement Post,Machinery Pride,subsidy पर मिलती है यह मशीन — अनार किसान ध्यान दो,"Machinery Pride — अनार: किसान भाइयों, बाज़ार भाव की जानकारी नहीं का हल AgroManch पर है। सीधे buyer, सही दाम, 72 घंटे में payment। नीचे दिए steps follow करो और आज ही फायदा उठाओ।",सवाल + relatable image + 'comment करो' prompt,नीचे link पर tap करो और AgroManch पाओ 📲,#Pomegranate #Kisan #Kheti #AgroManch #IndianFarmer,Poster,08:00 PM,,,
16,22-06-2026,Carousel (6-8 slides),Scheme Bomb,PKVY जैविक + Dragon Fruit = डबल फायदा। पूरी जानकारी यहाँ,"Scheme Bomb — Dragon Fruit: किसान भाइयों, मंडी में कम भाव का हल AgroManch पर है। सीधे buyer, सही दाम, 72 घंटे में payment। नीचे दिए steps follow करो और आज ही फायदा उठाओ।",Slide1 hook → Slide2-6 value points → Slide7 proof → Slide8 CTA,"एक बार register, ज़िंदगी भर फायदा — अभी करो",#DragonFruit #Kisan #SarkariYojana #AgroManch #IndianFarmer,Carousel Cover,12:00 PM,,,
17,23-06-2026,Static Poster,Scheme Bomb,"🚨 Agri Infrastructure Fund — किस्त आ रही है, status अभी check करो!","Scheme Bomb — स्ट्रॉबेरी: किसान भाइयों, बिचौलियों की लूट का हल AgroManch पर है। सीधे buyer, सही दाम, 72 घंटे में payment। नीचे दिए steps follow करो और आज ही फायदा उठाओ।",बड़ा headline + 1 आँकड़ा + किसान image + CTA bar,अभी फसल list करो — पहली sale आज ही 📲,#Strawberry #Kisan #SarkariYojana #AgroManch #IndianFarmer,Poster,07:00 PM,,,
18,24-06-2026,Story (3-4 slides),Scheme Bomb,NABARD योजना में ₹__ सीधे खाते में — eligibility देखो,"Scheme Bomb — मशरूम: किसान भाइयों, payment में देरी का हल AgroManch पर है। सीधे buyer, सही दाम, 72 घंटे में payment। नीचे दिए steps follow करो और आज ही फायदा उठाओ।",Poll → result tease → value → swipe-up CTA,अपने इलाके के buyers देखो — अभी connect करो,#Mushroom #Kisan #SarkariYojana #AgroManch #IndianFarmer,Story graphic,06:00 PM,,,
19,25-06-2026,Infographic,Scheme Bomb,90% किसान Kisan Drone Subsidy का पैसा छोड़ देते हैं — आप मत छोड़ना,"Scheme Bomb — सब्ज़ी: किसान भाइयों, फसल में रोग/कीट का हल AgroManch पर है। सीधे buyer, सही दाम, 72 घंटे में payment। नीचे दिए steps follow करो और आज ही फायदा उठाओ।",4-step vertical flow + top title + bottom CTA,रोज़ की मंडी update WhatsApp पर पाओ — join करो,#Vegetables #Kisan #SarkariYojana #AgroManch #IndianFarmer,Infographic,09:30 AM,,,
20,26-06-2026,Engagement Post,Jugaad Hack,यह देसी नुस्खा भिंडी के कीट भगा देता है — ₹0 खर्च,"Jugaad Hack — भिंडी: किसान भाइयों, मौसम का नुकसान का हल AgroManch पर है। सीधे buyer, सही दाम, 72 घंटे में payment। नीचे दिए steps follow करो और आज ही फायदा उठाओ।",सवाल + relatable image + 'comment करो' prompt,share करो ताकि हर किसान तक पहुँचे 🙏,#Okra #Kisan #FarmingHacks #AgroManch #IndianFarmer,Poster,08:00 PM,,,
21,27-06-2026,Carousel (6-8 slides),Jugaad Hack,बैंगन में पानी बचाने का यह जुगाड़ viral हो रहा है,"Jugaad Hack — बैंगन: किसान भाइयों, भंडारण की समस्या का हल AgroManch पर है। सीधे buyer, सही दाम, 72 घंटे में payment। नीचे दिए steps follow करो और आज ही फायदा उठाओ।",Slide1 hook → Slide2-6 value points → Slide7 proof → Slide8 CTA,हर हफ्ते नया feature — App update रखो,#Brinjal #Kisan #FarmingHacks #AgroManch #IndianFarmer,Carousel Cover,12:00 PM,,,
22,28-06-2026,Static Poster,Before / After,"पहले ₹__, अब ₹__ — फूलगोभी में क्या बदला?","Before / After — फूलगोभी: किसान भाइयों, transport खर्च का हल AgroManch पर है। सीधे buyer, सही दाम, 72 घंटे में payment। नीचे दिए steps follow करो और आज ही फायदा उठाओ।",बड़ा headline + 1 आँकड़ा + किसान image + CTA bar,"AgroManch पर बेचो, बेहतर margin पाओ 💰",#Cauliflower #Kisan #Kheti #AgroManch #IndianFarmer,Poster,07:00 PM,,,
23,29-06-2026,Story (3-4 slides),Before / After,मटर खेत: पहले बनाम बाद — यकीन नहीं होगा,"Before / After — मटर: किसान भाइयों, quality grading का हल AgroManch पर है। सीधे buyer, सही दाम, 72 घंटे में payment। नीचे दिए steps follow करो और आज ही फायदा उठाओ।",Poll → result tease → value → swipe-up CTA,नीचे link पर tap करो और AgroManch पाओ 📲,#Peas #Kisan #Kheti #AgroManch #IndianFarmer,Story graphic,06:00 PM,,,
24,30-06-2026,Infographic,Mahila Kisan,घूँघट से ट्रैक्टर तक — इस महिला किसान को सलाम,"Mahila Kisan — अरहर: किसान भाइयों, सही buyer नहीं मिलता का हल AgroManch पर है। सीधे buyer, सही दाम, 72 घंटे में payment। नीचे दिए steps follow करो और आज ही फायदा उठाओ।",4-step vertical flow + top title + bottom CTA,"एक बार register, ज़िंदगी भर फायदा — अभी करो",#Arhar #Kisan #MahilaKisan #AgroManch #IndianFarmer,Infographic,09:30 AM,,,
25,01-07-2026,Engagement Post,Mahila Kisan,"पति बाहर, उसने मूंगफली से घर चलाया — कैसे?","Mahila Kisan — मूंगफली: किसान भाइयों, कर्ज़ का बोझ का हल AgroManch पर है। सीधे buyer, सही दाम, 72 घंटे में payment। नीचे दिए steps follow करो और आज ही फायदा उठाओ।",सवाल + relatable image + 'comment करो' prompt,अभी फसल list करो — पहली sale आज ही 📲,#Groundnut #Kisan #MahilaKisan #AgroManch #IndianFarmer,Poster,08:00 PM,,,
26,02-07-2026,Carousel (6-8 slides),Mahila Kisan,गाँव की महिलाओं ने गेहूं से बदली किस्मत,"Mahila Kisan — गेहूं: किसान भाइयों, नकली बीज/खाद का हल AgroManch पर है। सीधे buyer, सही दाम, 72 घंटे में payment। नीचे दिए steps follow करो और आज ही फायदा उठाओ।",Slide1 hook → Slide2-6 value points → Slide7 proof → Slide8 CTA,अपने इलाके के buyers देखो — अभी connect करो,#Wheat #Kisan #MahilaKisan #AgroManch #IndianFarmer,Carousel Cover,12:00 PM,,,
27,03-07-2026,Static Poster,Mahila Kisan,महिला किसान + AgroManch = ₹__ सालाना income,"Mahila Kisan — धान: किसान भाइयों, पानी की कमी का हल AgroManch पर है। सीधे buyer, सही दाम, 72 घंटे में payment। नीचे दिए steps follow करो और आज ही फायदा उठाओ।",बड़ा headline + 1 आँकड़ा + किसान image + CTA bar,रोज़ की मंडी update WhatsApp पर पाओ — join करो,#Paddy #Kisan #MahilaKisan #AgroManch #IndianFarmer,Poster,07:00 PM,,,
28,04-07-2026,Story (3-4 slides),Weather Emergency,IMD alert: पश्चिम बंगाल के मक्का किसान सावधान,"Weather Emergency — मक्का: किसान भाइयों, मजदूरों की कमी का हल AgroManch पर है। सीधे buyer, सही दाम, 72 घंटे में payment। नीचे दिए steps follow करो और आज ही फायदा उठाओ।",Poll → result tease → value → swipe-up CTA,share करो ताकि हर किसान तक पहुँचे 🙏,#Maize #Kisan #MausamAlert #AgroManch #IndianFarmer,Story graphic,06:00 PM,,,
29,05-07-2026,Infographic,Weather Emergency,🚨 UP Alert: 72 घंटे में मौसम — सोयाबीन बचाओ!,"Weather Emergency — सोयाबीन: किसान भाइयों, सरकारी योजना की जानकारी नहीं का हल AgroManch पर है। सीधे buyer, सही दाम, 72 घंटे में payment। नीचे दिए steps follow करो और आज ही फायदा उठाओ।",4-step vertical flow + top title + bottom CTA,हर हफ्ते नया feature — App update रखो,#Soybean #Kisan #MausamAlert #AgroManch #IndianFarmer,Infographic,09:30 AM,,,
30,06-07-2026,Engagement Post,Weather Emergency,बारिश से पहले कपास में यह करना ज़रूरी है,"Weather Emergency — कपास: किसान भाइयों, बाज़ार भाव की जानकारी नहीं का हल AgroManch पर है। सीधे buyer, सही दाम, 72 घंटे में payment। नीचे दिए steps follow करो और आज ही फायदा उठाओ।",सवाल + relatable image + 'comment करो' prompt,"AgroManch पर बेचो, बेहतर margin पाओ 💰",#Cotton #Kisan #MausamAlert #AgroManch #IndianFarmer,Poster,08:00 PM,,,
31,07-07-2026,Carousel (6-8 slides),Weather Emergency,ओलावृष्टि का खतरा — गन्ना किसान तुरंत यह करो,"Weather Emergency — गन्ना: किसान भाइयों, मंडी में कम भाव का हल AgroManch पर है। सीधे buyer, सही दाम, 72 घंटे में payment। नीचे दिए steps follow करो और आज ही फायदा उठाओ।",Slide1 hook → Slide2-6 value points → Slide7 proof → Slide8 CTA,नीचे link पर tap करो और AgroManch पाओ 📲,#Sugarcane #Kisan #MausamAlert #AgroManch #IndianFarmer,Carousel Cover,12:00 PM,,,
32,08-07-2026,Static Poster,Myth Buster,टमाटर में यह मिथक आपका नुकसान करा रहा है,"Myth Buster — टमाटर: किसान भाइयों, बिचौलियों की लूट का हल AgroManch पर है। सीधे buyer, सही दाम, 72 घंटे में payment। नीचे दिए steps follow करो और आज ही फायदा उठाओ।",बड़ा headline + 1 आँकड़ा + किसान image + CTA bar,"एक बार register, ज़िंदगी भर फायदा — अभी करो",#Tomato #Kisan #Kheti #AgroManch #IndianFarmer,Poster,07:00 PM,,,
33,09-07-2026,Story (3-4 slides),Profit Calculator,"₹__ लगाओ, ₹__ कमाओ — प्याज का सच्चा हिसाब","Profit Calculator — प्याज: किसान भाइयों, payment में देरी का हल AgroManch पर है। सीधे buyer, सही दाम, 72 घंटे में payment। नीचे दिए steps follow करो और आज ही फायदा उठाओ।",Poll → result tease → value → swipe-up CTA,अभी फसल list करो — पहली sale आज ही 📲,#Onion #Kisan #KhetiProfit #AgroManch #IndianFarmer,Story graphic,06:00 PM,,,
34,10-07-2026,Infographic,Profit Calculator,AgroManch calculator से आलू का मुनाफा निकालो,"Profit Calculator — आलू: किसान भाइयों, फसल में रोग/कीट का हल AgroManch पर है। सीधे buyer, सही दाम, 72 घंटे में payment। नीचे दिए steps follow करो और आज ही फायदा उठाओ।",4-step vertical flow + top title + bottom CTA,अपने इलाके के buyers देखो — अभी connect करो,#Potato #Kisan #KhetiProfit #AgroManch #IndianFarmer,Infographic,09:30 AM,,,
35,11-07-2026,Engagement Post,Profit Calculator,मिर्च में 1 एकड़ = कितना मुनाफा? पूरा हिसाब,"Profit Calculator — मिर्च: किसान भाइयों, मौसम का नुकसान का हल AgroManch पर है। सीधे buyer, सही दाम, 72 घंटे में payment। नीचे दिए steps follow करो और आज ही फायदा उठाओ।",सवाल + relatable image + 'comment करो' prompt,रोज़ की मंडी update WhatsApp पर पाओ — join करो,#Chilli #Kisan #KhetiProfit #AgroManch #IndianFarmer,Poster,08:00 PM,,,
36,12-07-2026,Carousel (6-8 slides),Profit Calculator,"लागत ₹__, कमाई ₹__ — सरसों का गणित समझो","Profit Calculator — सरसों: किसान भाइयों, भंडारण की समस्या का हल AgroManch पर है। सीधे buyer, सही दाम, 72 घंटे में payment। नीचे दिए steps follow करो और आज ही फायदा उठाओ।",Slide1 hook → Slide2-6 value points → Slide7 proof → Slide8 CTA,share करो ताकि हर किसान तक पहुँचे 🙏,#Mustard #Kisan #KhetiProfit #AgroManch #IndianFarmer,Carousel Cover,12:00 PM,,,
37,13-07-2026,Static Poster,Field Interview,'मैं बताता हूँ चना में असली दिक्कत क्या है',"Field Interview — चना: किसान भाइयों, transport खर्च का हल AgroManch पर है। सीधे buyer, सही दाम, 72 घंटे में payment। नीचे दिए steps follow करो और आज ही फायदा उठाओ।",बड़ा headline + 1 आँकड़ा + किसान image + CTA bar,हर हफ्ते नया feature — App update रखो,#Gram #Kisan #Kheti #AgroManch #IndianFarmer,Poster,07:00 PM,,,
38,14-07-2026,Story (3-4 slides),Field Interview,गाँव-गाँव घूमकर पूछा — मूंग पर किसानों का जवाब,"Field Interview — मूंग: किसान भाइयों, quality grading का हल AgroManch पर है। सीधे buyer, सही दाम, 72 घंटे में payment। नीचे दिए steps follow करो और आज ही फायदा उठाओ।",Poll → result tease → value → swipe-up CTA,"AgroManch पर बेचो, बेहतर margin पाओ 💰",#Moong #Kisan #Kheti #AgroManch #IndianFarmer,Story graphic,06:00 PM,,,
39,15-07-2026,Infographic,Old vs New,10 साल पहले vs आज — बाजरा किसान की ज़िंदगी,"Old vs New — बाजरा: किसान भाइयों, सही buyer नहीं मिलता का हल AgroManch पर है। सीधे buyer, सही दाम, 72 घंटे में payment। नीचे दिए steps follow करो और आज ही फायदा उठाओ।",4-step vertical flow + top title + bottom CTA,नीचे link पर tap करो और AgroManch पाओ 📲,#Bajra #Kisan #Kheti #AgroManch #IndianFarmer,Infographic,09:30 AM,,,
40,16-07-2026,Engagement Post,Old vs New,मंडी का इंतज़ार बनाम App पर बिक्री — ज्वार देखो,"Old vs New — ज्वार: किसान भाइयों, कर्ज़ का बोझ का हल AgroManch पर है। सीधे buyer, सही दाम, 72 घंटे में payment। नीचे दिए steps follow करो और आज ही फायदा उठाओ।",सवाल + relatable image + 'comment करो' prompt,"एक बार register, ज़िंदगी भर फायदा — अभी करो",#Jowar #Kisan #Kheti #AgroManch #IndianFarmer,Poster,08:00 PM,,,
41,17-07-2026,Carousel (6-8 slides),Hidden Crop,यह फसल ₹__/kg बिकती है — कोई पंजाब में नहीं उगाता क्यों?,"Hidden Crop — हल्दी: किसान भाइयों, नकली बीज/खाद का हल AgroManch पर है। सीधे buyer, सही दाम, 72 घंटे में payment। नीचे दिए steps follow करो और आज ही फायदा उठाओ।",Slide1 hook → Slide2-6 value points → Slide7 proof → Slide8 CTA,अभी फसल list करो — पहली sale आज ही 📲,#Turmeric #Kisan #ProfitableFarming #AgroManch #IndianFarmer,Carousel Cover,12:00 PM,,,
42,18-07-2026,Static Poster,Hidden Crop,अदरक छोड़ो — यह फसल 3 गुना कमाई देती है,"Hidden Crop — अदरक: किसान भाइयों, पानी की कमी का हल AgroManch पर है। सीधे buyer, सही दाम, 72 घंटे में payment। नीचे दिए steps follow करो और आज ही फायदा उठाओ।",बड़ा headline + 1 आँकड़ा + किसान image + CTA bar,अपने इलाके के buyers देखो — अभी connect करो,#Ginger #Kisan #ProfitableFarming #AgroManch #IndianFarmer,Poster,07:00 PM,,,
43,19-07-2026,Story (3-4 slides),Hidden Crop,विदेश में इस फसल की भारी मांग — आप क्यों चूक रहे?,"Hidden Crop — लहसुन: किसान भाइयों, मजदूरों की कमी का हल AgroManch पर है। सीधे buyer, सही दाम, 72 घंटे में payment। नीचे दिए steps follow करो और आज ही फायदा उठाओ।",Poll → result tease → value → swipe-up CTA,रोज़ की मंडी update WhatsApp पर पाओ — join करो,#Garlic #Kisan #ProfitableFarming #AgroManch #IndianFarmer,Story graphic,06:00 PM,,,
44,20-07-2026,Infographic,Hidden Crop,"कम पानी, ज़्यादा दाम — यह छुपी फसल जानो","Hidden Crop — केला: किसान भाइयों, सरकारी योजना की जानकारी नहीं का हल AgroManch पर है। सीधे buyer, सही दाम, 72 घंटे में payment। नीचे दिए steps follow करो और आज ही फायदा उठाओ।",4-step vertical flow + top title + bottom CTA,share करो ताकि हर किसान तक पहुँचे 🙏,#Banana #Kisan #ProfitableFarming #AgroManch #IndianFarmer,Infographic,09:30 AM,,,
45,21-07-2026,Engagement Post,Tech Tutorial,5 मिनट में अनार बेचना सीखो — बिना confusion,"Tech Tutorial — अनार: किसान भाइयों, बाज़ार भाव की जानकारी नहीं का हल AgroManch पर है। सीधे buyer, सही दाम, 72 घंटे में payment। नीचे दिए steps follow करो और आज ही फायदा उठाओ।",सवाल + relatable image + 'comment करो' prompt,हर हफ्ते नया feature — App update रखो,#Pomegranate #Kisan #DigitalKisan #AgroManch #IndianFarmer,Poster,08:00 PM,,,
46,22-07-2026,Carousel (6-8 slides),Tech Tutorial,AgroManch के यह 5 features Dragon Fruit किसान ज़रूर use करें,"Tech Tutorial — Dragon Fruit: किसान भाइयों, मंडी में कम भाव का हल AgroManch पर है। सीधे buyer, सही दाम, 72 घंटे में payment। नीचे दिए steps follow करो और आज ही फायदा उठाओ।",Slide1 hook → Slide2-6 value points → Slide7 proof → Slide8 CTA,"AgroManch पर बेचो, बेहतर margin पाओ 💰",#DragonFruit #Kisan #DigitalKisan #AgroManch #IndianFarmer,Carousel Cover,12:00 PM,,,
47,23-07-2026,Static Poster,Tech Tutorial,AgroManch पर स्ट्रॉबेरी list करो — 5 मिनट tutorial,"Tech Tutorial — स्ट्रॉबेरी: किसान भाइयों, बिचौलियों की लूट का हल AgroManch पर है। सीधे buyer, सही दाम, 72 घंटे में payment। नीचे दिए steps follow करो और आज ही फायदा उठाओ।",बड़ा headline + 1 आँकड़ा + किसान image + CTA bar,नीचे link पर tap करो और AgroManch पाओ 📲,#Strawberry #Kisan #DigitalKisan #AgroManch #IndianFarmer,Poster,07:00 PM,,,
48,24-07-2026,Story (3-4 slides),Tech Tutorial,पहली बार App इस्तेमाल कर रहे? यह देखो — आसान है,"Tech Tutorial — मशरूम: किसान भाइयों, payment में देरी का हल AgroManch पर है। सीधे buyer, सही दाम, 72 घंटे में payment। नीचे दिए steps follow करो और आज ही फायदा उठाओ।",Poll → result tease → value → swipe-up CTA,"एक बार register, ज़िंदगी भर फायदा — अभी करो",#Mushroom #Kisan #DigitalKisan #AgroManch #IndianFarmer,Story graphic,06:00 PM,,,
49,25-07-2026,Infographic,Award / Recognition,सरकार ने सम्मानित किया — यह किसान कौन है?,"Award / Recognition — सब्ज़ी: किसान भाइयों, फसल में रोग/कीट का हल AgroManch पर है। सीधे buyer, सही दाम, 72 घंटे में payment। नीचे दिए steps follow करो और आज ही फायदा उठाओ।",4-step vertical flow + top title + bottom CTA,अभी फसल list करो — पहली sale आज ही 📲,#Vegetables #Kisan #Kheti #AgroManch #IndianFarmer,Infographic,09:30 AM,,,
50,26-07-2026,Engagement Post,Regional Language,बिहार के किसानों के लिए बंगाली में खास video,"Regional Language — भिंडी: किसान भाइयों, मौसम का नुकसान का हल AgroManch पर है। सीधे buyer, सही दाम, 72 घंटे में payment। नीचे दिए steps follow करो और आज ही फायदा उठाओ।",सवाल + relatable image + 'comment करो' prompt,अपने इलाके के buyers देखो — अभी connect करो,#Okra #Kisan #Bhojpuri #AgroManch #IndianFarmer,Poster,08:00 PM,,,
51,27-07-2026,Carousel (6-8 slides),Regional Language,भोजपुरी बोलने वाले किसान यह ज़रूर देखें,"Regional Language — बैंगन: किसान भाइयों, भंडारण की समस्या का हल AgroManch पर है। सीधे buyer, सही दाम, 72 घंटे में payment। नीचे दिए steps follow करो और आज ही फायदा उठाओ।",Slide1 hook → Slide2-6 value points → Slide7 proof → Slide8 CTA,रोज़ की मंडी update WhatsApp पर पाओ — join करो,#Brinjal #Kisan #Bhojpuri #AgroManch #IndianFarmer,Carousel Cover,12:00 PM,,,
52,28-07-2026,Static Poster,Regional Language,घर जैसी भाषा में फूलगोभी का गुर — पंजाबी में,"Regional Language — फूलगोभी: किसान भाइयों, transport खर्च का हल AgroManch पर है। सीधे buyer, सही दाम, 72 घंटे में payment। नीचे दिए steps follow करो और आज ही फायदा उठाओ।",बड़ा headline + 1 आँकड़ा + किसान image + CTA bar,share करो ताकि हर किसान तक पहुँचे 🙏,#Cauliflower #Kisan #Bhojpuri #AgroManch #IndianFarmer,Poster,07:00 PM,,,
53,29-07-2026,Story (3-4 slides),Regional Language,किसान भाई — आज मराठी में मटर की बात,"Regional Language — मटर: किसान भाइयों, quality grading का हल AgroManch पर है। सीधे buyer, सही दाम, 72 घंटे में payment। नीचे दिए steps follow करो और आज ही फायदा उठाओ।",Poll → result tease → value → swipe-up CTA,हर हफ्ते नया feature — App update रखो,#Peas #Kisan #Bhojpuri #AgroManch #IndianFarmer,Story graphic,06:00 PM,,,
54,30-07-2026,Infographic,Community Debate,आप किससे बेचते हो अरहर? Comment में बताओ,"Community Debate — अरहर: किसान भाइयों, सही buyer नहीं मिलता का हल AgroManch पर है। सीधे buyer, सही दाम, 72 घंटे में payment। नीचे दिए steps follow करो और आज ही फायदा उठाओ।",4-step vertical flow + top title + bottom CTA,"AgroManch पर बेचो, बेहतर margin पाओ 💰",#Arhar #Kisan #Kheti #AgroManch #IndianFarmer,Infographic,09:30 AM,,,
55,31-07-2026,Engagement Post,Community Debate,मूंगफली की सबसे बड़ी दिक्कत क्या है? खुलकर लिखो,"Community Debate — मूंगफली: किसान भाइयों, कर्ज़ का बोझ का हल AgroManch पर है। सीधे buyer, सही दाम, 72 घंटे में payment। नीचे दिए steps follow करो और आज ही फायदा उठाओ।",सवाल + relatable image + 'comment करो' prompt,नीचे link पर tap करो और AgroManch पाओ 📲,#Groundnut #Kisan #Kheti #AgroManch #IndianFarmer,Poster,08:00 PM,,,
56,01-08-2026,Carousel (6-8 slides),Seasonal Countdown,__ दिन में गेहूं का सीज़न — यह checklist देखो,"Seasonal Countdown — गेहूं: किसान भाइयों, नकली बीज/खाद का हल AgroManch पर है। सीधे buyer, सही दाम, 72 घंटे में payment। नीचे दिए steps follow करो और आज ही फायदा उठाओ।",Slide1 hook → Slide2-6 value points → Slide7 proof → Slide8 CTA,"एक बार register, ज़िंदगी भर फायदा — अभी करो",#Wheat #Kisan #Kheti #AgroManch #IndianFarmer,Carousel Cover,12:00 PM,,,
57,02-08-2026,Static Poster,Seasonal Countdown,त्योहार से पहले धान के दाम चढ़ेंगे — तैयार रहो,"Seasonal Countdown — धान: किसान भाइयों, पानी की कमी का हल AgroManch पर है। सीधे buyer, सही दाम, 72 घंटे में payment। नीचे दिए steps follow करो और आज ही फायदा उठाओ।",बड़ा headline + 1 आँकड़ा + किसान image + CTA bar,अभी फसल list करो — पहली sale आज ही 📲,#Paddy #Kisan #Kheti #AgroManch #IndianFarmer,Poster,07:00 PM,,,
58,03-08-2026,Story (3-4 slides),Seasonal Countdown,देर मत करो — मक्का की सही timing निकल रही है,"Seasonal Countdown — मक्का: किसान भाइयों, मजदूरों की कमी का हल AgroManch पर है। सीधे buyer, सही दाम, 72 घंटे में payment। नीचे दिए steps follow करो और आज ही फायदा उठाओ।",Poll → result tease → value → swipe-up CTA,अपने इलाके के buyers देखो — अभी connect करो,#Maize #Kisan #Kheti #AgroManch #IndianFarmer,Story graphic,06:00 PM,,,
59,04-08-2026,Infographic,Seasonal Countdown,सोयाबीन बुवाई में बस __ दिन बाकी — तैयारी शुरू!,"Seasonal Countdown — सोयाबीन: किसान भाइयों, सरकारी योजना की जानकारी नहीं का हल AgroManch पर है। सीधे buyer, सही दाम, 72 घंटे में payment। नीचे दिए steps follow करो और आज ही फायदा उठाओ।",4-step vertical flow + top title + bottom CTA,रोज़ की मंडी update WhatsApp पर पाओ — join करो,#Soybean #Kisan #Kheti #AgroManch #IndianFarmer,Infographic,09:30 AM,,,
60,05-08-2026,Engagement Post,Profit Reveal,1 एकड़ कपास = ₹__? यकीन नहीं होगा लेकिन सच है,"Profit Reveal — कपास: किसान भाइयों, बाज़ार भाव की जानकारी नहीं का हल AgroManch पर है। सीधे buyer, सही दाम, 72 घंटे में payment। नीचे दिए steps follow करो और आज ही फायदा उठाओ।",सवाल + relatable image + 'comment करो' prompt,share करो ताकि हर किसान तक पहुँचे 🙏,#Cotton #Kisan #Kheti #AgroManch #IndianFarmer,Poster,08:00 PM,,,
61,06-08-2026,Carousel (6-8 slides),Profit Reveal,गन्ना बेचकर इस किसान ने नई गाड़ी खरीदी — राज़ क्या है?,"Profit Reveal — गन्ना: किसान भाइयों, मंडी में कम भाव का हल AgroManch पर है। सीधे buyer, सही दाम, 72 घंटे में payment। नीचे दिए steps follow करो और आज ही फायदा उठाओ।",Slide1 hook → Slide2-6 value points → Slide7 proof → Slide8 CTA,हर हफ्ते नया feature — App update रखो,#Sugarcane #Kisan #Kheti #AgroManch #IndianFarmer,Carousel Cover,12:00 PM,,,
62,07-08-2026,Static Poster,Profit Reveal,मंडी से दोगुना दाम — टमाटर में यह तरीका कोई नहीं बताता,"Profit Reveal — टमाटर: किसान भाइयों, बिचौलियों की लूट का हल AgroManch पर है। सीधे buyer, सही दाम, 72 घंटे में payment। नीचे दिए steps follow करो और आज ही फायदा उठाओ।",बड़ा headline + 1 आँकड़ा + किसान image + CTA bar,"AgroManch पर बेचो, बेहतर margin पाओ 💰",#Tomato #Kisan #Kheti #AgroManch #IndianFarmer,Poster,07:00 PM,,,
63,08-08-2026,Story (3-4 slides),Profit Reveal,₹__ extra हर quintal — प्याज किसान यह गलती मत करना,"Profit Reveal — प्याज: किसान भाइयों, payment में देरी का हल AgroManch पर है। सीधे buyer, सही दाम, 72 घंटे में payment। नीचे दिए steps follow करो और आज ही फायदा उठाओ।",Poll → result tease → value → swipe-up CTA,नीचे link पर tap करो और AgroManch पाओ 📲,#Onion #Kisan #Kheti #AgroManch #IndianFarmer,Story graphic,06:00 PM,,,
64,09-08-2026,Infographic,Mandi Shock,आलू का सही भाव क्या है? मंडी आपको कभी नहीं बताएगी,"Mandi Shock — आलू: किसान भाइयों, फसल में रोग/कीट का हल AgroManch पर है। सीधे buyer, सही दाम, 72 घंटे में payment। नीचे दिए steps follow करो और आज ही फायदा उठाओ।",4-step vertical flow + top title + bottom CTA,"एक बार register, ज़िंदगी भर फायदा — अभी करो",#Potato #Kisan #MandiBhav #AgroManch #IndianFarmer,Infographic,09:30 AM,,,
65,10-08-2026,Engagement Post,Mandi Shock,मिर्च मंडी में ₹__/kg — AgroManch पर ₹__! फर्क देखो 🔴🟢,"Mandi Shock — मिर्च: किसान भाइयों, मौसम का नुकसान का हल AgroManch पर है। सीधे buyer, सही दाम, 72 घंटे में payment। नीचे दिए steps follow करो और आज ही फायदा उठाओ।",सवाल + relatable image + 'comment करो' prompt,अभी फसल list करो — पहली sale आज ही 📲,#Chilli #Kisan #MandiBhav #AgroManch #IndianFarmer,Poster,08:00 PM,,,
66,11-08-2026,Carousel (6-8 slides),Mandi Shock,रुको! सरसों मंडी ले जाने से पहले यह video देखो,"Mandi Shock — सरसों: किसान भाइयों, भंडारण की समस्या का हल AgroManch पर है। सीधे buyer, सही दाम, 72 घंटे में payment। नीचे दिए steps follow करो और आज ही फायदा उठाओ।",Slide1 hook → Slide2-6 value points → Slide7 proof → Slide8 CTA,अपने इलाके के buyers देखो — अभी connect करो,#Mustard #Kisan #MandiBhav #AgroManch #IndianFarmer,Carousel Cover,12:00 PM,,,
67,12-08-2026,Static Poster,Mandi Shock,मंडी में आपका चना ₹__ में बिका — असली कीमत ₹__ थी,"Mandi Shock — चना: किसान भाइयों, transport खर्च का हल AgroManch पर है। सीधे buyer, सही दाम, 72 घंटे में payment। नीचे दिए steps follow करो और आज ही फायदा उठाओ।",बड़ा headline + 1 आँकड़ा + किसान image + CTA bar,रोज़ की मंडी update WhatsApp पर पाओ — join करो,#Gram #Kisan #MandiBhav #AgroManch #IndianFarmer,Poster,07:00 PM,,,
68,13-08-2026,Story (3-4 slides),Crop Emergency Alert,🚨 मूंग किसान alert: यह लक्षण दिखे तो देर मत करना,"Crop Emergency Alert — मूंग: किसान भाइयों, quality grading का हल AgroManch पर है। सीधे buyer, सही दाम, 72 घंटे में payment। नीचे दिए steps follow करो और आज ही फायदा उठाओ।",Poll → result tease → value → swipe-up CTA,share करो ताकि हर किसान तक पहुँचे 🙏,#Moong #Kisan #FasalRog #AgroManch #IndianFarmer,Story graphic,06:00 PM,,,
69,14-08-2026,Infographic,Crop Emergency Alert,पड़ोसी की बाजरा चौपट हो गई — आपकी कैसे बचेगी?,"Crop Emergency Alert — बाजरा: किसान भाइयों, सही buyer नहीं मिलता का हल AgroManch पर है। सीधे buyer, सही दाम, 72 घंटे में payment। नीचे दिए steps follow करो और आज ही फायदा उठाओ।",4-step vertical flow + top title + bottom CTA,हर हफ्ते नया feature — App update रखो,#Bajra #Kisan #FasalRog #AgroManch #IndianFarmer,Infographic,09:30 AM,,,
70,15-08-2026,Engagement Post,Crop Emergency Alert,ज्वार में यह दाग = खतरे की घंटी। इलाज यहाँ देखो,"Crop Emergency Alert — ज्वार: किसान भाइयों, कर्ज़ का बोझ का हल AgroManch पर है। सीधे buyer, सही दाम, 72 घंटे में payment। नीचे दिए steps follow करो और आज ही फायदा उठाओ।",सवाल + relatable image + 'comment करो' prompt,"AgroManch पर बेचो, बेहतर margin पाओ 💰",#Jowar #Kisan #FasalRog #AgroManch #IndianFarmer,Poster,08:00 PM,,,
71,16-08-2026,Carousel (6-8 slides),Crop Emergency Alert,🚨 पंजाब में हल्दी पर रोग फैल रहा — 72 घंटे में यह करो,"Crop Emergency Alert — हल्दी: किसान भाइयों, नकली बीज/खाद का हल AgroManch पर है। सीधे buyer, सही दाम, 72 घंटे में payment। नीचे दिए steps follow करो और आज ही फायदा उठाओ।",Slide1 hook → Slide2-6 value points → Slide7 proof → Slide8 CTA,नीचे link पर tap करो और AgroManch पाओ 📲,#Turmeric #Kisan #FasalRog #AgroManch #IndianFarmer,Carousel Cover,12:00 PM,,,
72,17-08-2026,Static Poster,Farmer Success Story,MP के इस किसान की कहानी आपको रुला देगी,"Farmer Success Story — अदरक: किसान भाइयों, पानी की कमी का हल AgroManch पर है। सीधे buyer, सही दाम, 72 घंटे में payment। नीचे दिए steps follow करो और आज ही फायदा उठाओ।",बड़ा headline + 1 आँकड़ा + किसान image + CTA bar,"एक बार register, ज़िंदगी भर फायदा — अभी करो",#Ginger #Kisan #Kheti #AgroManch #IndianFarmer,Poster,07:00 PM,,,
73,18-08-2026,Story (3-4 slides),Farmer Success Story,कर्ज़ में डूबा किसान — लहसुन ने ज़िंदगी बदल दी,"Farmer Success Story — लहसुन: किसान भाइयों, मजदूरों की कमी का हल AgroManch पर है। सीधे buyer, सही दाम, 72 घंटे में payment। नीचे दिए steps follow करो और आज ही फायदा उठाओ।",Poll → result tease → value → swipe-up CTA,अभी फसल list करो — पहली sale आज ही 📲,#Garlic #Kisan #Kheti #AgroManch #IndianFarmer,Story graphic,06:00 PM,,,
74,19-08-2026,Infographic,Farmer Success Story,"मज़दूरी छोड़ी, केला अपनाई — आज लाखों कमाता है","Farmer Success Story — केला: किसान भाइयों, सरकारी योजना की जानकारी नहीं का हल AgroManch पर है। सीधे buyer, सही दाम, 72 घंटे में payment। नीचे दिए steps follow करो और आज ही फायदा उठाओ।",4-step vertical flow + top title + bottom CTA,अपने इलाके के buyers देखो — अभी connect करो,#Banana #Kisan #Kheti #AgroManch #IndianFarmer,Infographic,09:30 AM,,,
75,20-08-2026,Engagement Post,Farmer Success Story,'मेरे पिता मंडी में लुटते थे — मैंने तरीका बदला',"Farmer Success Story — अनार: किसान भाइयों, बाज़ार भाव की जानकारी नहीं का हल AgroManch पर है। सीधे buyer, सही दाम, 72 घंटे में payment। नीचे दिए steps follow करो और आज ही फायदा उठाओ।",सवाल + relatable image + 'comment करो' prompt,रोज़ की मंडी update WhatsApp पर पाओ — join करो,#Pomegranate #Kisan #Kheti #AgroManch #IndianFarmer,Poster,08:00 PM,,,
76,21-08-2026,Carousel (6-8 slides),Machinery Pride,इस जुगाड़ मशीन ने गुजरात के किसान का खेल बदल दिया,"Machinery Pride — Dragon Fruit: किसान भाइयों, मंडी में कम भाव का हल AgroManch पर है। सीधे buyer, सही दाम, 72 घंटे में payment। नीचे दिए steps follow करो और आज ही फायदा उठाओ।",Slide1 hook → Slide2-6 value points → Slide7 proof → Slide8 CTA,share करो ताकि हर किसान तक पहुँचे 🙏,#DragonFruit #Kisan #Kheti #AgroManch #IndianFarmer,Carousel Cover,12:00 PM,,,
77,22-08-2026,Static Poster,Machinery Pride,यह मशीन स्ट्रॉबेरी की लागत आधी कर देती है 😮,"Machinery Pride — स्ट्रॉबेरी: किसान भाइयों, बिचौलियों की लूट का हल AgroManch पर है। सीधे buyer, सही दाम, 72 घंटे में payment। नीचे दिए steps follow करो और आज ही फायदा उठाओ।",बड़ा headline + 1 आँकड़ा + किसान image + CTA bar,हर हफ्ते नया feature — App update रखो,#Strawberry #Kisan #Kheti #AgroManch #IndianFarmer,Poster,07:00 PM,,,
78,23-08-2026,Story (3-4 slides),Scheme Bomb,NABARD योजना में ₹__ सीधे खाते में — eligibility देखो,"Scheme Bomb — मशरूम: किसान भाइयों, payment में देरी का हल AgroManch पर है। सीधे buyer, सही दाम, 72 घंटे में payment। नीचे दिए steps follow करो और आज ही फायदा उठाओ।",Poll → result tease → value → swipe-up CTA,"AgroManch पर बेचो, बेहतर margin पाओ 💰",#Mushroom #Kisan #SarkariYojana #AgroManch #IndianFarmer,Story graphic,06:00 PM,,,
79,24-08-2026,Infographic,Scheme Bomb,90% किसान Kisan Drone Subsidy का पैसा छोड़ देते हैं — आप मत छोड़ना,"Scheme Bomb — सब्ज़ी: किसान भाइयों, फसल में रोग/कीट का हल AgroManch पर है। सीधे buyer, सही दाम, 72 घंटे में payment। नीचे दिए steps follow करो और आज ही फायदा उठाओ।",4-step vertical flow + top title + bottom CTA,नीचे link पर tap करो और AgroManch पाओ 📲,#Vegetables #Kisan #SarkariYojana #AgroManch #IndianFarmer,Infographic,09:30 AM,,,
80,25-08-2026,Engagement Post,Scheme Bomb,PM-KISAN की last date नज़दीक — आज ही apply करो,"Scheme Bomb — भिंडी: किसान भाइयों, मौसम का नुकसान का हल AgroManch पर है। सीधे buyer, सही दाम, 72 घंटे में payment। नीचे दिए steps follow करो और आज ही फायदा उठाओ।",सवाल + relatable image + 'comment करो' prompt,"एक बार register, ज़िंदगी भर फायदा — अभी करो",#Okra #Kisan #SarkariYojana #AgroManch #IndianFarmer,Poster,08:00 PM,,,
81,26-08-2026,Carousel (6-8 slides),Scheme Bomb,यह document नहीं है तो PMFBY फसल बीमा का पैसा रुक जाएगा,"Scheme Bomb — बैंगन: किसान भाइयों, भंडारण की समस्या का हल AgroManch पर है। सीधे buyer, सही दाम, 72 घंटे में payment। नीचे दिए steps follow करो और आज ही फायदा उठाओ।",Slide1 hook → Slide2-6 value points → Slide7 proof → Slide8 CTA,अभी फसल list करो — पहली sale आज ही 📲,#Brinjal #Kisan #SarkariYojana #AgroManch #IndianFarmer,Carousel Cover,12:00 PM,,,
82,27-08-2026,Static Poster,Jugaad Hack,पुरानी बोतल से फूलगोभी की सिंचाई — step by step,"Jugaad Hack — फूलगोभी: किसान भाइयों, transport खर्च का हल AgroManch पर है। सीधे buyer, सही दाम, 72 घंटे में payment। नीचे दिए steps follow करो और आज ही फायदा उठाओ।",बड़ा headline + 1 आँकड़ा + किसान image + CTA bar,अपने इलाके के buyers देखो — अभी connect करो,#Cauliflower #Kisan #FarmingHacks #AgroManch #IndianFarmer,Poster,07:00 PM,,,
83,28-08-2026,Story (3-4 slides),Jugaad Hack,₹__ में मटर का जुगाड़ — 90% किसान नहीं जानते,"Jugaad Hack — मटर: किसान भाइयों, quality grading का हल AgroManch पर है। सीधे buyer, सही दाम, 72 घंटे में payment। नीचे दिए steps follow करो और आज ही फायदा उठाओ।",Poll → result tease → value → swipe-up CTA,रोज़ की मंडी update WhatsApp पर पाओ — join करो,#Peas #Kisan #FarmingHacks #AgroManch #IndianFarmer,Story graphic,06:00 PM,,,
84,29-08-2026,Infographic,Before / After,6 महीने में यह बदलाव — अरहर किसान ने कैसे किया?,"Before / After — अरहर: किसान भाइयों, सही buyer नहीं मिलता का हल AgroManch पर है। सीधे buyer, सही दाम, 72 घंटे में payment। नीचे दिए steps follow करो और आज ही फायदा उठाओ।",4-step vertical flow + top title + bottom CTA,share करो ताकि हर किसान तक पहुँचे 🙏,#Arhar #Kisan #Kheti #AgroManch #IndianFarmer,Infographic,09:30 AM,,,
85,30-08-2026,Engagement Post,Before / After,बंजर ज़मीन से हरी-भरी मूंगफली — पूरी कहानी,"Before / After — मूंगफली: किसान भाइयों, कर्ज़ का बोझ का हल AgroManch पर है। सीधे buyer, सही दाम, 72 घंटे में payment। नीचे दिए steps follow करो और आज ही फायदा उठाओ।",सवाल + relatable image + 'comment करो' prompt,हर हफ्ते नया feature — App update रखो,#Groundnut #Kisan #Kheti #AgroManch #IndianFarmer,Poster,08:00 PM,,,
86,31-08-2026,Carousel (6-8 slides),Mahila Kisan,गाँव की महिलाओं ने गेहूं से बदली किस्मत,"Mahila Kisan — गेहूं: किसान भाइयों, नकली बीज/खाद का हल AgroManch पर है। सीधे buyer, सही दाम, 72 घंटे में payment। नीचे दिए steps follow करो और आज ही फायदा उठाओ।",Slide1 hook → Slide2-6 value points → Slide7 proof → Slide8 CTA,"AgroManch पर बेचो, बेहतर margin पाओ 💰",#Wheat #Kisan #MahilaKisan #AgroManch #IndianFarmer,Carousel Cover,12:00 PM,,,
87,01-09-2026,Static Poster,Mahila Kisan,महिला किसान + AgroManch = ₹__ सालाना income,"Mahila Kisan — धान: किसान भाइयों, पानी की कमी का हल AgroManch पर है। सीधे buyer, सही दाम, 72 घंटे में payment। नीचे दिए steps follow करो और आज ही फायदा उठाओ।",बड़ा headline + 1 आँकड़ा + किसान image + CTA bar,नीचे link पर tap करो और AgroManch पाओ 📲,#Paddy #Kisan #MahilaKisan #AgroManch #IndianFarmer,Poster,07:00 PM,,,
88,02-09-2026,Story (3-4 slides),Mahila Kisan,खेती सिर्फ मर्दों का काम? यह महिला गलत साबित करती है,"Mahila Kisan — मक्का: किसान भाइयों, मजदूरों की कमी का हल AgroManch पर है। सीधे buyer, सही दाम, 72 घंटे में payment। नीचे दिए steps follow करो और आज ही फायदा उठाओ।",Poll → result tease → value → swipe-up CTA,"एक बार register, ज़िंदगी भर फायदा — अभी करो",#Maize #Kisan #MahilaKisan #AgroManch #IndianFarmer,Story graphic,06:00 PM,,,
89,03-09-2026,Infographic,Mahila Kisan,'अकेले 3 एकड़ सोयाबीन संभाला' — रेखा देवी की कहानी,"Mahila Kisan — सोयाबीन: किसान भाइयों, सरकारी योजना की जानकारी नहीं का हल AgroManch पर है। सीधे buyer, सही दाम, 72 घंटे में payment। नीचे दिए steps follow करो और आज ही फायदा उठाओ।",4-step vertical flow + top title + bottom CTA,अभी फसल list करो — पहली sale आज ही 📲,#Soybean #Kisan #MahilaKisan #AgroManch #IndianFarmer,Infographic,09:30 AM,,,
90,04-09-2026,Engagement Post,Weather Emergency,बारिश से पहले कपास में यह करना ज़रूरी है,"Weather Emergency — कपास: किसान भाइयों, बाज़ार भाव की जानकारी नहीं का हल AgroManch पर है। सीधे buyer, सही दाम, 72 घंटे में payment। नीचे दिए steps follow करो और आज ही फायदा उठाओ।",सवाल + relatable image + 'comment करो' prompt,अपने इलाके के buyers देखो — अभी connect करो,#Cotton #Kisan #MausamAlert #AgroManch #IndianFarmer,Poster,08:00 PM,,,
91,05-09-2026,Carousel (6-8 slides),Weather Emergency,ओलावृष्टि का खतरा — गन्ना किसान तुरंत यह करो,"Weather Emergency — गन्ना: किसान भाइयों, मंडी में कम भाव का हल AgroManch पर है। सीधे buyer, सही दाम, 72 घंटे में payment। नीचे दिए steps follow करो और आज ही फायदा उठाओ।",Slide1 hook → Slide2-6 value points → Slide7 proof → Slide8 CTA,रोज़ की मंडी update WhatsApp पर पाओ — join करो,#Sugarcane #Kisan #MausamAlert #AgroManch #IndianFarmer,Carousel Cover,12:00 PM,,,
92,06-09-2026,Static Poster,Weather Emergency,🚨 तूफान आ रहा है — खड़ी टमाटर कैसे बचाएँ?,"Weather Emergency — टमाटर: किसान भाइयों, बिचौलियों की लूट का हल AgroManch पर है। सीधे buyer, सही दाम, 72 घंटे में payment। नीचे दिए steps follow करो और आज ही फायदा उठाओ।",बड़ा headline + 1 आँकड़ा + किसान image + CTA bar,share करो ताकि हर किसान तक पहुँचे 🙏,#Tomato #Kisan #MausamAlert #AgroManch #IndianFarmer,Poster,07:00 PM,,,
93,07-09-2026,Story (3-4 slides),Weather Emergency,मौसम बदलते ही प्याज पर यह असर — तैयार रहो,"Weather Emergency — प्याज: किसान भाइयों, payment में देरी का हल AgroManch पर है। सीधे buyer, सही दाम, 72 घंटे में payment। नीचे दिए steps follow करो और आज ही फायदा उठाओ।",Poll → result tease → value → swipe-up CTA,हर हफ्ते नया feature — App update रखो,#Onion #Kisan #MausamAlert #AgroManch #IndianFarmer,Story graphic,06:00 PM,,,
94,08-09-2026,Infographic,Myth Buster,सालों से गलत कर रहे हो? आलू की सच्चाई यहाँ,"Myth Buster — आलू: किसान भाइयों, फसल में रोग/कीट का हल AgroManch पर है। सीधे buyer, सही दाम, 72 घंटे में payment। नीचे दिए steps follow करो और आज ही फायदा उठाओ।",4-step vertical flow + top title + bottom CTA,"AgroManch पर बेचो, बेहतर margin पाओ 💰",#Potato #Kisan #Kheti #AgroManch #IndianFarmer,Infographic,09:30 AM,,,
95,09-09-2026,Engagement Post,Profit Calculator,मिर्च में 1 एकड़ = कितना मुनाफा? पूरा हिसाब,"Profit Calculator — मिर्च: किसान भाइयों, मौसम का नुकसान का हल AgroManch पर है। सीधे buyer, सही दाम, 72 घंटे में payment। नीचे दिए steps follow करो और आज ही फायदा उठाओ।",सवाल + relatable image + 'comment करो' prompt,नीचे link पर tap करो और AgroManch पाओ 📲,#Chilli #Kisan #KhetiProfit #AgroManch #IndianFarmer,Poster,08:00 PM,,,
96,10-09-2026,Carousel (6-8 slides),Profit Calculator,"लागत ₹__, कमाई ₹__ — सरसों का गणित समझो","Profit Calculator — सरसों: किसान भाइयों, भंडारण की समस्या का हल AgroManch पर है। सीधे buyer, सही दाम, 72 घंटे में payment। नीचे दिए steps follow करो और आज ही फायदा उठाओ।",Slide1 hook → Slide2-6 value points → Slide7 proof → Slide8 CTA,"एक बार register, ज़िंदगी भर फायदा — अभी करो",#Mustard #Kisan #KhetiProfit #AgroManch #IndianFarmer,Carousel Cover,12:00 PM,,,
97,11-09-2026,Static Poster,Profit Calculator,चना बोने से पहले यह calculation ज़रूर देखो,"Profit Calculator — चना: किसान भाइयों, transport खर्च का हल AgroManch पर है। सीधे buyer, सही दाम, 72 घंटे में payment। नीचे दिए steps follow करो और आज ही फायदा उठाओ।",बड़ा headline + 1 आँकड़ा + किसान image + CTA bar,अभी फसल list करो — पहली sale आज ही 📲,#Gram #Kisan #KhetiProfit #AgroManch #IndianFarmer,Poster,07:00 PM,,,
98,12-09-2026,Story (3-4 slides),Profit Calculator,कौन सी फसल ज़्यादा देगी? मूंग बनाम बाकी,"Profit Calculator — मूंग: किसान भाइयों, quality grading का हल AgroManch पर है। सीधे buyer, सही दाम, 72 घंटे में payment। नीचे दिए steps follow करो और आज ही फायदा उठाओ।",Poll → result tease → value → swipe-up CTA,अपने इलाके के buyers देखो — अभी connect करो,#Moong #Kisan #KhetiProfit #AgroManch #IndianFarmer,Story graphic,06:00 PM,,,
99,13-09-2026,Infographic,Field Interview,UP का यह किसान बाजरा पर बेबाक बोला,"Field Interview — बाजरा: किसान भाइयों, सही buyer नहीं मिलता का हल AgroManch पर है। सीधे buyer, सही दाम, 72 घंटे में payment। नीचे दिए steps follow करो और आज ही फायदा उठाओ।",4-step vertical flow + top title + bottom CTA,रोज़ की मंडी update WhatsApp पर पाओ — join करो,#Bajra #Kisan #Kheti #AgroManch #IndianFarmer,Infographic,09:30 AM,,,
100,14-09-2026,Engagement Post,Field Interview,कैमरे के सामने किसान ने खोले ज्वार के राज़,"Field Interview — ज्वार: किसान भाइयों, कर्ज़ का बोझ का हल AgroManch पर है। सीधे buyer, सही दाम, 72 घंटे में payment। नीचे दिए steps follow करो और आज ही फायदा उठाओ।",सवाल + relatable image + 'comment करो' prompt,share करो ताकि हर किसान तक पहुँचे 🙏,#Jowar #Kisan #Kheti #AgroManch #IndianFarmer,Poster,08:00 PM,,,
101,15-09-2026,Carousel (6-8 slides),Old vs New,हल्दी बेचने का पुराना तरीका vs AgroManch — 5 घंटे vs 5 मिनट,"Old vs New — हल्दी: किसान भाइयों, नकली बीज/खाद का हल AgroManch पर है। सीधे buyer, सही दाम, 72 घंटे में payment। नीचे दिए steps follow करो और आज ही फायदा उठाओ।",Slide1 hook → Slide2-6 value points → Slide7 proof → Slide8 CTA,हर हफ्ते नया feature — App update रखो,#Turmeric #Kisan #Kheti #AgroManch #IndianFarmer,Carousel Cover,12:00 PM,,,
102,16-09-2026,Static Poster,Old vs New,बैलगाड़ी से ड्रोन तक — अदरक खेती कितनी बदली,"Old vs New — अदरक: किसान भाइयों, पानी की कमी का हल AgroManch पर है। सीधे buyer, सही दाम, 72 घंटे में payment। नीचे दिए steps follow करो और आज ही फायदा उठाओ।",बड़ा headline + 1 आँकड़ा + किसान image + CTA bar,"AgroManch पर बेचो, बेहतर margin पाओ 💰",#Ginger #Kisan #Kheti #AgroManch #IndianFarmer,Poster,07:00 PM,,,
103,17-09-2026,Story (3-4 slides),Hidden Crop,विदेश में इस फसल की भारी मांग — आप क्यों चूक रहे?,"Hidden Crop — लहसुन: किसान भाइयों, मजदूरों की कमी का हल AgroManch पर है। सीधे buyer, सही दाम, 72 घंटे में payment। नीचे दिए steps follow करो और आज ही फायदा उठाओ।",Poll → result tease → value → swipe-up CTA,नीचे link पर tap करो और AgroManch पाओ 📲,#Garlic #Kisan #ProfitableFarming #AgroManch #IndianFarmer,Story graphic,06:00 PM,,,
104,18-09-2026,Infographic,Hidden Crop,"कम पानी, ज़्यादा दाम — यह छुपी फसल जानो","Hidden Crop — केला: किसान भाइयों, सरकारी योजना की जानकारी नहीं का हल AgroManch पर है। सीधे buyer, सही दाम, 72 घंटे में payment। नीचे दिए steps follow करो और आज ही फायदा उठाओ।",4-step vertical flow + top title + bottom CTA,"एक बार register, ज़िंदगी भर फायदा — अभी करो",#Banana #Kisan #ProfitableFarming #AgroManch #IndianFarmer,Infographic,09:30 AM,,,
105,19-09-2026,Engagement Post,Hidden Crop,1 एकड़ में ₹__ — यह फसल कोई नहीं बताता,"Hidden Crop — अनार: किसान भाइयों, बाज़ार भाव की जानकारी नहीं का हल AgroManch पर है। सीधे buyer, सही दाम, 72 घंटे में payment। नीचे दिए steps follow करो और आज ही फायदा उठाओ।",सवाल + relatable image + 'comment करो' prompt,अभी फसल list करो — पहली sale आज ही 📲,#Pomegranate #Kisan #ProfitableFarming #AgroManch #IndianFarmer,Poster,08:00 PM,,,
106,20-09-2026,Carousel (6-8 slides),Hidden Crop,AgroManch पर इस फसल के __ buyers इंतज़ार में हैं,"Hidden Crop — Dragon Fruit: किसान भाइयों, मंडी में कम भाव का हल AgroManch पर है। सीधे buyer, सही दाम, 72 घंटे में payment। नीचे दिए steps follow करो और आज ही फायदा उठाओ।",Slide1 hook → Slide2-6 value points → Slide7 proof → Slide8 CTA,अपने इलाके के buyers देखो — अभी connect करो,#DragonFruit #Kisan #ProfitableFarming #AgroManch #IndianFarmer,Carousel Cover,12:00 PM,,,
107,21-09-2026,Static Poster,Tech Tutorial,AgroManch पर स्ट्रॉबेरी list करो — 5 मिनट tutorial,"Tech Tutorial — स्ट्रॉबेरी: किसान भाइयों, बिचौलियों की लूट का हल AgroManch पर है। सीधे buyer, सही दाम, 72 घंटे में payment। नीचे दिए steps follow करो और आज ही फायदा उठाओ।",बड़ा headline + 1 आँकड़ा + किसान image + CTA bar,रोज़ की मंडी update WhatsApp पर पाओ — join करो,#Strawberry #Kisan #DigitalKisan #AgroManch #IndianFarmer,Poster,07:00 PM,,,
108,22-09-2026,Story (3-4 slides),Tech Tutorial,पहली बार App इस्तेमाल कर रहे? यह देखो — आसान है,"Tech Tutorial — मशरूम: किसान भाइयों, payment में देरी का हल AgroManch पर है। सीधे buyer, सही दाम, 72 घंटे में payment। नीचे दिए steps follow करो और आज ही फायदा उठाओ।",Poll → result tease → value → swipe-up CTA,share करो ताकि हर किसान तक पहुँचे 🙏,#Mushroom #Kisan #DigitalKisan #AgroManch #IndianFarmer,Story graphic,06:00 PM,,,
109,23-09-2026,Infographic,Tech Tutorial,सब्ज़ी की photo कैसे डालें कि ज़्यादा दाम मिले,"Tech Tutorial — सब्ज़ी: किसान भाइयों, फसल में रोग/कीट का हल AgroManch पर है। सीधे buyer, सही दाम, 72 घंटे में payment। नीचे दिए steps follow करो और आज ही फायदा उठाओ।",4-step vertical flow + top title + bottom CTA,हर हफ्ते नया feature — App update रखो,#Vegetables #Kisan #DigitalKisan #AgroManch #IndianFarmer,Infographic,09:30 AM,,,
110,24-09-2026,Engagement Post,Tech Tutorial,App पर payment कैसे आता है? step by step Hindi में,"Tech Tutorial — भिंडी: किसान भाइयों, मौसम का नुकसान का हल AgroManch पर है। सीधे buyer, सही दाम, 72 घंटे में payment। नीचे दिए steps follow करो और आज ही फायदा उठाओ।",सवाल + relatable image + 'comment करो' prompt,"AgroManch पर बेचो, बेहतर margin पाओ 💰",#Okra #Kisan #DigitalKisan #AgroManch #IndianFarmer,Poster,08:00 PM,,,
111,25-09-2026,Carousel (6-8 slides),Award / Recognition,आपका नाम भी यहाँ हो सकता है — nominate करो,"Award / Recognition — बैंगन: किसान भाइयों, भंडारण की समस्या का हल AgroManch पर है। सीधे buyer, सही दाम, 72 घंटे में payment। नीचे दिए steps follow करो और आज ही फायदा उठाओ।",Slide1 hook → Slide2-6 value points → Slide7 proof → Slide8 CTA,नीचे link पर tap करो और AgroManch पाओ 📲,#Brinjal #Kisan #Kheti #AgroManch #IndianFarmer,Carousel Cover,12:00 PM,,,
112,26-09-2026,Static Poster,Regional Language,घर जैसी भाषा में फूलगोभी का गुर — पंजाबी में,"Regional Language — फूलगोभी: किसान भाइयों, transport खर्च का हल AgroManch पर है। सीधे buyer, सही दाम, 72 घंटे में payment। नीचे दिए steps follow करो और आज ही फायदा उठाओ।",बड़ा headline + 1 आँकड़ा + किसान image + CTA bar,"एक बार register, ज़िंदगी भर फायदा — अभी करो",#Cauliflower #Kisan #Bhojpuri #AgroManch #IndianFarmer,Poster,07:00 PM,,,
113,27-09-2026,Story (3-4 slides),Regional Language,किसान भाई — आज मराठी में मटर की बात,"Regional Language — मटर: किसान भाइयों, quality grading का हल AgroManch पर है। सीधे buyer, सही दाम, 72 घंटे में payment। नीचे दिए steps follow करो और आज ही फायदा उठाओ।",Poll → result tease → value → swipe-up CTA,अभी फसल list करो — पहली sale आज ही 📲,#Peas #Kisan #Bhojpuri #AgroManch #IndianFarmer,Story graphic,06:00 PM,,,
114,28-09-2026,Infographic,Regional Language,हरियाणवी में सुनो: AgroManch पर अरहर कैसे बेचें,"Regional Language — अरहर: किसान भाइयों, सही buyer नहीं मिलता का हल AgroManch पर है। सीधे buyer, सही दाम, 72 घंटे में payment। नीचे दिए steps follow करो और आज ही फायदा उठाओ।",4-step vertical flow + top title + bottom CTA,अपने इलाके के buyers देखो — अभी connect करो,#Arhar #Kisan #Bhojpuri #AgroManch #IndianFarmer,Infographic,09:30 AM,,,
115,29-09-2026,Engagement Post,Regional Language,अपनी भाषा में खेती की पूरी जानकारी — मगही,"Regional Language — मूंगफली: किसान भाइयों, कर्ज़ का बोझ का हल AgroManch पर है। सीधे buyer, सही दाम, 72 घंटे में payment। नीचे दिए steps follow करो और आज ही फायदा उठाओ।",सवाल + relatable image + 'comment करो' prompt,रोज़ की मंडी update WhatsApp पर पाओ — join करो,#Groundnut #Kisan #Bhojpuri #AgroManch #IndianFarmer,Poster,08:00 PM,,,
116,30-09-2026,Carousel (6-8 slides),Community Debate,मंडी बनाम App — आप किसके साथ हो? Vote करो,"Community Debate — गेहूं: किसान भाइयों, नकली बीज/खाद का हल AgroManch पर है। सीधे buyer, सही दाम, 72 घंटे में payment। नीचे दिए steps follow करो और आज ही फायदा उठाओ।",Slide1 hook → Slide2-6 value points → Slide7 proof → Slide8 CTA,share करो ताकि हर किसान तक पहुँचे 🙏,#Wheat #Kisan #Kheti #AgroManch #IndianFarmer,Carousel Cover,12:00 PM,,,
117,01-10-2026,Static Poster,Community Debate,किसान की सबसे बड़ी समस्या? आपकी आवाज़ चाहिए,"Community Debate — धान: किसान भाइयों, पानी की कमी का हल AgroManch पर है। सीधे buyer, सही दाम, 72 घंटे में payment। नीचे दिए steps follow करो और आज ही फायदा उठाओ।",बड़ा headline + 1 आँकड़ा + किसान image + CTA bar,हर हफ्ते नया feature — App update रखो,#Paddy #Kisan #Kheti #AgroManch #IndianFarmer,Poster,07:00 PM,,,
118,02-10-2026,Story (3-4 slides),Seasonal Countdown,देर मत करो — मक्का की सही timing निकल रही है,"Seasonal Countdown — मक्का: किसान भाइयों, मजदूरों की कमी का हल AgroManch पर है। सीधे buyer, सही दाम, 72 घंटे में payment। नीचे दिए steps follow करो और आज ही फायदा उठाओ।",Poll → result tease → value → swipe-up CTA,"AgroManch पर बेचो, बेहतर margin पाओ 💰",#Maize #Kisan #Kheti #AgroManch #IndianFarmer,Story graphic,06:00 PM,,,
119,03-10-2026,Infographic,Seasonal Countdown,सोयाबीन बुवाई में बस __ दिन बाकी — तैयारी शुरू!,"Seasonal Countdown — सोयाबीन: किसान भाइयों, सरकारी योजना की जानकारी नहीं का हल AgroManch पर है। सीधे buyer, सही दाम, 72 घंटे में payment। नीचे दिए steps follow करो और आज ही फायदा उठाओ।",4-step vertical flow + top title + bottom CTA,नीचे link पर tap करो और AgroManch पाओ 📲,#Soybean #Kisan #Kheti #AgroManch #IndianFarmer,Infographic,09:30 AM,,,
120,04-10-2026,Engagement Post,Seasonal Countdown,कपास बेचने का सही समय आ रहा — भाव बढ़ेंगे,"Seasonal Countdown — कपास: किसान भाइयों, बाज़ार भाव की जानकारी नहीं का हल AgroManch पर है। सीधे buyer, सही दाम, 72 घंटे में payment। नीचे दिए steps follow करो और आज ही फायदा उठाओ।",सवाल + relatable image + 'comment करो' prompt,"एक बार register, ज़िंदगी भर फायदा — अभी करो",#Cotton #Kisan #Kheti #AgroManch #IndianFarmer,Poster,08:00 PM,,,
121,05-10-2026,Carousel (6-8 slides),Seasonal Countdown,मौसम बदल रहा — गन्ना के लिए यह आखिरी मौका,"Seasonal Countdown — गन्ना: किसान भाइयों, मंडी में कम भाव का हल AgroManch पर है। सीधे buyer, सही दाम, 72 घंटे में payment। नीचे दिए steps follow करो और आज ही फायदा उठाओ।",Slide1 hook → Slide2-6 value points → Slide7 proof → Slide8 CTA,अभी फसल list करो — पहली sale आज ही 📲,#Sugarcane #Kisan #Kheti #AgroManch #IndianFarmer,Carousel Cover,12:00 PM,,,
122,06-10-2026,Static Poster,Profit Reveal,मंडी से दोगुना दाम — टमाटर में यह तरीका कोई नहीं बताता,"Profit Reveal — टमाटर: किसान भाइयों, बिचौलियों की लूट का हल AgroManch पर है। सीधे buyer, सही दाम, 72 घंटे में payment। नीचे दिए steps follow करो और आज ही फायदा उठाओ।",बड़ा headline + 1 आँकड़ा + किसान image + CTA bar,अपने इलाके के buyers देखो — अभी connect करो,#Tomato #Kisan #Kheti #AgroManch #IndianFarmer,Poster,07:00 PM,,,
123,07-10-2026,Story (3-4 slides),Profit Reveal,₹__ extra हर quintal — प्याज किसान यह गलती मत करना,"Profit Reveal — प्याज: किसान भाइयों, payment में देरी का हल AgroManch पर है। सीधे buyer, सही दाम, 72 घंटे में payment। नीचे दिए steps follow करो और आज ही फायदा उठाओ।",Poll → result tease → value → swipe-up CTA,रोज़ की मंडी update WhatsApp पर पाओ — join करो,#Onion #Kisan #Kheti #AgroManch #IndianFarmer,Story graphic,06:00 PM,,,
124,08-10-2026,Infographic,Profit Reveal,गाँव वाले हँसते थे — आज आलू से सबसे ज़्यादा कमाता है,"Profit Reveal — आलू: किसान भाइयों, फसल में रोग/कीट का हल AgroManch पर है। सीधे buyer, सही दाम, 72 घंटे में payment। नीचे दिए steps follow करो और आज ही फायदा उठाओ।",4-step vertical flow + top title + bottom CTA,share करो ताकि हर किसान तक पहुँचे 🙏,#Potato #Kisan #Kheti #AgroManch #IndianFarmer,Infographic,09:30 AM,,,
125,09-10-2026,Engagement Post,Profit Reveal,इस किसान ने मिर्च से ₹__ लाख कमाए — कैसे? पूरा हिसाब देखो,"Profit Reveal — मिर्च: किसान भाइयों, मौसम का नुकसान का हल AgroManch पर है। सीधे buyer, सही दाम, 72 घंटे में payment। नीचे दिए steps follow करो और आज ही फायदा उठाओ।",सवाल + relatable image + 'comment करो' prompt,हर हफ्ते नया feature — App update रखो,#Chilli #Kisan #Kheti #AgroManch #IndianFarmer,Poster,08:00 PM,,,
126,10-10-2026,Carousel (6-8 slides),Mandi Shock,रुको! सरसों मंडी ले जाने से पहले यह video देखो,"Mandi Shock — सरसों: किसान भाइयों, भंडारण की समस्या का हल AgroManch पर है। सीधे buyer, सही दाम, 72 घंटे में payment। नीचे दिए steps follow करो और आज ही फायदा उठाओ।",Slide1 hook → Slide2-6 value points → Slide7 proof → Slide8 CTA,"AgroManch पर बेचो, बेहतर margin पाओ 💰",#Mustard #Kisan #MandiBhav #AgroManch #IndianFarmer,Carousel Cover,12:00 PM,,,
127,11-10-2026,Static Poster,Mandi Shock,मंडी में आपका चना ₹__ में बिका — असली कीमत ₹__ थी,"Mandi Shock — चना: किसान भाइयों, transport खर्च का हल AgroManch पर है। सीधे buyer, सही दाम, 72 घंटे में payment। नीचे दिए steps follow करो और आज ही फायदा उठाओ।",बड़ा headline + 1 आँकड़ा + किसान image + CTA bar,नीचे link पर tap करो और AgroManch पाओ 📲,#Gram #Kisan #MandiBhav #AgroManch #IndianFarmer,Poster,07:00 PM,,,
128,12-10-2026,Story (3-4 slides),Mandi Shock,7 बिचौलिए आपके मूंग का मुनाफा खा रहे हैं — proof देखो,"Mandi Shock — मूंग: किसान भाइयों, quality grading का हल AgroManch पर है। सीधे buyer, सही दाम, 72 घंटे में payment। नीचे दिए steps follow करो और आज ही फायदा उठाओ।",Poll → result tease → value → swipe-up CTA,"एक बार register, ज़िंदगी भर फायदा — अभी करो",#Moong #Kisan #MandiBhav #AgroManch #IndianFarmer,Story graphic,06:00 PM,,,
129,13-10-2026,Infographic,Mandi Shock,मंडी की पर्ची दिखाता हूँ — बाजरा पर कितनी लूट हुई,"Mandi Shock — बाजरा: किसान भाइयों, सही buyer नहीं मिलता का हल AgroManch पर है। सीधे buyer, सही दाम, 72 घंटे में payment। नीचे दिए steps follow करो और आज ही फायदा उठाओ।",4-step vertical flow + top title + bottom CTA,अभी फसल list करो — पहली sale आज ही 📲,#Bajra #Kisan #MandiBhav #AgroManch #IndianFarmer,Infographic,09:30 AM,,,
130,14-10-2026,Engagement Post,Crop Emergency Alert,ज्वार में यह दाग = खतरे की घंटी। इलाज यहाँ देखो,"Crop Emergency Alert — ज्वार: किसान भाइयों, कर्ज़ का बोझ का हल AgroManch पर है। सीधे buyer, सही दाम, 72 घंटे में payment। नीचे दिए steps follow करो और आज ही फायदा उठाओ।",सवाल + relatable image + 'comment करो' prompt,अपने इलाके के buyers देखो — अभी connect करो,#Jowar #Kisan #FasalRog #AgroManch #IndianFarmer,Poster,08:00 PM,,,
131,15-10-2026,Carousel (6-8 slides),Crop Emergency Alert,🚨 पंजाब में हल्दी पर रोग फैल रहा — 72 घंटे में यह करो,"Crop Emergency Alert — हल्दी: किसान भाइयों, नकली बीज/खाद का हल AgroManch पर है। सीधे buyer, सही दाम, 72 घंटे में payment। नीचे दिए steps follow करो और आज ही फायदा उठाओ।",Slide1 hook → Slide2-6 value points → Slide7 proof → Slide8 CTA,रोज़ की मंडी update WhatsApp पर पाओ — join करो,#Turmeric #Kisan #FasalRog #AgroManch #IndianFarmer,Carousel Cover,12:00 PM,,,
132,16-10-2026,Static Poster,Crop Emergency Alert,आपकी अदरक की पत्तियाँ ऐसी हैं? तुरंत रुको और देखो,"Crop Emergency Alert — अदरक: किसान भाइयों, पानी की कमी का हल AgroManch पर है। सीधे buyer, सही दाम, 72 घंटे में payment। नीचे दिए steps follow करो और आज ही फायदा उठाओ।",बड़ा headline + 1 आँकड़ा + किसान image + CTA bar,share करो ताकि हर किसान तक पहुँचे 🙏,#Ginger #Kisan #FasalRog #AgroManch #IndianFarmer,Poster,07:00 PM,,,
133,17-10-2026,Story (3-4 slides),Crop Emergency Alert,एक हफ्ते में पूरी लहसुन बर्बाद — यह कीट पहचानो,"Crop Emergency Alert — लहसुन: किसान भाइयों, मजदूरों की कमी का हल AgroManch पर है। सीधे buyer, सही दाम, 72 घंटे में payment। नीचे दिए steps follow करो और आज ही फायदा उठाओ।",Poll → result tease → value → swipe-up CTA,हर हफ्ते नया feature — App update रखो,#Garlic #Kisan #FasalRog #AgroManch #IndianFarmer,Story graphic,06:00 PM,,,
134,18-10-2026,Infographic,Farmer Success Story,"मज़दूरी छोड़ी, केला अपनाई — आज लाखों कमाता है","Farmer Success Story — केला: किसान भाइयों, सरकारी योजना की जानकारी नहीं का हल AgroManch पर है। सीधे buyer, सही दाम, 72 घंटे में payment। नीचे दिए steps follow करो और आज ही फायदा उठाओ।",4-step vertical flow + top title + bottom CTA,"AgroManch पर बेचो, बेहतर margin पाओ 💰",#Banana #Kisan #Kheti #AgroManch #IndianFarmer,Infographic,09:30 AM,,,
135,19-10-2026,Engagement Post,Farmer Success Story,'मेरे पिता मंडी में लुटते थे — मैंने तरीका बदला',"Farmer Success Story — अनार: किसान भाइयों, बाज़ार भाव की जानकारी नहीं का हल AgroManch पर है। सीधे buyer, सही दाम, 72 घंटे में payment। नीचे दिए steps follow करो और आज ही फायदा उठाओ।",सवाल + relatable image + 'comment करो' prompt,नीचे link पर tap करो और AgroManch पाओ 📲,#Pomegranate #Kisan #Kheti #AgroManch #IndianFarmer,Poster,08:00 PM,,,
136,20-10-2026,Carousel (6-8 slides),Farmer Success Story,500 किसानों ने यह किया — नतीजा देखकर चौंक जाओगे,"Farmer Success Story — Dragon Fruit: किसान भाइयों, मंडी में कम भाव का हल AgroManch पर है। सीधे buyer, सही दाम, 72 घंटे में payment। नीचे दिए steps follow करो और आज ही फायदा उठाओ।",Slide1 hook → Slide2-6 value points → Slide7 proof → Slide8 CTA,"एक बार register, ज़िंदगी भर फायदा — अभी करो",#DragonFruit #Kisan #Kheti #AgroManch #IndianFarmer,Carousel Cover,12:00 PM,,,
137,21-10-2026,Static Poster,Farmer Success Story,'पहले डर था online बेचने का — आज स्ट्रॉबेरी से खुशी है',"Farmer Success Story — स्ट्रॉबेरी: किसान भाइयों, बिचौलियों की लूट का हल AgroManch पर है। सीधे buyer, सही दाम, 72 घंटे में payment। नीचे दिए steps follow करो और आज ही फायदा उठाओ।",बड़ा headline + 1 आँकड़ा + किसान image + CTA bar,अभी फसल list करो — पहली sale आज ही 📲,#Strawberry #Kisan #Kheti #AgroManch #IndianFarmer,Poster,07:00 PM,,,
138,22-10-2026,Story (3-4 slides),Machinery Pride,₹__ की यह मशीन 10 मज़दूरों का काम करती है,"Machinery Pride — मशरूम: किसान भाइयों, payment में देरी का हल AgroManch पर है। सीधे buyer, सही दाम, 72 घंटे में payment। नीचे दिए steps follow करो और आज ही फायदा उठाओ।",Poll → result tease → value → swipe-up CTA,अपने इलाके के buyers देखो — अभी connect करो,#Mushroom #Kisan #Kheti #AgroManch #IndianFarmer,Story graphic,06:00 PM,,,
139,23-10-2026,Infographic,Machinery Pride,सब्ज़ी की कटाई अब 1 घंटे में — कैसे? देखो,"Machinery Pride — सब्ज़ी: किसान भाइयों, फसल में रोग/कीट का हल AgroManch पर है। सीधे buyer, सही दाम, 72 घंटे में payment। नीचे दिए steps follow करो और आज ही फायदा उठाओ।",4-step vertical flow + top title + bottom CTA,रोज़ की मंडी update WhatsApp पर पाओ — join करो,#Vegetables #Kisan #Kheti #AgroManch #IndianFarmer,Infographic,09:30 AM,,,
140,24-10-2026,Engagement Post,Scheme Bomb,PM-KISAN की last date नज़दीक — आज ही apply करो,"Scheme Bomb — भिंडी: किसान भाइयों, मौसम का नुकसान का हल AgroManch पर है। सीधे buyer, सही दाम, 72 घंटे में payment। नीचे दिए steps follow करो और आज ही फायदा उठाओ।",सवाल + relatable image + 'comment करो' prompt,share करो ताकि हर किसान तक पहुँचे 🙏,#Okra #Kisan #SarkariYojana #AgroManch #IndianFarmer,Poster,08:00 PM,,,
141,25-10-2026,Carousel (6-8 slides),Scheme Bomb,यह document नहीं है तो PMFBY फसल बीमा का पैसा रुक जाएगा,"Scheme Bomb — बैंगन: किसान भाइयों, भंडारण की समस्या का हल AgroManch पर है। सीधे buyer, सही दाम, 72 घंटे में payment। नीचे दिए steps follow करो और आज ही फायदा उठाओ।",Slide1 hook → Slide2-6 value points → Slide7 proof → Slide8 CTA,हर हफ्ते नया feature — App update रखो,#Brinjal #Kisan #SarkariYojana #AgroManch #IndianFarmer,Carousel Cover,12:00 PM,,,
142,26-10-2026,Static Poster,Scheme Bomb,KCC (Kisan Credit Card) + फूलगोभी = डबल फायदा। पूरी जानकारी यहाँ,"Scheme Bomb — फूलगोभी: किसान भाइयों, transport खर्च का हल AgroManch पर है। सीधे buyer, सही दाम, 72 घंटे में payment। नीचे दिए steps follow करो और आज ही फायदा उठाओ।",बड़ा headline + 1 आँकड़ा + किसान image + CTA bar,"AgroManch पर बेचो, बेहतर margin पाओ 💰",#Cauliflower #Kisan #SarkariYojana #AgroManch #IndianFarmer,Poster,07:00 PM,,,
143,27-10-2026,Story (3-4 slides),Scheme Bomb,"🚨 PM-KUSUM सोलर — किस्त आ रही है, status अभी check करो!","Scheme Bomb — मटर: किसान भाइयों, quality grading का हल AgroManch पर है। सीधे buyer, सही दाम, 72 घंटे में payment। नीचे दिए steps follow करो और आज ही फायदा उठाओ।",Poll → result tease → value → swipe-up CTA,नीचे link पर tap करो और AgroManch पाओ 📲,#Peas #Kisan #SarkariYojana #AgroManch #IndianFarmer,Story graphic,06:00 PM,,,
144,28-10-2026,Infographic,Jugaad Hack,बिना खर्च अरहर की पैदावार दोगुनी — यह trick देखो,"Jugaad Hack — अरहर: किसान भाइयों, सही buyer नहीं मिलता का हल AgroManch पर है। सीधे buyer, सही दाम, 72 घंटे में payment। नीचे दिए steps follow करो और आज ही फायदा उठाओ।",4-step vertical flow + top title + bottom CTA,"एक बार register, ज़िंदगी भर फायदा — अभी करो",#Arhar #Kisan #FarmingHacks #AgroManch #IndianFarmer,Infographic,09:30 AM,,,
145,29-10-2026,Engagement Post,Jugaad Hack,घर की चीज़ों से मूंगफली की सुरक्षा — कमाल का जुगाड़,"Jugaad Hack — मूंगफली: किसान भाइयों, कर्ज़ का बोझ का हल AgroManch पर है। सीधे buyer, सही दाम, 72 घंटे में payment। नीचे दिए steps follow करो और आज ही फायदा उठाओ।",सवाल + relatable image + 'comment करो' prompt,अभी फसल list करो — पहली sale आज ही 📲,#Groundnut #Kisan #FarmingHacks #AgroManch #IndianFarmer,Poster,08:00 PM,,,
146,30-10-2026,Carousel (6-8 slides),Before / After,मंडी बनाम AgroManch — गेहूं किसान का before/after,"Before / After — गेहूं: किसान भाइयों, नकली बीज/खाद का हल AgroManch पर है। सीधे buyer, सही दाम, 72 घंटे में payment। नीचे दिए steps follow करो और आज ही फायदा उठाओ।",Slide1 hook → Slide2-6 value points → Slide7 proof → Slide8 CTA,अपने इलाके के buyers देखो — अभी connect करो,#Wheat #Kisan #Kheti #AgroManch #IndianFarmer,Carousel Cover,12:00 PM,,,
147,31-10-2026,Static Poster,Before / After,यह तस्वीर देखो — धान में मेहनत का नतीजा,"Before / After — धान: किसान भाइयों, पानी की कमी का हल AgroManch पर है। सीधे buyer, सही दाम, 72 घंटे में payment। नीचे दिए steps follow करो और आज ही फायदा उठाओ।",बड़ा headline + 1 आँकड़ा + किसान image + CTA bar,रोज़ की मंडी update WhatsApp पर पाओ — join करो,#Paddy #Kisan #Kheti #AgroManch #IndianFarmer,Poster,07:00 PM,,,
148,01-11-2026,Story (3-4 slides),Mahila Kisan,खेती सिर्फ मर्दों का काम? यह महिला गलत साबित करती है,"Mahila Kisan — मक्का: किसान भाइयों, मजदूरों की कमी का हल AgroManch पर है। सीधे buyer, सही दाम, 72 घंटे में payment। नीचे दिए steps follow करो और आज ही फायदा उठाओ।",Poll → result tease → value → swipe-up CTA,share करो ताकि हर किसान तक पहुँचे 🙏,#Maize #Kisan #MahilaKisan #AgroManch #IndianFarmer,Story graphic,06:00 PM,,,
149,02-11-2026,Infographic,Mahila Kisan,'अकेले 3 एकड़ सोयाबीन संभाला' — रेखा देवी की कहानी,"Mahila Kisan — सोयाबीन: किसान भाइयों, सरकारी योजना की जानकारी नहीं का हल AgroManch पर है। सीधे buyer, सही दाम, 72 घंटे में payment। नीचे दिए steps follow करो और आज ही फायदा उठाओ।",4-step vertical flow + top title + bottom CTA,हर हफ्ते नया feature — App update रखो,#Soybean #Kisan #MahilaKisan #AgroManch #IndianFarmer,Infographic,09:30 AM,,,
150,03-11-2026,Engagement Post,Mahila Kisan,घूँघट से ट्रैक्टर तक — इस महिला किसान को सलाम,"Mahila Kisan — कपास: किसान भाइयों, बाज़ार भाव की जानकारी नहीं का हल AgroManch पर है। सीधे buyer, सही दाम, 72 घंटे में payment। नीचे दिए steps follow करो और आज ही फायदा उठाओ।",सवाल + relatable image + 'comment करो' prompt,"AgroManch पर बेचो, बेहतर margin पाओ 💰",#Cotton #Kisan #MahilaKisan #AgroManch #IndianFarmer,Poster,08:00 PM,,,
151,04-11-2026,Carousel (6-8 slides),Mahila Kisan,"पति बाहर, उसने गन्ना से घर चलाया — कैसे?","Mahila Kisan — गन्ना: किसान भाइयों, मंडी में कम भाव का हल AgroManch पर है। सीधे buyer, सही दाम, 72 घंटे में payment। नीचे दिए steps follow करो और आज ही फायदा उठाओ।",Slide1 hook → Slide2-6 value points → Slide7 proof → Slide8 CTA,नीचे link पर tap करो और AgroManch पाओ 📲,#Sugarcane #Kisan #MahilaKisan #AgroManch #IndianFarmer,Carousel Cover,12:00 PM,,,
152,05-11-2026,Static Poster,Weather Emergency,🚨 तूफान आ रहा है — खड़ी टमाटर कैसे बचाएँ?,"Weather Emergency — टमाटर: किसान भाइयों, बिचौलियों की लूट का हल AgroManch पर है। सीधे buyer, सही दाम, 72 घंटे में payment। नीचे दिए steps follow करो और आज ही फायदा उठाओ।",बड़ा headline + 1 आँकड़ा + किसान image + CTA bar,"एक बार register, ज़िंदगी भर फायदा — अभी करो",#Tomato #Kisan #MausamAlert #AgroManch #IndianFarmer,Poster,07:00 PM,,,
153,06-11-2026,Story (3-4 slides),Weather Emergency,मौसम बदलते ही प्याज पर यह असर — तैयार रहो,"Weather Emergency — प्याज: किसान भाइयों, payment में देरी का हल AgroManch पर है। सीधे buyer, सही दाम, 72 घंटे में payment। नीचे दिए steps follow करो और आज ही फायदा उठाओ।",Poll → result tease → value → swipe-up CTA,अभी फसल list करो — पहली sale आज ही 📲,#Onion #Kisan #MausamAlert #AgroManch #IndianFarmer,Story graphic,06:00 PM,,,
154,07-11-2026,Infographic,Weather Emergency,IMD alert: राजस्थान के आलू किसान सावधान,"Weather Emergency — आलू: किसान भाइयों, फसल में रोग/कीट का हल AgroManch पर है। सीधे buyer, सही दाम, 72 घंटे में payment। नीचे दिए steps follow करो और आज ही फायदा उठाओ।",4-step vertical flow + top title + bottom CTA,अपने इलाके के buyers देखो — अभी connect करो,#Potato #Kisan #MausamAlert #AgroManch #IndianFarmer,Infographic,09:30 AM,,,
155,08-11-2026,Engagement Post,Weather Emergency,🚨 हरियाणा Alert: 72 घंटे में मौसम — मिर्च बचाओ!,"Weather Emergency — मिर्च: किसान भाइयों, मौसम का नुकसान का हल AgroManch पर है। सीधे buyer, सही दाम, 72 घंटे में payment। नीचे दिए steps follow करो और आज ही फायदा उठाओ।",सवाल + relatable image + 'comment करो' prompt,रोज़ की मंडी update WhatsApp पर पाओ — join करो,#Chilli #Kisan #MausamAlert #AgroManch #IndianFarmer,Poster,08:00 PM,,,
156,09-11-2026,Carousel (6-8 slides),Myth Buster,हर किसान यह गलती करता है सरसों में — रुको,"Myth Buster — सरसों: किसान भाइयों, भंडारण की समस्या का हल AgroManch पर है। सीधे buyer, सही दाम, 72 घंटे में payment। नीचे दिए steps follow करो और आज ही फायदा उठाओ।",Slide1 hook → Slide2-6 value points → Slide7 proof → Slide8 CTA,share करो ताकि हर किसान तक पहुँचे 🙏,#Mustard #Kisan #Kheti #AgroManch #IndianFarmer,Carousel Cover,12:00 PM,,,
157,10-11-2026,Static Poster,Profit Calculator,चना बोने से पहले यह calculation ज़रूर देखो,"Profit Calculator — चना: किसान भाइयों, transport खर्च का हल AgroManch पर है। सीधे buyer, सही दाम, 72 घंटे में payment। नीचे दिए steps follow करो और आज ही फायदा उठाओ।",बड़ा headline + 1 आँकड़ा + किसान image + CTA bar,हर हफ्ते नया feature — App update रखो,#Gram #Kisan #KhetiProfit #AgroManch #IndianFarmer,Poster,07:00 PM,,,
158,11-11-2026,Story (3-4 slides),Profit Calculator,कौन सी फसल ज़्यादा देगी? मूंग बनाम बाकी,"Profit Calculator — मूंग: किसान भाइयों, quality grading का हल AgroManch पर है। सीधे buyer, सही दाम, 72 घंटे में payment। नीचे दिए steps follow करो और आज ही फायदा उठाओ।",Poll → result tease → value → swipe-up CTA,"AgroManch पर बेचो, बेहतर margin पाओ 💰",#Moong #Kisan #KhetiProfit #AgroManch #IndianFarmer,Story graphic,06:00 PM,,,
159,12-11-2026,Infographic,Profit Calculator,"₹__ लगाओ, ₹__ कमाओ — बाजरा का सच्चा हिसाब","Profit Calculator — बाजरा: किसान भाइयों, सही buyer नहीं मिलता का हल AgroManch पर है। सीधे buyer, सही दाम, 72 घंटे में payment। नीचे दिए steps follow करो और आज ही फायदा उठाओ।",4-step vertical flow + top title + bottom CTA,नीचे link पर tap करो और AgroManch पाओ 📲,#Bajra #Kisan #KhetiProfit #AgroManch #IndianFarmer,Infographic,09:30 AM,,,
160,13-11-2026,Engagement Post,Profit Calculator,AgroManch calculator से ज्वार का मुनाफा निकालो,"Profit Calculator — ज्वार: किसान भाइयों, कर्ज़ का बोझ का हल AgroManch पर है। सीधे buyer, सही दाम, 72 घंटे में payment। नीचे दिए steps follow करो और आज ही फायदा उठाओ।",सवाल + relatable image + 'comment करो' prompt,"एक बार register, ज़िंदगी भर फायदा — अभी करो",#Jowar #Kisan #KhetiProfit #AgroManch #IndianFarmer,Poster,08:00 PM,,,
161,14-11-2026,Carousel (6-8 slides),Field Interview,खेत से सीधे: पंजाब के किसान क्या कह रहे हैं?,"Field Interview — हल्दी: किसान भाइयों, नकली बीज/खाद का हल AgroManch पर है। सीधे buyer, सही दाम, 72 घंटे में payment। नीचे दिए steps follow करो और आज ही फायदा उठाओ।",Slide1 hook → Slide2-6 value points → Slide7 proof → Slide8 CTA,अभी फसल list करो — पहली sale आज ही 📲,#Turmeric #Kisan #Kheti #AgroManch #IndianFarmer,Carousel Cover,12:00 PM,,,
162,15-11-2026,Static Poster,Field Interview,इस अदरक किसान से मिलिए — बात दिल छू जाएगी,"Field Interview — अदरक: किसान भाइयों, पानी की कमी का हल AgroManch पर है। सीधे buyer, सही दाम, 72 घंटे में payment। नीचे दिए steps follow करो और आज ही फायदा उठाओ।",बड़ा headline + 1 आँकड़ा + किसान image + CTA bar,अपने इलाके के buyers देखो — अभी connect करो,#Ginger #Kisan #Kheti #AgroManch #IndianFarmer,Poster,07:00 PM,,,
163,16-11-2026,Story (3-4 slides),Old vs New,पिताजी का तरीका बनाम नया तरीका — लहसुन में फर्क,"Old vs New — लहसुन: किसान भाइयों, मजदूरों की कमी का हल AgroManch पर है। सीधे buyer, सही दाम, 72 घंटे में payment। नीचे दिए steps follow करो और आज ही फायदा उठाओ।",Poll → result tease → value → swipe-up CTA,रोज़ की मंडी update WhatsApp पर पाओ — join करो,#Garlic #Kisan #Kheti #AgroManch #IndianFarmer,Story graphic,06:00 PM,,,
164,17-11-2026,Infographic,Old vs New,केला में पुरानी सोच छोड़ो — यह है नया रास्ता,"Old vs New — केला: किसान भाइयों, सरकारी योजना की जानकारी नहीं का हल AgroManch पर है। सीधे buyer, सही दाम, 72 घंटे में payment। नीचे दिए steps follow करो और आज ही फायदा उठाओ।",4-step vertical flow + top title + bottom CTA,share करो ताकि हर किसान तक पहुँचे 🙏,#Banana #Kisan #Kheti #AgroManch #IndianFarmer,Infographic,09:30 AM,,,
165,18-11-2026,Engagement Post,Hidden Crop,1 एकड़ में ₹__ — यह फसल कोई नहीं बताता,"Hidden Crop — अनार: किसान भाइयों, बाज़ार भाव की जानकारी नहीं का हल AgroManch पर है। सीधे buyer, सही दाम, 72 घंटे में payment। नीचे दिए steps follow करो और आज ही फायदा उठाओ।",सवाल + relatable image + 'comment करो' prompt,हर हफ्ते नया feature — App update रखो,#Pomegranate #Kisan #ProfitableFarming #AgroManch #IndianFarmer,Poster,08:00 PM,,,
166,19-11-2026,Carousel (6-8 slides),Hidden Crop,AgroManch पर इस फसल के __ buyers इंतज़ार में हैं,"Hidden Crop — Dragon Fruit: किसान भाइयों, मंडी में कम भाव का हल AgroManch पर है। सीधे buyer, सही दाम, 72 घंटे में payment। नीचे दिए steps follow करो और आज ही फायदा उठाओ।",Slide1 hook → Slide2-6 value points → Slide7 proof → Slide8 CTA,"AgroManch पर बेचो, बेहतर margin पाओ 💰",#DragonFruit #Kisan #ProfitableFarming #AgroManch #IndianFarmer,Carousel Cover,12:00 PM,,,
167,20-11-2026,Static Poster,Hidden Crop,यह फसल ₹__/kg बिकती है — कोई कर्नाटक में नहीं उगाता क्यों?,"Hidden Crop — स्ट्रॉबेरी: किसान भाइयों, बिचौलियों की लूट का हल AgroManch पर है। सीधे buyer, सही दाम, 72 घंटे में payment। नीचे दिए steps follow करो और आज ही फायदा उठाओ।",बड़ा headline + 1 आँकड़ा + किसान image + CTA bar,नीचे link पर tap करो और AgroManch पाओ 📲,#Strawberry #Kisan #ProfitableFarming #AgroManch #IndianFarmer,Poster,07:00 PM,,,
168,21-11-2026,Story (3-4 slides),Hidden Crop,मशरूम छोड़ो — यह फसल 3 गुना कमाई देती है,"Hidden Crop — मशरूम: किसान भाइयों, payment में देरी का हल AgroManch पर है। सीधे buyer, सही दाम, 72 घंटे में payment। नीचे दिए steps follow करो और आज ही फायदा उठाओ।",Poll → result tease → value → swipe-up CTA,"एक बार register, ज़िंदगी भर फायदा — अभी करो",#Mushroom #Kisan #ProfitableFarming #AgroManch #IndianFarmer,Story graphic,06:00 PM,,,
169,22-11-2026,Infographic,Tech Tutorial,सब्ज़ी की photo कैसे डालें कि ज़्यादा दाम मिले,"Tech Tutorial — सब्ज़ी: किसान भाइयों, फसल में रोग/कीट का हल AgroManch पर है। सीधे buyer, सही दाम, 72 घंटे में payment। नीचे दिए steps follow करो और आज ही फायदा उठाओ।",4-step vertical flow + top title + bottom CTA,अभी फसल list करो — पहली sale आज ही 📲,#Vegetables #Kisan #DigitalKisan #AgroManch #IndianFarmer,Infographic,09:30 AM,,,
170,23-11-2026,Engagement Post,Tech Tutorial,App पर payment कैसे आता है? step by step Hindi में,"Tech Tutorial — भिंडी: किसान भाइयों, मौसम का नुकसान का हल AgroManch पर है। सीधे buyer, सही दाम, 72 घंटे में payment। नीचे दिए steps follow करो और आज ही फायदा उठाओ।",सवाल + relatable image + 'comment करो' prompt,अपने इलाके के buyers देखो — अभी connect करो,#Okra #Kisan #DigitalKisan #AgroManch #IndianFarmer,Poster,08:00 PM,,,
171,24-11-2026,Carousel (6-8 slides),Tech Tutorial,5 मिनट में बैंगन बेचना सीखो — बिना confusion,"Tech Tutorial — बैंगन: किसान भाइयों, भंडारण की समस्या का हल AgroManch पर है। सीधे buyer, सही दाम, 72 घंटे में payment। नीचे दिए steps follow करो और आज ही फायदा उठाओ।",Slide1 hook → Slide2-6 value points → Slide7 proof → Slide8 CTA,रोज़ की मंडी update WhatsApp पर पाओ — join करो,#Brinjal #Kisan #DigitalKisan #AgroManch #IndianFarmer,Carousel Cover,12:00 PM,,,
172,25-11-2026,Static Poster,Tech Tutorial,AgroManch के यह 5 features फूलगोभी किसान ज़रूर use करें,"Tech Tutorial — फूलगोभी: किसान भाइयों, transport खर्च का हल AgroManch पर है। सीधे buyer, सही दाम, 72 घंटे में payment। नीचे दिए steps follow करो और आज ही फायदा उठाओ।",बड़ा headline + 1 आँकड़ा + किसान image + CTA bar,share करो ताकि हर किसान तक पहुँचे 🙏,#Cauliflower #Kisan #DigitalKisan #AgroManch #IndianFarmer,Poster,07:00 PM,,,
173,26-11-2026,Story (3-4 slides),Award / Recognition,🏆 Kisan Star of the Week — महाराष्ट्र के किसान को बधाई!,"Award / Recognition — मटर: किसान भाइयों, quality grading का हल AgroManch पर है। सीधे buyer, सही दाम, 72 घंटे में payment। नीचे दिए steps follow करो और आज ही फायदा उठाओ।",Poll → result tease → value → swipe-up CTA,हर हफ्ते नया feature — App update रखो,#Peas #Kisan #Kheti #AgroManch #IndianFarmer,Story graphic,06:00 PM,,,
174,27-11-2026,Infographic,Regional Language,हरियाणवी में सुनो: AgroManch पर अरहर कैसे बेचें,"Regional Language — अरहर: किसान भाइयों, सही buyer नहीं मिलता का हल AgroManch पर है। सीधे buyer, सही दाम, 72 घंटे में payment। नीचे दिए steps follow करो और आज ही फायदा उठाओ।",4-step vertical flow + top title + bottom CTA,"AgroManch पर बेचो, बेहतर margin पाओ 💰",#Arhar #Kisan #Bhojpuri #AgroManch #IndianFarmer,Infographic,09:30 AM,,,
175,28-11-2026,Engagement Post,Regional Language,अपनी भाषा में खेती की पूरी जानकारी — मगही,"Regional Language — मूंगफली: किसान भाइयों, कर्ज़ का बोझ का हल AgroManch पर है। सीधे buyer, सही दाम, 72 घंटे में payment। नीचे दिए steps follow करो और आज ही फायदा उठाओ।",सवाल + relatable image + 'comment करो' prompt,नीचे link पर tap करो और AgroManch पाओ 📲,#Groundnut #Kisan #Bhojpuri #AgroManch #IndianFarmer,Poster,08:00 PM,,,
176,29-11-2026,Carousel (6-8 slides),Regional Language,गुजरात के किसानों के लिए अवधी में खास video,"Regional Language — गेहूं: किसान भाइयों, नकली बीज/खाद का हल AgroManch पर है। सीधे buyer, सही दाम, 72 घंटे में payment। नीचे दिए steps follow करो और आज ही फायदा उठाओ।",Slide1 hook → Slide2-6 value points → Slide7 proof → Slide8 CTA,"एक बार register, ज़िंदगी भर फायदा — अभी करो",#Wheat #Kisan #Bhojpuri #AgroManch #IndianFarmer,Carousel Cover,12:00 PM,,,
177,30-11-2026,Static Poster,Regional Language,राजस्थानी बोलने वाले किसान यह ज़रूर देखें,"Regional Language — धान: किसान भाइयों, पानी की कमी का हल AgroManch पर है। सीधे buyer, सही दाम, 72 घंटे में payment। नीचे दिए steps follow करो और आज ही फायदा उठाओ।",बड़ा headline + 1 आँकड़ा + किसान image + CTA bar,अभी फसल list करो — पहली sale आज ही 📲,#Paddy #Kisan #Bhojpuri #AgroManch #IndianFarmer,Poster,07:00 PM,,,
178,01-12-2026,Story (3-4 slides),Community Debate,मक्का पर आपका अनुभव — हर comment पढ़ते हैं,"Community Debate — मक्का: किसान भाइयों, मजदूरों की कमी का हल AgroManch पर है। सीधे buyer, सही दाम, 72 घंटे में payment। नीचे दिए steps follow करो और आज ही फायदा उठाओ।",Poll → result tease → value → swipe-up CTA,अपने इलाके के buyers देखो — अभी connect करो,#Maize #Kisan #Kheti #AgroManch #IndianFarmer,Story graphic,06:00 PM,,,
179,02-12-2026,Infographic,Community Debate,सच बोलो — सोयाबीन मंडी में सही भाव मिलता है? Poll 👇,"Community Debate — सोयाबीन: किसान भाइयों, सरकारी योजना की जानकारी नहीं का हल AgroManch पर है। सीधे buyer, सही दाम, 72 घंटे में payment। नीचे दिए steps follow करो और आज ही फायदा उठाओ।",4-step vertical flow + top title + bottom CTA,रोज़ की मंडी update WhatsApp पर पाओ — join करो,#Soybean #Kisan #Kheti #AgroManch #IndianFarmer,Infographic,09:30 AM,,,
180,03-12-2026,Engagement Post,Seasonal Countdown,कपास बेचने का सही समय आ रहा — भाव बढ़ेंगे,"Seasonal Countdown — कपास: किसान भाइयों, बाज़ार भाव की जानकारी नहीं का हल AgroManch पर है। सीधे buyer, सही दाम, 72 घंटे में payment। नीचे दिए steps follow करो और आज ही फायदा उठाओ।",सवाल + relatable image + 'comment करो' prompt,share करो ताकि हर किसान तक पहुँचे 🙏,#Cotton #Kisan #Kheti #AgroManch #IndianFarmer,Poster,08:00 PM,,,
181,04-12-2026,Carousel (6-8 slides),Seasonal Countdown,मौसम बदल रहा — गन्ना के लिए यह आखिरी मौका,"Seasonal Countdown — गन्ना: किसान भाइयों, मंडी में कम भाव का हल AgroManch पर है। सीधे buyer, सही दाम, 72 घंटे में payment। नीचे दिए steps follow करो और आज ही फायदा उठाओ।",Slide1 hook → Slide2-6 value points → Slide7 proof → Slide8 CTA,हर हफ्ते नया feature — App update रखो,#Sugarcane #Kisan #Kheti #AgroManch #IndianFarmer,Carousel Cover,12:00 PM,,,
182,05-12-2026,Static Poster,Seasonal Countdown,__ दिन में टमाटर का सीज़न — यह checklist देखो,"Seasonal Countdown — टमाटर: किसान भाइयों, बिचौलियों की लूट का हल AgroManch पर है। सीधे buyer, सही दाम, 72 घंटे में payment। नीचे दिए steps follow करो और आज ही फायदा उठाओ।",बड़ा headline + 1 आँकड़ा + किसान image + CTA bar,"AgroManch पर बेचो, बेहतर margin पाओ 💰",#Tomato #Kisan #Kheti #AgroManch #IndianFarmer,Poster,07:00 PM,,,
183,06-12-2026,Story (3-4 slides),Seasonal Countdown,त्योहार से पहले प्याज के दाम चढ़ेंगे — तैयार रहो,"Seasonal Countdown — प्याज: किसान भाइयों, payment में देरी का हल AgroManch पर है। सीधे buyer, सही दाम, 72 घंटे में payment। नीचे दिए steps follow करो और आज ही फायदा उठाओ।",Poll → result tease → value → swipe-up CTA,नीचे link पर tap करो और AgroManch पाओ 📲,#Onion #Kisan #Kheti #AgroManch #IndianFarmer,Story graphic,06:00 PM,,,
184,07-12-2026,Infographic,Profit Reveal,गाँव वाले हँसते थे — आज आलू से सबसे ज़्यादा कमाता है,"Profit Reveal — आलू: किसान भाइयों, फसल में रोग/कीट का हल AgroManch पर है। सीधे buyer, सही दाम, 72 घंटे में payment। नीचे दिए steps follow करो और आज ही फायदा उठाओ।",4-step vertical flow + top title + bottom CTA,"एक बार register, ज़िंदगी भर फायदा — अभी करो",#Potato #Kisan #Kheti #AgroManch #IndianFarmer,Infographic,09:30 AM,,,
185,08-12-2026,Engagement Post,Profit Reveal,इस किसान ने मिर्च से ₹__ लाख कमाए — कैसे? पूरा हिसाब देखो,"Profit Reveal — मिर्च: किसान भाइयों, मौसम का नुकसान का हल AgroManch पर है। सीधे buyer, सही दाम, 72 घंटे में payment। नीचे दिए steps follow करो और आज ही फायदा उठाओ।",सवाल + relatable image + 'comment करो' prompt,अभी फसल list करो — पहली sale आज ही 📲,#Chilli #Kisan #Kheti #AgroManch #IndianFarmer,Poster,08:00 PM,,,
186,09-12-2026,Carousel (6-8 slides),Profit Reveal,1 एकड़ सरसों = ₹__? यकीन नहीं होगा लेकिन सच है,"Profit Reveal — सरसों: किसान भाइयों, भंडारण की समस्या का हल AgroManch पर है। सीधे buyer, सही दाम, 72 घंटे में payment। नीचे दिए steps follow करो और आज ही फायदा उठाओ।",Slide1 hook → Slide2-6 value points → Slide7 proof → Slide8 CTA,अपने इलाके के buyers देखो — अभी connect करो,#Mustard #Kisan #Kheti #AgroManch #IndianFarmer,Carousel Cover,12:00 PM,,,
187,10-12-2026,Static Poster,Profit Reveal,चना बेचकर इस किसान ने नई गाड़ी खरीदी — राज़ क्या है?,"Profit Reveal — चना: किसान भाइयों, transport खर्च का हल AgroManch पर है। सीधे buyer, सही दाम, 72 घंटे में payment। नीचे दिए steps follow करो और आज ही फायदा उठाओ।",बड़ा headline + 1 आँकड़ा + किसान image + CTA bar,रोज़ की मंडी update WhatsApp पर पाओ — join करो,#Gram #Kisan #Kheti #AgroManch #IndianFarmer,Poster,07:00 PM,,,
188,11-12-2026,Story (3-4 slides),Mandi Shock,7 बिचौलिए आपके मूंग का मुनाफा खा रहे हैं — proof देखो,"Mandi Shock — मूंग: किसान भाइयों, quality grading का हल AgroManch पर है। सीधे buyer, सही दाम, 72 घंटे में payment। नीचे दिए steps follow करो और आज ही फायदा उठाओ।",Poll → result tease → value → swipe-up CTA,share करो ताकि हर किसान तक पहुँचे 🙏,#Moong #Kisan #MandiBhav #AgroManch #IndianFarmer,Story graphic,06:00 PM,,,
189,12-12-2026,Infographic,Mandi Shock,मंडी की पर्ची दिखाता हूँ — बाजरा पर कितनी लूट हुई,"Mandi Shock — बाजरा: किसान भाइयों, सही buyer नहीं मिलता का हल AgroManch पर है। सीधे buyer, सही दाम, 72 घंटे में payment। नीचे दिए steps follow करो और आज ही फायदा उठाओ।",4-step vertical flow + top title + bottom CTA,हर हफ्ते नया feature — App update रखो,#Bajra #Kisan #MandiBhav #AgroManch #IndianFarmer,Infographic,09:30 AM,,,
190,13-12-2026,Engagement Post,Mandi Shock,ज्वार का सही भाव क्या है? मंडी आपको कभी नहीं बताएगी,"Mandi Shock — ज्वार: किसान भाइयों, कर्ज़ का बोझ का हल AgroManch पर है। सीधे buyer, सही दाम, 72 घंटे में payment। नीचे दिए steps follow करो और आज ही फायदा उठाओ।",सवाल + relatable image + 'comment करो' prompt,"AgroManch पर बेचो, बेहतर margin पाओ 💰",#Jowar #Kisan #MandiBhav #AgroManch #IndianFarmer,Poster,08:00 PM,,,
191,14-12-2026,Carousel (6-8 slides),Mandi Shock,हल्दी मंडी में ₹__/kg — AgroManch पर ₹__! फर्क देखो 🔴🟢,"Mandi Shock — हल्दी: किसान भाइयों, नकली बीज/खाद का हल AgroManch पर है। सीधे buyer, सही दाम, 72 घंटे में payment। नीचे दिए steps follow करो और आज ही फायदा उठाओ।",Slide1 hook → Slide2-6 value points → Slide7 proof → Slide8 CTA,नीचे link पर tap करो और AgroManch पाओ 📲,#Turmeric #Kisan #MandiBhav #AgroManch #IndianFarmer,Carousel Cover,12:00 PM,,,
192,15-12-2026,Static Poster,Crop Emergency Alert,आपकी अदरक की पत्तियाँ ऐसी हैं? तुरंत रुको और देखो,"Crop Emergency Alert — अदरक: किसान भाइयों, पानी की कमी का हल AgroManch पर है। सीधे buyer, सही दाम, 72 घंटे में payment। नीचे दिए steps follow करो और आज ही फायदा उठाओ।",बड़ा headline + 1 आँकड़ा + किसान image + CTA bar,"एक बार register, ज़िंदगी भर फायदा — अभी करो",#Ginger #Kisan #FasalRog #AgroManch #IndianFarmer,Poster,07:00 PM,,,
193,16-12-2026,Story (3-4 slides),Crop Emergency Alert,एक हफ्ते में पूरी लहसुन बर्बाद — यह कीट पहचानो,"Crop Emergency Alert — लहसुन: किसान भाइयों, मजदूरों की कमी का हल AgroManch पर है। सीधे buyer, सही दाम, 72 घंटे में payment। नीचे दिए steps follow करो और आज ही फायदा उठाओ।",Poll → result tease → value → swipe-up CTA,अभी फसल list करो — पहली sale आज ही 📲,#Garlic #Kisan #FasalRog #AgroManch #IndianFarmer,Story graphic,06:00 PM,,,
194,17-12-2026,Infographic,Crop Emergency Alert,🚨 केला किसान alert: यह लक्षण दिखे तो देर मत करना,"Crop Emergency Alert — केला: किसान भाइयों, सरकारी योजना की जानकारी नहीं का हल AgroManch पर है। सीधे buyer, सही दाम, 72 घंटे में payment। नीचे दिए steps follow करो और आज ही फायदा उठाओ।",4-step vertical flow + top title + bottom CTA,अपने इलाके के buyers देखो — अभी connect करो,#Banana #Kisan #FasalRog #AgroManch #IndianFarmer,Infographic,09:30 AM,,,
195,18-12-2026,Engagement Post,Crop Emergency Alert,पड़ोसी की अनार चौपट हो गई — आपकी कैसे बचेगी?,"Crop Emergency Alert — अनार: किसान भाइयों, बाज़ार भाव की जानकारी नहीं का हल AgroManch पर है। सीधे buyer, सही दाम, 72 घंटे में payment। नीचे दिए steps follow करो और आज ही फायदा उठाओ।",सवाल + relatable image + 'comment करो' prompt,रोज़ की मंडी update WhatsApp पर पाओ — join करो,#Pomegranate #Kisan #FasalRog #AgroManch #IndianFarmer,Poster,08:00 PM,,,
196,19-12-2026,Carousel (6-8 slides),Farmer Success Story,500 किसानों ने यह किया — नतीजा देखकर चौंक जाओगे,"Farmer Success Story — Dragon Fruit: किसान भाइयों, मंडी में कम भाव का हल AgroManch पर है। सीधे buyer, सही दाम, 72 घंटे में payment। नीचे दिए steps follow करो और आज ही फायदा उठाओ।",Slide1 hook → Slide2-6 value points → Slide7 proof → Slide8 CTA,share करो ताकि हर किसान तक पहुँचे 🙏,#DragonFruit #Kisan #Kheti #AgroManch #IndianFarmer,Carousel Cover,12:00 PM,,,
197,20-12-2026,Static Poster,Farmer Success Story,'पहले डर था online बेचने का — आज स्ट्रॉबेरी से खुशी है',"Farmer Success Story — स्ट्रॉबेरी: किसान भाइयों, बिचौलियों की लूट का हल AgroManch पर है। सीधे buyer, सही दाम, 72 घंटे में payment। नीचे दिए steps follow करो और आज ही फायदा उठाओ।",बड़ा headline + 1 आँकड़ा + किसान image + CTA bar,हर हफ्ते नया feature — App update रखो,#Strawberry #Kisan #Kheti #AgroManch #IndianFarmer,Poster,07:00 PM,,,
198,21-12-2026,Story (3-4 slides),Farmer Success Story,पश्चिम बंगाल के इस किसान की कहानी आपको रुला देगी,"Farmer Success Story — मशरूम: किसान भाइयों, payment में देरी का हल AgroManch पर है। सीधे buyer, सही दाम, 72 घंटे में payment। नीचे दिए steps follow करो और आज ही फायदा उठाओ।",Poll → result tease → value → swipe-up CTA,"AgroManch पर बेचो, बेहतर margin पाओ 💰",#Mushroom #Kisan #Kheti #AgroManch #IndianFarmer,Story graphic,06:00 PM,,,
199,22-12-2026,Infographic,Farmer Success Story,कर्ज़ में डूबा किसान — सब्ज़ी ने ज़िंदगी बदल दी,"Farmer Success Story — सब्ज़ी: किसान भाइयों, फसल में रोग/कीट का हल AgroManch पर है। सीधे buyer, सही दाम, 72 घंटे में payment। नीचे दिए steps follow करो और आज ही फायदा उठाओ।",4-step vertical flow + top title + bottom CTA,नीचे link पर tap करो और AgroManch पाओ 📲,#Vegetables #Kisan #Kheti #AgroManch #IndianFarmer,Infographic,09:30 AM,,,
200,23-12-2026,Engagement Post,Machinery Pride,पुराना तरीका भूल जाओ — भिंडी के लिए यह मशीन,"Machinery Pride — भिंडी: किसान भाइयों, मौसम का नुकसान का हल AgroManch पर है। सीधे buyer, सही दाम, 72 घंटे में payment। नीचे दिए steps follow करो और आज ही फायदा उठाओ।",सवाल + relatable image + 'comment करो' prompt,"एक बार register, ज़िंदगी भर फायदा — अभी करो",#Okra #Kisan #Kheti #AgroManch #IndianFarmer,Poster,08:00 PM,,,
201,24-12-2026,Carousel (6-8 slides),Machinery Pride,subsidy पर मिलती है यह मशीन — बैंगन किसान ध्यान दो,"Machinery Pride — बैंगन: किसान भाइयों, भंडारण की समस्या का हल AgroManch पर है। सीधे buyer, सही दाम, 72 घंटे में payment। नीचे दिए steps follow करो और आज ही फायदा उठाओ।",Slide1 hook → Slide2-6 value points → Slide7 proof → Slide8 CTA,अभी फसल list करो — पहली sale आज ही 📲,#Brinjal #Kisan #Kheti #AgroManch #IndianFarmer,Carousel Cover,12:00 PM,,,
202,25-12-2026,Static Poster,Scheme Bomb,KCC (Kisan Credit Card) + फूलगोभी = डबल फायदा। पूरी जानकारी यहाँ,"Scheme Bomb — फूलगोभी: किसान भाइयों, transport खर्च का हल AgroManch पर है। सीधे buyer, सही दाम, 72 घंटे में payment। नीचे दिए steps follow करो और आज ही फायदा उठाओ।",बड़ा headline + 1 आँकड़ा + किसान image + CTA bar,अपने इलाके के buyers देखो — अभी connect करो,#Cauliflower #Kisan #SarkariYojana #AgroManch #IndianFarmer,Poster,07:00 PM,,,
203,26-12-2026,Story (3-4 slides),Scheme Bomb,"🚨 PM-KUSUM सोलर — किस्त आ रही है, status अभी check करो!","Scheme Bomb — मटर: किसान भाइयों, quality grading का हल AgroManch पर है। सीधे buyer, सही दाम, 72 घंटे में payment। नीचे दिए steps follow करो और आज ही फायदा उठाओ।",Poll → result tease → value → swipe-up CTA,रोज़ की मंडी update WhatsApp पर पाओ — join करो,#Peas #Kisan #SarkariYojana #AgroManch #IndianFarmer,Story graphic,06:00 PM,,,
204,27-12-2026,Infographic,Scheme Bomb,e-NAM में ₹__ सीधे खाते में — eligibility देखो,"Scheme Bomb — अरहर: किसान भाइयों, सही buyer नहीं मिलता का हल AgroManch पर है। सीधे buyer, सही दाम, 72 घंटे में payment। नीचे दिए steps follow करो और आज ही फायदा उठाओ।",4-step vertical flow + top title + bottom CTA,share करो ताकि हर किसान तक पहुँचे 🙏,#Arhar #Kisan #SarkariYojana #AgroManch #IndianFarmer,Infographic,09:30 AM,,,
205,28-12-2026,Engagement Post,Scheme Bomb,90% किसान Soil Health Card का पैसा छोड़ देते हैं — आप मत छोड़ना,"Scheme Bomb — मूंगफली: किसान भाइयों, कर्ज़ का बोझ का हल AgroManch पर है। सीधे buyer, सही दाम, 72 घंटे में payment। नीचे दिए steps follow करो और आज ही फायदा उठाओ।",सवाल + relatable image + 'comment करो' prompt,हर हफ्ते नया feature — App update रखो,#Groundnut #Kisan #SarkariYojana #AgroManch #IndianFarmer,Poster,08:00 PM,,,
206,29-12-2026,Carousel (6-8 slides),Jugaad Hack,यह देसी नुस्खा गेहूं के कीट भगा देता है — ₹0 खर्च,"Jugaad Hack — गेहूं: किसान भाइयों, नकली बीज/खाद का हल AgroManch पर है। सीधे buyer, सही दाम, 72 घंटे में payment। नीचे दिए steps follow करो और आज ही फायदा उठाओ।",Slide1 hook → Slide2-6 value points → Slide7 proof → Slide8 CTA,"AgroManch पर बेचो, बेहतर margin पाओ 💰",#Wheat #Kisan #FarmingHacks #AgroManch #IndianFarmer,Carousel Cover,12:00 PM,,,
207,30-12-2026,Static Poster,Jugaad Hack,धान में पानी बचाने का यह जुगाड़ viral हो रहा है,"Jugaad Hack — धान: किसान भाइयों, पानी की कमी का हल AgroManch पर है। सीधे buyer, सही दाम, 72 घंटे में payment। नीचे दिए steps follow करो और आज ही फायदा उठाओ।",बड़ा headline + 1 आँकड़ा + किसान image + CTA bar,नीचे link पर tap करो और AgroManch पाओ 📲,#Paddy #Kisan #FarmingHacks #AgroManch #IndianFarmer,Poster,07:00 PM,,,
208,31-12-2026,Story (3-4 slides),Before / After,"पहले ₹__, अब ₹__ — मक्का में क्या बदला?","Before / After — मक्का: किसान भाइयों, मजदूरों की कमी का हल AgroManch पर है। सीधे buyer, सही दाम, 72 घंटे में payment। नीचे दिए steps follow करो और आज ही फायदा उठाओ।",Poll → result tease → value → swipe-up CTA,"एक बार register, ज़िंदगी भर फायदा — अभी करो",#Maize #Kisan #Kheti #AgroManch #IndianFarmer,Story graphic,06:00 PM,,,
209,01-01-2027,Infographic,Before / After,सोयाबीन खेत: पहले बनाम बाद — यकीन नहीं होगा,"Before / After — सोयाबीन: किसान भाइयों, सरकारी योजना की जानकारी नहीं का हल AgroManch पर है। सीधे buyer, सही दाम, 72 घंटे में payment। नीचे दिए steps follow करो और आज ही फायदा उठाओ।",4-step vertical flow + top title + bottom CTA,अभी फसल list करो — पहली sale आज ही 📲,#Soybean #Kisan #Kheti #AgroManch #IndianFarmer,Infographic,09:30 AM,,,
210,02-01-2027,Engagement Post,Mahila Kisan,घूँघट से ट्रैक्टर तक — इस महिला किसान को सलाम,"Mahila Kisan — कपास: किसान भाइयों, बाज़ार भाव की जानकारी नहीं का हल AgroManch पर है। सीधे buyer, सही दाम, 72 घंटे में payment। नीचे दिए steps follow करो और आज ही फायदा उठाओ।",सवाल + relatable image + 'comment करो' prompt,अपने इलाके के buyers देखो — अभी connect करो,#Cotton #Kisan #MahilaKisan #AgroManch #IndianFarmer,Poster,08:00 PM,,,
211,03-01-2027,Carousel (6-8 slides),Mahila Kisan,"पति बाहर, उसने गन्ना से घर चलाया — कैसे?","Mahila Kisan — गन्ना: किसान भाइयों, मंडी में कम भाव का हल AgroManch पर है। सीधे buyer, सही दाम, 72 घंटे में payment। नीचे दिए steps follow करो और आज ही फायदा उठाओ।",Slide1 hook → Slide2-6 value points → Slide7 proof → Slide8 CTA,रोज़ की मंडी update WhatsApp पर पाओ — join करो,#Sugarcane #Kisan #MahilaKisan #AgroManch #IndianFarmer,Carousel Cover,12:00 PM,,,
212,04-01-2027,Static Poster,Mahila Kisan,गाँव की महिलाओं ने टमाटर से बदली किस्मत,"Mahila Kisan — टमाटर: किसान भाइयों, बिचौलियों की लूट का हल AgroManch पर है। सीधे buyer, सही दाम, 72 घंटे में payment। नीचे दिए steps follow करो और आज ही फायदा उठाओ।",बड़ा headline + 1 आँकड़ा + किसान image + CTA bar,share करो ताकि हर किसान तक पहुँचे 🙏,#Tomato #Kisan #MahilaKisan #AgroManch #IndianFarmer,Poster,07:00 PM,,,
213,05-01-2027,Story (3-4 slides),Mahila Kisan,महिला किसान + AgroManch = ₹__ सालाना income,"Mahila Kisan — प्याज: किसान भाइयों, payment में देरी का हल AgroManch पर है। सीधे buyer, सही दाम, 72 घंटे में payment। नीचे दिए steps follow करो और आज ही फायदा उठाओ।",Poll → result tease → value → swipe-up CTA,हर हफ्ते नया feature — App update रखो,#Onion #Kisan #MahilaKisan #AgroManch #IndianFarmer,Story graphic,06:00 PM,,,
214,06-01-2027,Infographic,Weather Emergency,IMD alert: राजस्थान के आलू किसान सावधान,"Weather Emergency — आलू: किसान भाइयों, फसल में रोग/कीट का हल AgroManch पर है। सीधे buyer, सही दाम, 72 घंटे में payment। नीचे दिए steps follow करो और आज ही फायदा उठाओ।",4-step vertical flow + top title + bottom CTA,"AgroManch पर बेचो, बेहतर margin पाओ 💰",#Potato #Kisan #MausamAlert #AgroManch #IndianFarmer,Infographic,09:30 AM,,,
215,07-01-2027,Engagement Post,Weather Emergency,🚨 हरियाणा Alert: 72 घंटे में मौसम — मिर्च बचाओ!,"Weather Emergency — मिर्च: किसान भाइयों, मौसम का नुकसान का हल AgroManch पर है। सीधे buyer, सही दाम, 72 घंटे में payment। नीचे दिए steps follow करो और आज ही फायदा उठाओ।",सवाल + relatable image + 'comment करो' prompt,नीचे link पर tap करो और AgroManch पाओ 📲,#Chilli #Kisan #MausamAlert #AgroManch #IndianFarmer,Poster,08:00 PM,,,
216,08-01-2027,Carousel (6-8 slides),Weather Emergency,बारिश से पहले सरसों में यह करना ज़रूरी है,"Weather Emergency — सरसों: किसान भाइयों, भंडारण की समस्या का हल AgroManch पर है। सीधे buyer, सही दाम, 72 घंटे में payment। नीचे दिए steps follow करो और आज ही फायदा उठाओ।",Slide1 hook → Slide2-6 value points → Slide7 proof → Slide8 CTA,"एक बार register, ज़िंदगी भर फायदा — अभी करो",#Mustard #Kisan #MausamAlert #AgroManch #IndianFarmer,Carousel Cover,12:00 PM,,,
217,09-01-2027,Static Poster,Weather Emergency,ओलावृष्टि का खतरा — चना किसान तुरंत यह करो,"Weather Emergency — चना: किसान भाइयों, transport खर्च का हल AgroManch पर है। सीधे buyer, सही दाम, 72 घंटे में payment। नीचे दिए steps follow करो और आज ही फायदा उठाओ।",बड़ा headline + 1 आँकड़ा + किसान image + CTA bar,अभी फसल list करो — पहली sale आज ही 📲,#Gram #Kisan #MausamAlert #AgroManch #IndianFarmer,Poster,07:00 PM,,,
218,10-01-2027,Story (3-4 slides),Myth Buster,मूंग में यह मिथक आपका नुकसान करा रहा है,"Myth Buster — मूंग: किसान भाइयों, quality grading का हल AgroManch पर है। सीधे buyer, सही दाम, 72 घंटे में payment। नीचे दिए steps follow करो और आज ही फायदा उठाओ।",Poll → result tease → value → swipe-up CTA,अपने इलाके के buyers देखो — अभी connect करो,#Moong #Kisan #Kheti #AgroManch #IndianFarmer,Story graphic,06:00 PM,,,
219,11-01-2027,Infographic,Profit Calculator,"₹__ लगाओ, ₹__ कमाओ — बाजरा का सच्चा हिसाब","Profit Calculator — बाजरा: किसान भाइयों, सही buyer नहीं मिलता का हल AgroManch पर है। सीधे buyer, सही दाम, 72 घंटे में payment। नीचे दिए steps follow करो और आज ही फायदा उठाओ।",4-step vertical flow + top title + bottom CTA,रोज़ की मंडी update WhatsApp पर पाओ — join करो,#Bajra #Kisan #KhetiProfit #AgroManch #IndianFarmer,Infographic,09:30 AM,,,
220,12-01-2027,Engagement Post,Profit Calculator,AgroManch calculator से ज्वार का मुनाफा निकालो,"Profit Calculator — ज्वार: किसान भाइयों, कर्ज़ का बोझ का हल AgroManch पर है। सीधे buyer, सही दाम, 72 घंटे में payment। नीचे दिए steps follow करो और आज ही फायदा उठाओ।",सवाल + relatable image + 'comment करो' prompt,share करो ताकि हर किसान तक पहुँचे 🙏,#Jowar #Kisan #KhetiProfit #AgroManch #IndianFarmer,Poster,08:00 PM,,,
221,13-01-2027,Carousel (6-8 slides),Profit Calculator,हल्दी में 1 एकड़ = कितना मुनाफा? पूरा हिसाब,"Profit Calculator — हल्दी: किसान भाइयों, नकली बीज/खाद का हल AgroManch पर है। सीधे buyer, सही दाम, 72 घंटे में payment। नीचे दिए steps follow करो और आज ही फायदा उठाओ।",Slide1 hook → Slide2-6 value points → Slide7 proof → Slide8 CTA,हर हफ्ते नया feature — App update रखो,#Turmeric #Kisan #KhetiProfit #AgroManch #IndianFarmer,Carousel Cover,12:00 PM,,,
222,14-01-2027,Static Poster,Profit Calculator,"लागत ₹__, कमाई ₹__ — अदरक का गणित समझो","Profit Calculator — अदरक: किसान भाइयों, पानी की कमी का हल AgroManch पर है। सीधे buyer, सही दाम, 72 घंटे में payment। नीचे दिए steps follow करो और आज ही फायदा उठाओ।",बड़ा headline + 1 आँकड़ा + किसान image + CTA bar,"AgroManch पर बेचो, बेहतर margin पाओ 💰",#Ginger #Kisan #KhetiProfit #AgroManch #IndianFarmer,Poster,07:00 PM,,,
223,15-01-2027,Story (3-4 slides),Field Interview,'मैं बताता हूँ लहसुन में असली दिक्कत क्या है',"Field Interview — लहसुन: किसान भाइयों, मजदूरों की कमी का हल AgroManch पर है। सीधे buyer, सही दाम, 72 घंटे में payment। नीचे दिए steps follow करो और आज ही फायदा उठाओ।",Poll → result tease → value → swipe-up CTA,नीचे link पर tap करो और AgroManch पाओ 📲,#Garlic #Kisan #Kheti #AgroManch #IndianFarmer,Story graphic,06:00 PM,,,
224,16-01-2027,Infographic,Field Interview,गाँव-गाँव घूमकर पूछा — केला पर किसानों का जवाब,"Field Interview — केला: किसान भाइयों, सरकारी योजना की जानकारी नहीं का हल AgroManch पर है। सीधे buyer, सही दाम, 72 घंटे में payment। नीचे दिए steps follow करो और आज ही फायदा उठाओ।",4-step vertical flow + top title + bottom CTA,"एक बार register, ज़िंदगी भर फायदा — अभी करो",#Banana #Kisan #Kheti #AgroManch #IndianFarmer,Infographic,09:30 AM,,,
225,17-01-2027,Engagement Post,Old vs New,10 साल पहले vs आज — अनार किसान की ज़िंदगी,"Old vs New — अनार: किसान भाइयों, बाज़ार भाव की जानकारी नहीं का हल AgroManch पर है। सीधे buyer, सही दाम, 72 घंटे में payment। नीचे दिए steps follow करो और आज ही फायदा उठाओ।",सवाल + relatable image + 'comment करो' prompt,अभी फसल list करो — पहली sale आज ही 📲,#Pomegranate #Kisan #Kheti #AgroManch #IndianFarmer,Poster,08:00 PM,,,
226,18-01-2027,Carousel (6-8 slides),Old vs New,मंडी का इंतज़ार बनाम App पर बिक्री — Dragon Fruit देखो,"Old vs New — Dragon Fruit: किसान भाइयों, मंडी में कम भाव का हल AgroManch पर है। सीधे buyer, सही दाम, 72 घंटे में payment। नीचे दिए steps follow करो और आज ही फायदा उठाओ।",Slide1 hook → Slide2-6 value points → Slide7 proof → Slide8 CTA,अपने इलाके के buyers देखो — अभी connect करो,#DragonFruit #Kisan #Kheti #AgroManch #IndianFarmer,Carousel Cover,12:00 PM,,,
227,19-01-2027,Static Poster,Hidden Crop,यह फसल ₹__/kg बिकती है — कोई कर्नाटक में नहीं उगाता क्यों?,"Hidden Crop — स्ट्रॉबेरी: किसान भाइयों, बिचौलियों की लूट का हल AgroManch पर है। सीधे buyer, सही दाम, 72 घंटे में payment। नीचे दिए steps follow करो और आज ही फायदा उठाओ।",बड़ा headline + 1 आँकड़ा + किसान image + CTA bar,रोज़ की मंडी update WhatsApp पर पाओ — join करो,#Strawberry #Kisan #ProfitableFarming #AgroManch #IndianFarmer,Poster,07:00 PM,,,
228,20-01-2027,Story (3-4 slides),Hidden Crop,मशरूम छोड़ो — यह फसल 3 गुना कमाई देती है,"Hidden Crop — मशरूम: किसान भाइयों, payment में देरी का हल AgroManch पर है। सीधे buyer, सही दाम, 72 घंटे में payment। नीचे दिए steps follow करो और आज ही फायदा उठाओ।",Poll → result tease → value → swipe-up CTA,share करो ताकि हर किसान तक पहुँचे 🙏,#Mushroom #Kisan #ProfitableFarming #AgroManch #IndianFarmer,Story graphic,06:00 PM,,,
229,21-01-2027,Infographic,Hidden Crop,विदेश में इस फसल की भारी मांग — आप क्यों चूक रहे?,"Hidden Crop — सब्ज़ी: किसान भाइयों, फसल में रोग/कीट का हल AgroManch पर है। सीधे buyer, सही दाम, 72 घंटे में payment। नीचे दिए steps follow करो और आज ही फायदा उठाओ।",4-step vertical flow + top title + bottom CTA,हर हफ्ते नया feature — App update रखो,#Vegetables #Kisan #ProfitableFarming #AgroManch #IndianFarmer,Infographic,09:30 AM,,,
230,22-01-2027,Engagement Post,Hidden Crop,"कम पानी, ज़्यादा दाम — यह छुपी फसल जानो","Hidden Crop — भिंडी: किसान भाइयों, मौसम का नुकसान का हल AgroManch पर है। सीधे buyer, सही दाम, 72 घंटे में payment। नीचे दिए steps follow करो और आज ही फायदा उठाओ।",सवाल + relatable image + 'comment करो' prompt,"AgroManch पर बेचो, बेहतर margin पाओ 💰",#Okra #Kisan #ProfitableFarming #AgroManch #IndianFarmer,Poster,08:00 PM,,,
231,23-01-2027,Carousel (6-8 slides),Tech Tutorial,5 मिनट में बैंगन बेचना सीखो — बिना confusion,"Tech Tutorial — बैंगन: किसान भाइयों, भंडारण की समस्या का हल AgroManch पर है। सीधे buyer, सही दाम, 72 घंटे में payment। नीचे दिए steps follow करो और आज ही फायदा उठाओ।",Slide1 hook → Slide2-6 value points → Slide7 proof → Slide8 CTA,नीचे link पर tap करो और AgroManch पाओ 📲,#Brinjal #Kisan #DigitalKisan #AgroManch #IndianFarmer,Carousel Cover,12:00 PM,,,
232,24-01-2027,Static Poster,Tech Tutorial,AgroManch के यह 5 features फूलगोभी किसान ज़रूर use करें,"Tech Tutorial — फूलगोभी: किसान भाइयों, transport खर्च का हल AgroManch पर है। सीधे buyer, सही दाम, 72 घंटे में payment। नीचे दिए steps follow करो और आज ही फायदा उठाओ।",बड़ा headline + 1 आँकड़ा + किसान image + CTA bar,"एक बार register, ज़िंदगी भर फायदा — अभी करो",#Cauliflower #Kisan #DigitalKisan #AgroManch #IndianFarmer,Poster,07:00 PM,,,
233,25-01-2027,Story (3-4 slides),Tech Tutorial,AgroManch पर मटर list करो — 5 मिनट tutorial,"Tech Tutorial — मटर: किसान भाइयों, quality grading का हल AgroManch पर है। सीधे buyer, सही दाम, 72 घंटे में payment। नीचे दिए steps follow करो और आज ही फायदा उठाओ।",Poll → result tease → value → swipe-up CTA,अभी फसल list करो — पहली sale आज ही 📲,#Peas #Kisan #DigitalKisan #AgroManch #IndianFarmer,Story graphic,06:00 PM,,,
234,26-01-2027,Infographic,Tech Tutorial,पहली बार App इस्तेमाल कर रहे? यह देखो — आसान है,"Tech Tutorial — अरहर: किसान भाइयों, सही buyer नहीं मिलता का हल AgroManch पर है। सीधे buyer, सही दाम, 72 घंटे में payment। नीचे दिए steps follow करो और आज ही फायदा उठाओ।",4-step vertical flow + top title + bottom CTA,अपने इलाके के buyers देखो — अभी connect करो,#Arhar #Kisan #DigitalKisan #AgroManch #IndianFarmer,Infographic,09:30 AM,,,
235,27-01-2027,Engagement Post,Award / Recognition,सरकार ने सम्मानित किया — यह किसान कौन है?,"Award / Recognition — मूंगफली: किसान भाइयों, कर्ज़ का बोझ का हल AgroManch पर है। सीधे buyer, सही दाम, 72 घंटे में payment। नीचे दिए steps follow करो और आज ही फायदा उठाओ।",सवाल + relatable image + 'comment करो' prompt,रोज़ की मंडी update WhatsApp पर पाओ — join करो,#Groundnut #Kisan #Kheti #AgroManch #IndianFarmer,Poster,08:00 PM,,,
236,28-01-2027,Carousel (6-8 slides),Regional Language,गुजरात के किसानों के लिए अवधी में खास video,"Regional Language — गेहूं: किसान भाइयों, नकली बीज/खाद का हल AgroManch पर है। सीधे buyer, सही दाम, 72 घंटे में payment। नीचे दिए steps follow करो और आज ही फायदा उठाओ।",Slide1 hook → Slide2-6 value points → Slide7 proof → Slide8 CTA,share करो ताकि हर किसान तक पहुँचे 🙏,#Wheat #Kisan #Bhojpuri #AgroManch #IndianFarmer,Carousel Cover,12:00 PM,,,
237,29-01-2027,Static Poster,Regional Language,राजस्थानी बोलने वाले किसान यह ज़रूर देखें,"Regional Language — धान: किसान भाइयों, पानी की कमी का हल AgroManch पर है। सीधे buyer, सही दाम, 72 घंटे में payment। नीचे दिए steps follow करो और आज ही फायदा उठाओ।",बड़ा headline + 1 आँकड़ा + किसान image + CTA bar,हर हफ्ते नया feature — App update रखो,#Paddy #Kisan #Bhojpuri #AgroManch #IndianFarmer,Poster,07:00 PM,,,
238,30-01-2027,Story (3-4 slides),Regional Language,घर जैसी भाषा में मक्का का गुर — गुजराती में,"Regional Language — मक्का: किसान भाइयों, मजदूरों की कमी का हल AgroManch पर है। सीधे buyer, सही दाम, 72 घंटे में payment। नीचे दिए steps follow करो और आज ही फायदा उठाओ।",Poll → result tease → value → swipe-up CTA,"AgroManch पर बेचो, बेहतर margin पाओ 💰",#Maize #Kisan #Bhojpuri #AgroManch #IndianFarmer,Story graphic,06:00 PM,,,
239,31-01-2027,Infographic,Regional Language,किसान भाई — आज कन्नड़ में सोयाबीन की बात,"Regional Language — सोयाबीन: किसान भाइयों, सरकारी योजना की जानकारी नहीं का हल AgroManch पर है। सीधे buyer, सही दाम, 72 घंटे में payment। नीचे दिए steps follow करो और आज ही फायदा उठाओ।",4-step vertical flow + top title + bottom CTA,नीचे link पर tap करो और AgroManch पाओ 📲,#Soybean #Kisan #Bhojpuri #AgroManch #IndianFarmer,Infographic,09:30 AM,,,
240,01-02-2027,Engagement Post,Community Debate,आप किससे बेचते हो कपास? Comment में बताओ,"Community Debate — कपास: किसान भाइयों, बाज़ार भाव की जानकारी नहीं का हल AgroManch पर है। सीधे buyer, सही दाम, 72 घंटे में payment। नीचे दिए steps follow करो और आज ही फायदा उठाओ।",सवाल + relatable image + 'comment करो' prompt,"एक बार register, ज़िंदगी भर फायदा — अभी करो",#Cotton #Kisan #Kheti #AgroManch #IndianFarmer,Poster,08:00 PM,,,
241,02-02-2027,Carousel (6-8 slides),Community Debate,गन्ना की सबसे बड़ी दिक्कत क्या है? खुलकर लिखो,"Community Debate — गन्ना: किसान भाइयों, मंडी में कम भाव का हल AgroManch पर है। सीधे buyer, सही दाम, 72 घंटे में payment। नीचे दिए steps follow करो और आज ही फायदा उठाओ।",Slide1 hook → Slide2-6 value points → Slide7 proof → Slide8 CTA,अभी फसल list करो — पहली sale आज ही 📲,#Sugarcane #Kisan #Kheti #AgroManch #IndianFarmer,Carousel Cover,12:00 PM,,,
242,03-02-2027,Static Poster,Seasonal Countdown,__ दिन में टमाटर का सीज़न — यह checklist देखो,"Seasonal Countdown — टमाटर: किसान भाइयों, बिचौलियों की लूट का हल AgroManch पर है। सीधे buyer, सही दाम, 72 घंटे में payment। नीचे दिए steps follow करो और आज ही फायदा उठाओ।",बड़ा headline + 1 आँकड़ा + किसान image + CTA bar,अपने इलाके के buyers देखो — अभी connect करो,#Tomato #Kisan #Kheti #AgroManch #IndianFarmer,Poster,07:00 PM,,,
243,04-02-2027,Story (3-4 slides),Seasonal Countdown,त्योहार से पहले प्याज के दाम चढ़ेंगे — तैयार रहो,"Seasonal Countdown — प्याज: किसान भाइयों, payment में देरी का हल AgroManch पर है। सीधे buyer, सही दाम, 72 घंटे में payment। नीचे दिए steps follow करो और आज ही फायदा उठाओ।",Poll → result tease → value → swipe-up CTA,रोज़ की मंडी update WhatsApp पर पाओ — join करो,#Onion #Kisan #Kheti #AgroManch #IndianFarmer,Story graphic,06:00 PM,,,
244,05-02-2027,Infographic,Seasonal Countdown,देर मत करो — आलू की सही timing निकल रही है,"Seasonal Countdown — आलू: किसान भाइयों, फसल में रोग/कीट का हल AgroManch पर है। सीधे buyer, सही दाम, 72 घंटे में payment। नीचे दिए steps follow करो और आज ही फायदा उठाओ।",4-step vertical flow + top title + bottom CTA,share करो ताकि हर किसान तक पहुँचे 🙏,#Potato #Kisan #Kheti #AgroManch #IndianFarmer,Infographic,09:30 AM,,,
245,06-02-2027,Engagement Post,Seasonal Countdown,मिर्च बुवाई में बस __ दिन बाकी — तैयारी शुरू!,"Seasonal Countdown — मिर्च: किसान भाइयों, मौसम का नुकसान का हल AgroManch पर है। सीधे buyer, सही दाम, 72 घंटे में payment। नीचे दिए steps follow करो और आज ही फायदा उठाओ।",सवाल + relatable image + 'comment करो' prompt,हर हफ्ते नया feature — App update रखो,#Chilli #Kisan #Kheti #AgroManch #IndianFarmer,Poster,08:00 PM,,,
246,07-02-2027,Carousel (6-8 slides),Profit Reveal,1 एकड़ सरसों = ₹__? यकीन नहीं होगा लेकिन सच है,"Profit Reveal — सरसों: किसान भाइयों, भंडारण की समस्या का हल AgroManch पर है। सीधे buyer, सही दाम, 72 घंटे में payment। नीचे दिए steps follow करो और आज ही फायदा उठाओ।",Slide1 hook → Slide2-6 value points → Slide7 proof → Slide8 CTA,"AgroManch पर बेचो, बेहतर margin पाओ 💰",#Mustard #Kisan #Kheti #AgroManch #IndianFarmer,Carousel Cover,12:00 PM,,,
247,08-02-2027,Static Poster,Profit Reveal,चना बेचकर इस किसान ने नई गाड़ी खरीदी — राज़ क्या है?,"Profit Reveal — चना: किसान भाइयों, transport खर्च का हल AgroManch पर है। सीधे buyer, सही दाम, 72 घंटे में payment। नीचे दिए steps follow करो और आज ही फायदा उठाओ।",बड़ा headline + 1 आँकड़ा + किसान image + CTA bar,नीचे link पर tap करो और AgroManch पाओ 📲,#Gram #Kisan #Kheti #AgroManch #IndianFarmer,Poster,07:00 PM,,,
248,09-02-2027,Story (3-4 slides),Profit Reveal,मंडी से दोगुना दाम — मूंग में यह तरीका कोई नहीं बताता,"Profit Reveal — मूंग: किसान भाइयों, quality grading का हल AgroManch पर है। सीधे buyer, सही दाम, 72 घंटे में payment। नीचे दिए steps follow करो और आज ही फायदा उठाओ।",Poll → result tease → value → swipe-up CTA,"एक बार register, ज़िंदगी भर फायदा — अभी करो",#Moong #Kisan #Kheti #AgroManch #IndianFarmer,Story graphic,06:00 PM,,,
249,10-02-2027,Infographic,Profit Reveal,₹__ extra हर quintal — बाजरा किसान यह गलती मत करना,"Profit Reveal — बाजरा: किसान भाइयों, सही buyer नहीं मिलता का हल AgroManch पर है। सीधे buyer, सही दाम, 72 घंटे में payment। नीचे दिए steps follow करो और आज ही फायदा उठाओ।",4-step vertical flow + top title + bottom CTA,अभी फसल list करो — पहली sale आज ही 📲,#Bajra #Kisan #Kheti #AgroManch #IndianFarmer,Infographic,09:30 AM,,,
250,11-02-2027,Engagement Post,Mandi Shock,ज्वार का सही भाव क्या है? मंडी आपको कभी नहीं बताएगी,"Mandi Shock — ज्वार: किसान भाइयों, कर्ज़ का बोझ का हल AgroManch पर है। सीधे buyer, सही दाम, 72 घंटे में payment। नीचे दिए steps follow करो और आज ही फायदा उठाओ।",सवाल + relatable image + 'comment करो' prompt,अपने इलाके के buyers देखो — अभी connect करो,#Jowar #Kisan #MandiBhav #AgroManch #IndianFarmer,Poster,08:00 PM,,,
251,12-02-2027,Carousel (6-8 slides),Mandi Shock,हल्दी मंडी में ₹__/kg — AgroManch पर ₹__! फर्क देखो 🔴🟢,"Mandi Shock — हल्दी: किसान भाइयों, नकली बीज/खाद का हल AgroManch पर है। सीधे buyer, सही दाम, 72 घंटे में payment। नीचे दिए steps follow करो और आज ही फायदा उठाओ।",Slide1 hook → Slide2-6 value points → Slide7 proof → Slide8 CTA,रोज़ की मंडी update WhatsApp पर पाओ — join करो,#Turmeric #Kisan #MandiBhav #AgroManch #IndianFarmer,Carousel Cover,12:00 PM,,,
252,13-02-2027,Static Poster,Mandi Shock,रुको! अदरक मंडी ले जाने से पहले यह video देखो,"Mandi Shock — अदरक: किसान भाइयों, पानी की कमी का हल AgroManch पर है। सीधे buyer, सही दाम, 72 घंटे में payment। नीचे दिए steps follow करो और आज ही फायदा उठाओ।",बड़ा headline + 1 आँकड़ा + किसान image + CTA bar,share करो ताकि हर किसान तक पहुँचे 🙏,#Ginger #Kisan #MandiBhav #AgroManch #IndianFarmer,Poster,07:00 PM,,,
253,14-02-2027,Story (3-4 slides),Mandi Shock,मंडी में आपका लहसुन ₹__ में बिका — असली कीमत ₹__ थी,"Mandi Shock — लहसुन: किसान भाइयों, मजदूरों की कमी का हल AgroManch पर है। सीधे buyer, सही दाम, 72 घंटे में payment। नीचे दिए steps follow करो और आज ही फायदा उठाओ।",Poll → result tease → value → swipe-up CTA,हर हफ्ते नया feature — App update रखो,#Garlic #Kisan #MandiBhav #AgroManch #IndianFarmer,Story graphic,06:00 PM,,,
254,15-02-2027,Infographic,Crop Emergency Alert,🚨 केला किसान alert: यह लक्षण दिखे तो देर मत करना,"Crop Emergency Alert — केला: किसान भाइयों, सरकारी योजना की जानकारी नहीं का हल AgroManch पर है। सीधे buyer, सही दाम, 72 घंटे में payment। नीचे दिए steps follow करो और आज ही फायदा उठाओ।",4-step vertical flow + top title + bottom CTA,"AgroManch पर बेचो, बेहतर margin पाओ 💰",#Banana #Kisan #FasalRog #AgroManch #IndianFarmer,Infographic,09:30 AM,,,
255,16-02-2027,Engagement Post,Crop Emergency Alert,पड़ोसी की अनार चौपट हो गई — आपकी कैसे बचेगी?,"Crop Emergency Alert — अनार: किसान भाइयों, बाज़ार भाव की जानकारी नहीं का हल AgroManch पर है। सीधे buyer, सही दाम, 72 घंटे में payment। नीचे दिए steps follow करो और आज ही फायदा उठाओ।",सवाल + relatable image + 'comment करो' prompt,नीचे link पर tap करो और AgroManch पाओ 📲,#Pomegranate #Kisan #FasalRog #AgroManch #IndianFarmer,Poster,08:00 PM,,,
256,17-02-2027,Carousel (6-8 slides),Crop Emergency Alert,Dragon Fruit में यह दाग = खतरे की घंटी। इलाज यहाँ देखो,"Crop Emergency Alert — Dragon Fruit: किसान भाइयों, मंडी में कम भाव का हल AgroManch पर है। सीधे buyer, सही दाम, 72 घंटे में payment। नीचे दिए steps follow करो और आज ही फायदा उठाओ।",Slide1 hook → Slide2-6 value points → Slide7 proof → Slide8 CTA,"एक बार register, ज़िंदगी भर फायदा — अभी करो",#DragonFruit #Kisan #FasalRog #AgroManch #IndianFarmer,Carousel Cover,12:00 PM,,,
257,18-02-2027,Static Poster,Crop Emergency Alert,🚨 कर्नाटक में स्ट्रॉबेरी पर रोग फैल रहा — 72 घंटे में यह करो,"Crop Emergency Alert — स्ट्रॉबेरी: किसान भाइयों, बिचौलियों की लूट का हल AgroManch पर है। सीधे buyer, सही दाम, 72 घंटे में payment। नीचे दिए steps follow करो और आज ही फायदा उठाओ।",बड़ा headline + 1 आँकड़ा + किसान image + CTA bar,अभी फसल list करो — पहली sale आज ही 📲,#Strawberry #Kisan #FasalRog #AgroManch #IndianFarmer,Poster,07:00 PM,,,
258,19-02-2027,Story (3-4 slides),Farmer Success Story,पश्चिम बंगाल के इस किसान की कहानी आपको रुला देगी,"Farmer Success Story — मशरूम: किसान भाइयों, payment में देरी का हल AgroManch पर है। सीधे buyer, सही दाम, 72 घंटे में payment। नीचे दिए steps follow करो और आज ही फायदा उठाओ।",Poll → result tease → value → swipe-up CTA,अपने इलाके के buyers देखो — अभी connect करो,#Mushroom #Kisan #Kheti #AgroManch #IndianFarmer,Story graphic,06:00 PM,,,
259,20-02-2027,Infographic,Farmer Success Story,कर्ज़ में डूबा किसान — सब्ज़ी ने ज़िंदगी बदल दी,"Farmer Success Story — सब्ज़ी: किसान भाइयों, फसल में रोग/कीट का हल AgroManch पर है। सीधे buyer, सही दाम, 72 घंटे में payment। नीचे दिए steps follow करो और आज ही फायदा उठाओ।",4-step vertical flow + top title + bottom CTA,रोज़ की मंडी update WhatsApp पर पाओ — join करो,#Vegetables #Kisan #Kheti #AgroManch #IndianFarmer,Infographic,09:30 AM,,,
260,21-02-2027,Engagement Post,Farmer Success Story,"मज़दूरी छोड़ी, भिंडी अपनाई — आज लाखों कमाता है","Farmer Success Story — भिंडी: किसान भाइयों, मौसम का नुकसान का हल AgroManch पर है। सीधे buyer, सही दाम, 72 घंटे में payment। नीचे दिए steps follow करो और आज ही फायदा उठाओ।",सवाल + relatable image + 'comment करो' prompt,share करो ताकि हर किसान तक पहुँचे 🙏,#Okra #Kisan #Kheti #AgroManch #IndianFarmer,Poster,08:00 PM,,,
261,22-02-2027,Carousel (6-8 slides),Farmer Success Story,'मेरे पिता मंडी में लुटते थे — मैंने तरीका बदला',"Farmer Success Story — बैंगन: किसान भाइयों, भंडारण की समस्या का हल AgroManch पर है। सीधे buyer, सही दाम, 72 घंटे में payment। नीचे दिए steps follow करो और आज ही फायदा उठाओ।",Slide1 hook → Slide2-6 value points → Slide7 proof → Slide8 CTA,हर हफ्ते नया feature — App update रखो,#Brinjal #Kisan #Kheti #AgroManch #IndianFarmer,Carousel Cover,12:00 PM,,,
262,23-02-2027,Static Poster,Machinery Pride,इस जुगाड़ मशीन ने MP के किसान का खेल बदल दिया,"Machinery Pride — फूलगोभी: किसान भाइयों, transport खर्च का हल AgroManch पर है। सीधे buyer, सही दाम, 72 घंटे में payment। नीचे दिए steps follow करो और आज ही फायदा उठाओ।",बड़ा headline + 1 आँकड़ा + किसान image + CTA bar,"AgroManch पर बेचो, बेहतर margin पाओ 💰",#Cauliflower #Kisan #Kheti #AgroManch #IndianFarmer,Poster,07:00 PM,,,
263,24-02-2027,Story (3-4 slides),Machinery Pride,यह मशीन मटर की लागत आधी कर देती है 😮,"Machinery Pride — मटर: किसान भाइयों, quality grading का हल AgroManch पर है। सीधे buyer, सही दाम, 72 घंटे में payment। नीचे दिए steps follow करो और आज ही फायदा उठाओ।",Poll → result tease → value → swipe-up CTA,नीचे link पर tap करो और AgroManch पाओ 📲,#Peas #Kisan #Kheti #AgroManch #IndianFarmer,Story graphic,06:00 PM,,,
264,25-02-2027,Infographic,Scheme Bomb,e-NAM में ₹__ सीधे खाते में — eligibility देखो,"Scheme Bomb — अरहर: किसान भाइयों, सही buyer नहीं मिलता का हल AgroManch पर है। सीधे buyer, सही दाम, 72 घंटे में payment। नीचे दिए steps follow करो और आज ही फायदा उठाओ।",4-step vertical flow + top title + bottom CTA,"एक बार register, ज़िंदगी भर फायदा — अभी करो",#Arhar #Kisan #SarkariYojana #AgroManch #IndianFarmer,Infographic,09:30 AM,,,
265,26-02-2027,Engagement Post,Scheme Bomb,90% किसान Soil Health Card का पैसा छोड़ देते हैं — आप मत छोड़ना,"Scheme Bomb — मूंगफली: किसान भाइयों, कर्ज़ का बोझ का हल AgroManch पर है। सीधे buyer, सही दाम, 72 घंटे में payment। नीचे दिए steps follow करो और आज ही फायदा उठाओ।",सवाल + relatable image + 'comment करो' prompt,अभी फसल list करो — पहली sale आज ही 📲,#Groundnut #Kisan #SarkariYojana #AgroManch #IndianFarmer,Poster,08:00 PM,,,
266,27-02-2027,Carousel (6-8 slides),Scheme Bomb,PKVY जैविक की last date नज़दीक — आज ही apply करो,"Scheme Bomb — गेहूं: किसान भाइयों, नकली बीज/खाद का हल AgroManch पर है। सीधे buyer, सही दाम, 72 घंटे में payment। नीचे दिए steps follow करो और आज ही फायदा उठाओ।",Slide1 hook → Slide2-6 value points → Slide7 proof → Slide8 CTA,अपने इलाके के buyers देखो — अभी connect करो,#Wheat #Kisan #SarkariYojana #AgroManch #IndianFarmer,Carousel Cover,12:00 PM,,,
267,28-02-2027,Static Poster,Scheme Bomb,यह document नहीं है तो Agri Infrastructure Fund का पैसा रुक जाएगा,"Scheme Bomb — धान: किसान भाइयों, पानी की कमी का हल AgroManch पर है। सीधे buyer, सही दाम, 72 घंटे में payment। नीचे दिए steps follow करो और आज ही फायदा उठाओ।",बड़ा headline + 1 आँकड़ा + किसान image + CTA bar,रोज़ की मंडी update WhatsApp पर पाओ — join करो,#Paddy #Kisan #SarkariYojana #AgroManch #IndianFarmer,Poster,07:00 PM,,,
268,01-03-2027,Story (3-4 slides),Jugaad Hack,पुरानी बोतल से मक्का की सिंचाई — step by step,"Jugaad Hack — मक्का: किसान भाइयों, मजदूरों की कमी का हल AgroManch पर है। सीधे buyer, सही दाम, 72 घंटे में payment। नीचे दिए steps follow करो और आज ही फायदा उठाओ।",Poll → result tease → value → swipe-up CTA,share करो ताकि हर किसान तक पहुँचे 🙏,#Maize #Kisan #FarmingHacks #AgroManch #IndianFarmer,Story graphic,06:00 PM,,,
269,02-03-2027,Infographic,Jugaad Hack,₹__ में सोयाबीन का जुगाड़ — 90% किसान नहीं जानते,"Jugaad Hack — सोयाबीन: किसान भाइयों, सरकारी योजना की जानकारी नहीं का हल AgroManch पर है। सीधे buyer, सही दाम, 72 घंटे में payment। नीचे दिए steps follow करो और आज ही फायदा उठाओ।",4-step vertical flow + top title + bottom CTA,हर हफ्ते नया feature — App update रखो,#Soybean #Kisan #FarmingHacks #AgroManch #IndianFarmer,Infographic,09:30 AM,,,
270,03-03-2027,Engagement Post,Before / After,6 महीने में यह बदलाव — कपास किसान ने कैसे किया?,"Before / After — कपास: किसान भाइयों, बाज़ार भाव की जानकारी नहीं का हल AgroManch पर है। सीधे buyer, सही दाम, 72 घंटे में payment। नीचे दिए steps follow करो और आज ही फायदा उठाओ।",सवाल + relatable image + 'comment करो' prompt,"AgroManch पर बेचो, बेहतर margin पाओ 💰",#Cotton #Kisan #Kheti #AgroManch #IndianFarmer,Poster,08:00 PM,,,
271,04-03-2027,Carousel (6-8 slides),Before / After,बंजर ज़मीन से हरी-भरी गन्ना — पूरी कहानी,"Before / After — गन्ना: किसान भाइयों, मंडी में कम भाव का हल AgroManch पर है। सीधे buyer, सही दाम, 72 घंटे में payment। नीचे दिए steps follow करो और आज ही फायदा उठाओ।",Slide1 hook → Slide2-6 value points → Slide7 proof → Slide8 CTA,नीचे link पर tap करो और AgroManch पाओ 📲,#Sugarcane #Kisan #Kheti #AgroManch #IndianFarmer,Carousel Cover,12:00 PM,,,
272,05-03-2027,Static Poster,Mahila Kisan,गाँव की महिलाओं ने टमाटर से बदली किस्मत,"Mahila Kisan — टमाटर: किसान भाइयों, बिचौलियों की लूट का हल AgroManch पर है। सीधे buyer, सही दाम, 72 घंटे में payment। नीचे दिए steps follow करो और आज ही फायदा उठाओ।",बड़ा headline + 1 आँकड़ा + किसान image + CTA bar,"एक बार register, ज़िंदगी भर फायदा — अभी करो",#Tomato #Kisan #MahilaKisan #AgroManch #IndianFarmer,Poster,07:00 PM,,,
273,06-03-2027,Story (3-4 slides),Mahila Kisan,महिला किसान + AgroManch = ₹__ सालाना income,"Mahila Kisan — प्याज: किसान भाइयों, payment में देरी का हल AgroManch पर है। सीधे buyer, सही दाम, 72 घंटे में payment। नीचे दिए steps follow करो और आज ही फायदा उठाओ।",Poll → result tease → value → swipe-up CTA,अभी फसल list करो — पहली sale आज ही 📲,#Onion #Kisan #MahilaKisan #AgroManch #IndianFarmer,Story graphic,06:00 PM,,,
274,07-03-2027,Infographic,Mahila Kisan,खेती सिर्फ मर्दों का काम? यह महिला गलत साबित करती है,"Mahila Kisan — आलू: किसान भाइयों, फसल में रोग/कीट का हल AgroManch पर है। सीधे buyer, सही दाम, 72 घंटे में payment। नीचे दिए steps follow करो और आज ही फायदा उठाओ।",4-step vertical flow + top title + bottom CTA,अपने इलाके के buyers देखो — अभी connect करो,#Potato #Kisan #MahilaKisan #AgroManch #IndianFarmer,Infographic,09:30 AM,,,
275,08-03-2027,Engagement Post,Mahila Kisan,'अकेले 3 एकड़ मिर्च संभाला' — रेखा देवी की कहानी,"Mahila Kisan — मिर्च: किसान भाइयों, मौसम का नुकसान का हल AgroManch पर है। सीधे buyer, सही दाम, 72 घंटे में payment। नीचे दिए steps follow करो और आज ही फायदा उठाओ।",सवाल + relatable image + 'comment करो' prompt,रोज़ की मंडी update WhatsApp पर पाओ — join करो,#Chilli #Kisan #MahilaKisan #AgroManch #IndianFarmer,Poster,08:00 PM,,,
276,09-03-2027,Carousel (6-8 slides),Weather Emergency,बारिश से पहले सरसों में यह करना ज़रूरी है,"Weather Emergency — सरसों: किसान भाइयों, भंडारण की समस्या का हल AgroManch पर है। सीधे buyer, सही दाम, 72 घंटे में payment। नीचे दिए steps follow करो और आज ही फायदा उठाओ।",Slide1 hook → Slide2-6 value points → Slide7 proof → Slide8 CTA,share करो ताकि हर किसान तक पहुँचे 🙏,#Mustard #Kisan #MausamAlert #AgroManch #IndianFarmer,Carousel Cover,12:00 PM,,,
277,10-03-2027,Static Poster,Weather Emergency,ओलावृष्टि का खतरा — चना किसान तुरंत यह करो,"Weather Emergency — चना: किसान भाइयों, transport खर्च का हल AgroManch पर है। सीधे buyer, सही दाम, 72 घंटे में payment। नीचे दिए steps follow करो और आज ही फायदा उठाओ।",बड़ा headline + 1 आँकड़ा + किसान image + CTA bar,हर हफ्ते नया feature — App update रखो,#Gram #Kisan #MausamAlert #AgroManch #IndianFarmer,Poster,07:00 PM,,,
278,11-03-2027,Story (3-4 slides),Weather Emergency,🚨 तूफान आ रहा है — खड़ी मूंग कैसे बचाएँ?,"Weather Emergency — मूंग: किसान भाइयों, quality grading का हल AgroManch पर है। सीधे buyer, सही दाम, 72 घंटे में payment। नीचे दिए steps follow करो और आज ही फायदा उठाओ।",Poll → result tease → value → swipe-up CTA,"AgroManch पर बेचो, बेहतर margin पाओ 💰",#Moong #Kisan #MausamAlert #AgroManch #IndianFarmer,Story graphic,06:00 PM,,,
279,12-03-2027,Infographic,Weather Emergency,मौसम बदलते ही बाजरा पर यह असर — तैयार रहो,"Weather Emergency — बाजरा: किसान भाइयों, सही buyer नहीं मिलता का हल AgroManch पर है। सीधे buyer, सही दाम, 72 घंटे में payment। नीचे दिए steps follow करो और आज ही फायदा उठाओ।",4-step vertical flow + top title + bottom CTA,नीचे link पर tap करो और AgroManch पाओ 📲,#Bajra #Kisan #MausamAlert #AgroManch #IndianFarmer,Infographic,09:30 AM,,,
280,13-03-2027,Engagement Post,Myth Buster,सालों से गलत कर रहे हो? ज्वार की सच्चाई यहाँ,"Myth Buster — ज्वार: किसान भाइयों, कर्ज़ का बोझ का हल AgroManch पर है। सीधे buyer, सही दाम, 72 घंटे में payment। नीचे दिए steps follow करो और आज ही फायदा उठाओ।",सवाल + relatable image + 'comment करो' prompt,"एक बार register, ज़िंदगी भर फायदा — अभी करो",#Jowar #Kisan #Kheti #AgroManch #IndianFarmer,Poster,08:00 PM,,,
281,14-03-2027,Carousel (6-8 slides),Profit Calculator,हल्दी में 1 एकड़ = कितना मुनाफा? पूरा हिसाब,"Profit Calculator — हल्दी: किसान भाइयों, नकली बीज/खाद का हल AgroManch पर है। सीधे buyer, सही दाम, 72 घंटे में payment। नीचे दिए steps follow करो और आज ही फायदा उठाओ।",Slide1 hook → Slide2-6 value points → Slide7 proof → Slide8 CTA,अभी फसल list करो — पहली sale आज ही 📲,#Turmeric #Kisan #KhetiProfit #AgroManch #IndianFarmer,Carousel Cover,12:00 PM,,,
282,15-03-2027,Static Poster,Profit Calculator,"लागत ₹__, कमाई ₹__ — अदरक का गणित समझो","Profit Calculator — अदरक: किसान भाइयों, पानी की कमी का हल AgroManch पर है। सीधे buyer, सही दाम, 72 घंटे में payment। नीचे दिए steps follow करो और आज ही फायदा उठाओ।",बड़ा headline + 1 आँकड़ा + किसान image + CTA bar,अपने इलाके के buyers देखो — अभी connect करो,#Ginger #Kisan #KhetiProfit #AgroManch #IndianFarmer,Poster,07:00 PM,,,
283,16-03-2027,Story (3-4 slides),Profit Calculator,लहसुन बोने से पहले यह calculation ज़रूर देखो,"Profit Calculator — लहसुन: किसान भाइयों, मजदूरों की कमी का हल AgroManch पर है। सीधे buyer, सही दाम, 72 घंटे में payment। नीचे दिए steps follow करो और आज ही फायदा उठाओ।",Poll → result tease → value → swipe-up CTA,रोज़ की मंडी update WhatsApp पर पाओ — join करो,#Garlic #Kisan #KhetiProfit #AgroManch #IndianFarmer,Story graphic,06:00 PM,,,
284,17-03-2027,Infographic,Profit Calculator,कौन सी फसल ज़्यादा देगी? केला बनाम बाकी,"Profit Calculator — केला: किसान भाइयों, सरकारी योजना की जानकारी नहीं का हल AgroManch पर है। सीधे buyer, सही दाम, 72 घंटे में payment। नीचे दिए steps follow करो और आज ही फायदा उठाओ।",4-step vertical flow + top title + bottom CTA,share करो ताकि हर किसान तक पहुँचे 🙏,#Banana #Kisan #KhetiProfit #AgroManch #IndianFarmer,Infographic,09:30 AM,,,
285,18-03-2027,Engagement Post,Field Interview,हरियाणा का यह किसान अनार पर बेबाक बोला,"Field Interview — अनार: किसान भाइयों, बाज़ार भाव की जानकारी नहीं का हल AgroManch पर है। सीधे buyer, सही दाम, 72 घंटे में payment। नीचे दिए steps follow करो और आज ही फायदा उठाओ।",सवाल + relatable image + 'comment करो' prompt,हर हफ्ते नया feature — App update रखो,#Pomegranate #Kisan #Kheti #AgroManch #IndianFarmer,Poster,08:00 PM,,,
286,19-03-2027,Carousel (6-8 slides),Field Interview,कैमरे के सामने किसान ने खोले Dragon Fruit के राज़,"Field Interview — Dragon Fruit: किसान भाइयों, मंडी में कम भाव का हल AgroManch पर है। सीधे buyer, सही दाम, 72 घंटे में payment। नीचे दिए steps follow करो और आज ही फायदा उठाओ।",Slide1 hook → Slide2-6 value points → Slide7 proof → Slide8 CTA,"AgroManch पर बेचो, बेहतर margin पाओ 💰",#DragonFruit #Kisan #Kheti #AgroManch #IndianFarmer,Carousel Cover,12:00 PM,,,
287,20-03-2027,Static Poster,Old vs New,स्ट्रॉबेरी बेचने का पुराना तरीका vs AgroManch — 5 घंटे vs 5 मिनट,"Old vs New — स्ट्रॉबेरी: किसान भाइयों, बिचौलियों की लूट का हल AgroManch पर है। सीधे buyer, सही दाम, 72 घंटे में payment। नीचे दिए steps follow करो और आज ही फायदा उठाओ।",बड़ा headline + 1 आँकड़ा + किसान image + CTA bar,नीचे link पर tap करो और AgroManch पाओ 📲,#Strawberry #Kisan #Kheti #AgroManch #IndianFarmer,Poster,07:00 PM,,,
288,21-03-2027,Story (3-4 slides),Old vs New,बैलगाड़ी से ड्रोन तक — मशरूम खेती कितनी बदली,"Old vs New — मशरूम: किसान भाइयों, payment में देरी का हल AgroManch पर है। सीधे buyer, सही दाम, 72 घंटे में payment। नीचे दिए steps follow करो और आज ही फायदा उठाओ।",Poll → result tease → value → swipe-up CTA,"एक बार register, ज़िंदगी भर फायदा — अभी करो",#Mushroom #Kisan #Kheti #AgroManch #IndianFarmer,Story graphic,06:00 PM,,,
289,22-03-2027,Infographic,Hidden Crop,विदेश में इस फसल की भारी मांग — आप क्यों चूक रहे?,"Hidden Crop — सब्ज़ी: किसान भाइयों, फसल में रोग/कीट का हल AgroManch पर है। सीधे buyer, सही दाम, 72 घंटे में payment। नीचे दिए steps follow करो और आज ही फायदा उठाओ।",4-step vertical flow + top title + bottom CTA,अभी फसल list करो — पहली sale आज ही 📲,#Vegetables #Kisan #ProfitableFarming #AgroManch #IndianFarmer,Infographic,09:30 AM,,,
290,23-03-2027,Engagement Post,Hidden Crop,"कम पानी, ज़्यादा दाम — यह छुपी फसल जानो","Hidden Crop — भिंडी: किसान भाइयों, मौसम का नुकसान का हल AgroManch पर है। सीधे buyer, सही दाम, 72 घंटे में payment। नीचे दिए steps follow करो और आज ही फायदा उठाओ।",सवाल + relatable image + 'comment करो' prompt,अपने इलाके के buyers देखो — अभी connect करो,#Okra #Kisan #ProfitableFarming #AgroManch #IndianFarmer,Poster,08:00 PM,,,
291,24-03-2027,Carousel (6-8 slides),Hidden Crop,1 एकड़ में ₹__ — यह फसल कोई नहीं बताता,"Hidden Crop — बैंगन: किसान भाइयों, भंडारण की समस्या का हल AgroManch पर है। सीधे buyer, सही दाम, 72 घंटे में payment। नीचे दिए steps follow करो और आज ही फायदा उठाओ।",Slide1 hook → Slide2-6 value points → Slide7 proof → Slide8 CTA,रोज़ की मंडी update WhatsApp पर पाओ — join करो,#Brinjal #Kisan #ProfitableFarming #AgroManch #IndianFarmer,Carousel Cover,12:00 PM,,,
292,25-03-2027,Static Poster,Hidden Crop,AgroManch पर इस फसल के __ buyers इंतज़ार में हैं,"Hidden Crop — फूलगोभी: किसान भाइयों, transport खर्च का हल AgroManch पर है। सीधे buyer, सही दाम, 72 घंटे में payment। नीचे दिए steps follow करो और आज ही फायदा उठाओ।",बड़ा headline + 1 आँकड़ा + किसान image + CTA bar,share करो ताकि हर किसान तक पहुँचे 🙏,#Cauliflower #Kisan #ProfitableFarming #AgroManch #IndianFarmer,Poster,07:00 PM,,,
293,26-03-2027,Story (3-4 slides),Tech Tutorial,AgroManch पर मटर list करो — 5 मिनट tutorial,"Tech Tutorial — मटर: किसान भाइयों, quality grading का हल AgroManch पर है। सीधे buyer, सही दाम, 72 घंटे में payment। नीचे दिए steps follow करो और आज ही फायदा उठाओ।",Poll → result tease → value → swipe-up CTA,हर हफ्ते नया feature — App update रखो,#Peas #Kisan #DigitalKisan #AgroManch #IndianFarmer,Story graphic,06:00 PM,,,
294,27-03-2027,Infographic,Tech Tutorial,पहली बार App इस्तेमाल कर रहे? यह देखो — आसान है,"Tech Tutorial — अरहर: किसान भाइयों, सही buyer नहीं मिलता का हल AgroManch पर है। सीधे buyer, सही दाम, 72 घंटे में payment। नीचे दिए steps follow करो और आज ही फायदा उठाओ।",4-step vertical flow + top title + bottom CTA,"AgroManch पर बेचो, बेहतर margin पाओ 💰",#Arhar #Kisan #DigitalKisan #AgroManch #IndianFarmer,Infographic,09:30 AM,,,
295,28-03-2027,Engagement Post,Tech Tutorial,मूंगफली की photo कैसे डालें कि ज़्यादा दाम मिले,"Tech Tutorial — मूंगफली: किसान भाइयों, कर्ज़ का बोझ का हल AgroManch पर है। सीधे buyer, सही दाम, 72 घंटे में payment। नीचे दिए steps follow करो और आज ही फायदा उठाओ।",सवाल + relatable image + 'comment करो' prompt,नीचे link पर tap करो और AgroManch पाओ 📲,#Groundnut #Kisan #DigitalKisan #AgroManch #IndianFarmer,Poster,08:00 PM,,,
296,29-03-2027,Carousel (6-8 slides),Tech Tutorial,App पर payment कैसे आता है? step by step Hindi में,"Tech Tutorial — गेहूं: किसान भाइयों, नकली बीज/खाद का हल AgroManch पर है। सीधे buyer, सही दाम, 72 घंटे में payment। नीचे दिए steps follow करो और आज ही फायदा उठाओ।",Slide1 hook → Slide2-6 value points → Slide7 proof → Slide8 CTA,"एक बार register, ज़िंदगी भर फायदा — अभी करो",#Wheat #Kisan #DigitalKisan #AgroManch #IndianFarmer,Carousel Cover,12:00 PM,,,
297,30-03-2027,Static Poster,Award / Recognition,आपका नाम भी यहाँ हो सकता है — nominate करो,"Award / Recognition — धान: किसान भाइयों, पानी की कमी का हल AgroManch पर है। सीधे buyer, सही दाम, 72 घंटे में payment। नीचे दिए steps follow करो और आज ही फायदा उठाओ।",बड़ा headline + 1 आँकड़ा + किसान image + CTA bar,अभी फसल list करो — पहली sale आज ही 📲,#Paddy #Kisan #Kheti #AgroManch #IndianFarmer,Poster,07:00 PM,,,
298,31-03-2027,Story (3-4 slides),Regional Language,घर जैसी भाषा में मक्का का गुर — गुजराती में,"Regional Language — मक्का: किसान भाइयों, मजदूरों की कमी का हल AgroManch पर है। सीधे buyer, सही दाम, 72 घंटे में payment। नीचे दिए steps follow करो और आज ही फायदा उठाओ।",Poll → result tease → value → swipe-up CTA,अपने इलाके के buyers देखो — अभी connect करो,#Maize #Kisan #Bhojpuri #AgroManch #IndianFarmer,Story graphic,06:00 PM,,,
299,01-04-2027,Infographic,Regional Language,किसान भाई — आज कन्नड़ में सोयाबीन की बात,"Regional Language — सोयाबीन: किसान भाइयों, सरकारी योजना की जानकारी नहीं का हल AgroManch पर है। सीधे buyer, सही दाम, 72 घंटे में payment। नीचे दिए steps follow करो और आज ही फायदा उठाओ।",4-step vertical flow + top title + bottom CTA,रोज़ की मंडी update WhatsApp पर पाओ — join करो,#Soybean #Kisan #Bhojpuri #AgroManch #IndianFarmer,Infographic,09:30 AM,,,
300,02-04-2027,Engagement Post,Regional Language,बंगाली में सुनो: AgroManch पर कपास कैसे बेचें,"Regional Language — कपास: किसान भाइयों, बाज़ार भाव की जानकारी नहीं का हल AgroManch पर है। सीधे buyer, सही दाम, 72 घंटे में payment। नीचे दिए steps follow करो और आज ही फायदा उठाओ।",सवाल + relatable image + 'comment करो' prompt,share करो ताकि हर किसान तक पहुँचे 🙏,#Cotton #Kisan #Bhojpuri #AgroManch #IndianFarmer,Poster,08:00 PM,,,
301,03-04-2027,Carousel (6-8 slides),Regional Language,अपनी भाषा में खेती की पूरी जानकारी — भोजपुरी,"Regional Language — गन्ना: किसान भाइयों, मंडी में कम भाव का हल AgroManch पर है। सीधे buyer, सही दाम, 72 घंटे में payment। नीचे दिए steps follow करो और आज ही फायदा उठाओ।",Slide1 hook → Slide2-6 value points → Slide7 proof → Slide8 CTA,हर हफ्ते नया feature — App update रखो,#Sugarcane #Kisan #Bhojpuri #AgroManch #IndianFarmer,Carousel Cover,12:00 PM,,,
302,04-04-2027,Static Poster,Community Debate,मंडी बनाम App — आप किसके साथ हो? Vote करो,"Community Debate — टमाटर: किसान भाइयों, बिचौलियों की लूट का हल AgroManch पर है। सीधे buyer, सही दाम, 72 घंटे में payment। नीचे दिए steps follow करो और आज ही फायदा उठाओ।",बड़ा headline + 1 आँकड़ा + किसान image + CTA bar,"AgroManch पर बेचो, बेहतर margin पाओ 💰",#Tomato #Kisan #Kheti #AgroManch #IndianFarmer,Poster,07:00 PM,,,
303,05-04-2027,Story (3-4 slides),Community Debate,किसान की सबसे बड़ी समस्या? आपकी आवाज़ चाहिए,"Community Debate — प्याज: किसान भाइयों, payment में देरी का हल AgroManch पर है। सीधे buyer, सही दाम, 72 घंटे में payment। नीचे दिए steps follow करो और आज ही फायदा उठाओ।",Poll → result tease → value → swipe-up CTA,नीचे link पर tap करो और AgroManch पाओ 📲,#Onion #Kisan #Kheti #AgroManch #IndianFarmer,Story graphic,06:00 PM,,,
304,06-04-2027,Infographic,Seasonal Countdown,देर मत करो — आलू की सही timing निकल रही है,"Seasonal Countdown — आलू: किसान भाइयों, फसल में रोग/कीट का हल AgroManch पर है। सीधे buyer, सही दाम, 72 घंटे में payment। नीचे दिए steps follow करो और आज ही फायदा उठाओ।",4-step vertical flow + top title + bottom CTA,"एक बार register, ज़िंदगी भर फायदा — अभी करो",#Potato #Kisan #Kheti #AgroManch #IndianFarmer,Infographic,09:30 AM,,,
305,07-04-2027,Engagement Post,Seasonal Countdown,मिर्च बुवाई में बस __ दिन बाकी — तैयारी शुरू!,"Seasonal Countdown — मिर्च: किसान भाइयों, मौसम का नुकसान का हल AgroManch पर है। सीधे buyer, सही दाम, 72 घंटे में payment। नीचे दिए steps follow करो और आज ही फायदा उठाओ।",सवाल + relatable image + 'comment करो' prompt,अभी फसल list करो — पहली sale आज ही 📲,#Chilli #Kisan #Kheti #AgroManch #IndianFarmer,Poster,08:00 PM,,,
306,08-04-2027,Carousel (6-8 slides),Seasonal Countdown,सरसों बेचने का सही समय आ रहा — भाव बढ़ेंगे,"Seasonal Countdown — सरसों: किसान भाइयों, भंडारण की समस्या का हल AgroManch पर है। सीधे buyer, सही दाम, 72 घंटे में payment। नीचे दिए steps follow करो और आज ही फायदा उठाओ।",Slide1 hook → Slide2-6 value points → Slide7 proof → Slide8 CTA,अपने इलाके के buyers देखो — अभी connect करो,#Mustard #Kisan #Kheti #AgroManch #IndianFarmer,Carousel Cover,12:00 PM,,,
307,09-04-2027,Static Poster,Seasonal Countdown,मौसम बदल रहा — चना के लिए यह आखिरी मौका,"Seasonal Countdown — चना: किसान भाइयों, transport खर्च का हल AgroManch पर है। सीधे buyer, सही दाम, 72 घंटे में payment। नीचे दिए steps follow करो और आज ही फायदा उठाओ।",बड़ा headline + 1 आँकड़ा + किसान image + CTA bar,रोज़ की मंडी update WhatsApp पर पाओ — join करो,#Gram #Kisan #Kheti #AgroManch #IndianFarmer,Poster,07:00 PM,,,
308,10-04-2027,Story (3-4 slides),Profit Reveal,मंडी से दोगुना दाम — मूंग में यह तरीका कोई नहीं बताता,"Profit Reveal — मूंग: किसान भाइयों, quality grading का हल AgroManch पर है। सीधे buyer, सही दाम, 72 घंटे में payment। नीचे दिए steps follow करो और आज ही फायदा उठाओ।",Poll → result tease → value → swipe-up CTA,share करो ताकि हर किसान तक पहुँचे 🙏,#Moong #Kisan #Kheti #AgroManch #IndianFarmer,Story graphic,06:00 PM,,,
309,11-04-2027,Infographic,Profit Reveal,₹__ extra हर quintal — बाजरा किसान यह गलती मत करना,"Profit Reveal — बाजरा: किसान भाइयों, सही buyer नहीं मिलता का हल AgroManch पर है। सीधे buyer, सही दाम, 72 घंटे में payment। नीचे दिए steps follow करो और आज ही फायदा उठाओ।",4-step vertical flow + top title + bottom CTA,हर हफ्ते नया feature — App update रखो,#Bajra #Kisan #Kheti #AgroManch #IndianFarmer,Infographic,09:30 AM,,,
310,12-04-2027,Engagement Post,Profit Reveal,गाँव वाले हँसते थे — आज ज्वार से सबसे ज़्यादा कमाता है,"Profit Reveal — ज्वार: किसान भाइयों, कर्ज़ का बोझ का हल AgroManch पर है। सीधे buyer, सही दाम, 72 घंटे में payment। नीचे दिए steps follow करो और आज ही फायदा उठाओ।",सवाल + relatable image + 'comment करो' prompt,"AgroManch पर बेचो, बेहतर margin पाओ 💰",#Jowar #Kisan #Kheti #AgroManch #IndianFarmer,Poster,08:00 PM,,,
311,13-04-2027,Carousel (6-8 slides),Profit Reveal,इस किसान ने हल्दी से ₹__ लाख कमाए — कैसे? पूरा हिसाब देखो,"Profit Reveal — हल्दी: किसान भाइयों, नकली बीज/खाद का हल AgroManch पर है। सीधे buyer, सही दाम, 72 घंटे में payment। नीचे दिए steps follow करो और आज ही फायदा उठाओ।",Slide1 hook → Slide2-6 value points → Slide7 proof → Slide8 CTA,नीचे link पर tap करो और AgroManch पाओ 📲,#Turmeric #Kisan #Kheti #AgroManch #IndianFarmer,Carousel Cover,12:00 PM,,,
312,14-04-2027,Static Poster,Mandi Shock,रुको! अदरक मंडी ले जाने से पहले यह video देखो,"Mandi Shock — अदरक: किसान भाइयों, पानी की कमी का हल AgroManch पर है। सीधे buyer, सही दाम, 72 घंटे में payment। नीचे दिए steps follow करो और आज ही फायदा उठाओ।",बड़ा headline + 1 आँकड़ा + किसान image + CTA bar,"एक बार register, ज़िंदगी भर फायदा — अभी करो",#Ginger #Kisan #MandiBhav #AgroManch #IndianFarmer,Poster,07:00 PM,,,
313,15-04-2027,Story (3-4 slides),Mandi Shock,मंडी में आपका लहसुन ₹__ में बिका — असली कीमत ₹__ थी,"Mandi Shock — लहसुन: किसान भाइयों, मजदूरों की कमी का हल AgroManch पर है। सीधे buyer, सही दाम, 72 घंटे में payment। नीचे दिए steps follow करो और आज ही फायदा उठाओ।",Poll → result tease → value → swipe-up CTA,अभी फसल list करो — पहली sale आज ही 📲,#Garlic #Kisan #MandiBhav #AgroManch #IndianFarmer,Story graphic,06:00 PM,,,
314,16-04-2027,Infographic,Mandi Shock,7 बिचौलिए आपके केला का मुनाफा खा रहे हैं — proof देखो,"Mandi Shock — केला: किसान भाइयों, सरकारी योजना की जानकारी नहीं का हल AgroManch पर है। सीधे buyer, सही दाम, 72 घंटे में payment। नीचे दिए steps follow करो और आज ही फायदा उठाओ।",4-step vertical flow + top title + bottom CTA,अपने इलाके के buyers देखो — अभी connect करो,#Banana #Kisan #MandiBhav #AgroManch #IndianFarmer,Infographic,09:30 AM,,,
315,17-04-2027,Engagement Post,Mandi Shock,मंडी की पर्ची दिखाता हूँ — अनार पर कितनी लूट हुई,"Mandi Shock — अनार: किसान भाइयों, बाज़ार भाव की जानकारी नहीं का हल AgroManch पर है। सीधे buyer, सही दाम, 72 घंटे में payment। नीचे दिए steps follow करो और आज ही फायदा उठाओ।",सवाल + relatable image + 'comment करो' prompt,रोज़ की मंडी update WhatsApp पर पाओ — join करो,#Pomegranate #Kisan #MandiBhav #AgroManch #IndianFarmer,Poster,08:00 PM,,,
316,18-04-2027,Carousel (6-8 slides),Crop Emergency Alert,Dragon Fruit में यह दाग = खतरे की घंटी। इलाज यहाँ देखो,"Crop Emergency Alert — Dragon Fruit: किसान भाइयों, मंडी में कम भाव का हल AgroManch पर है। सीधे buyer, सही दाम, 72 घंटे में payment। नीचे दिए steps follow करो और आज ही फायदा उठाओ।",Slide1 hook → Slide2-6 value points → Slide7 proof → Slide8 CTA,share करो ताकि हर किसान तक पहुँचे 🙏,#DragonFruit #Kisan #FasalRog #AgroManch #IndianFarmer,Carousel Cover,12:00 PM,,,
317,19-04-2027,Static Poster,Crop Emergency Alert,🚨 कर्नाटक में स्ट्रॉबेरी पर रोग फैल रहा — 72 घंटे में यह करो,"Crop Emergency Alert — स्ट्रॉबेरी: किसान भाइयों, बिचौलियों की लूट का हल AgroManch पर है। सीधे buyer, सही दाम, 72 घंटे में payment। नीचे दिए steps follow करो और आज ही फायदा उठाओ।",बड़ा headline + 1 आँकड़ा + किसान image + CTA bar,हर हफ्ते नया feature — App update रखो,#Strawberry #Kisan #FasalRog #AgroManch #IndianFarmer,Poster,07:00 PM,,,
318,20-04-2027,Story (3-4 slides),Crop Emergency Alert,आपकी मशरूम की पत्तियाँ ऐसी हैं? तुरंत रुको और देखो,"Crop Emergency Alert — मशरूम: किसान भाइयों, payment में देरी का हल AgroManch पर है। सीधे buyer, सही दाम, 72 घंटे में payment। नीचे दिए steps follow करो और आज ही फायदा उठाओ।",Poll → result tease → value → swipe-up CTA,"AgroManch पर बेचो, बेहतर margin पाओ 💰",#Mushroom #Kisan #FasalRog #AgroManch #IndianFarmer,Story graphic,06:00 PM,,,
319,21-04-2027,Infographic,Crop Emergency Alert,एक हफ्ते में पूरी सब्ज़ी बर्बाद — यह कीट पहचानो,"Crop Emergency Alert — सब्ज़ी: किसान भाइयों, फसल में रोग/कीट का हल AgroManch पर है। सीधे buyer, सही दाम, 72 घंटे में payment। नीचे दिए steps follow करो और आज ही फायदा उठाओ।",4-step vertical flow + top title + bottom CTA,नीचे link पर tap करो और AgroManch पाओ 📲,#Vegetables #Kisan #FasalRog #AgroManch #IndianFarmer,Infographic,09:30 AM,,,
320,22-04-2027,Engagement Post,Farmer Success Story,"मज़दूरी छोड़ी, भिंडी अपनाई — आज लाखों कमाता है","Farmer Success Story — भिंडी: किसान भाइयों, मौसम का नुकसान का हल AgroManch पर है। सीधे buyer, सही दाम, 72 घंटे में payment। नीचे दिए steps follow करो और आज ही फायदा उठाओ।",सवाल + relatable image + 'comment करो' prompt,"एक बार register, ज़िंदगी भर फायदा — अभी करो",#Okra #Kisan #Kheti #AgroManch #IndianFarmer,Poster,08:00 PM,,,
321,23-04-2027,Carousel (6-8 slides),Farmer Success Story,'मेरे पिता मंडी में लुटते थे — मैंने तरीका बदला',"Farmer Success Story — बैंगन: किसान भाइयों, भंडारण की समस्या का हल AgroManch पर है। सीधे buyer, सही दाम, 72 घंटे में payment। नीचे दिए steps follow करो और आज ही फायदा उठाओ।",Slide1 hook → Slide2-6 value points → Slide7 proof → Slide8 CTA,अभी फसल list करो — पहली sale आज ही 📲,#Brinjal #Kisan #Kheti #AgroManch #IndianFarmer,Carousel Cover,12:00 PM,,,
322,24-04-2027,Static Poster,Farmer Success Story,500 किसानों ने यह किया — नतीजा देखकर चौंक जाओगे,"Farmer Success Story — फूलगोभी: किसान भाइयों, transport खर्च का हल AgroManch पर है। सीधे buyer, सही दाम, 72 घंटे में payment। नीचे दिए steps follow करो और आज ही फायदा उठाओ।",बड़ा headline + 1 आँकड़ा + किसान image + CTA bar,अपने इलाके के buyers देखो — अभी connect करो,#Cauliflower #Kisan #Kheti #AgroManch #IndianFarmer,Poster,07:00 PM,,,
323,25-04-2027,Story (3-4 slides),Farmer Success Story,'पहले डर था online बेचने का — आज मटर से खुशी है',"Farmer Success Story — मटर: किसान भाइयों, quality grading का हल AgroManch पर है। सीधे buyer, सही दाम, 72 घंटे में payment। नीचे दिए steps follow करो और आज ही फायदा उठाओ।",Poll → result tease → value → swipe-up CTA,रोज़ की मंडी update WhatsApp पर पाओ — join करो,#Peas #Kisan #Kheti #AgroManch #IndianFarmer,Story graphic,06:00 PM,,,
324,26-04-2027,Infographic,Machinery Pride,₹__ की यह मशीन 10 मज़दूरों का काम करती है,"Machinery Pride — अरहर: किसान भाइयों, सही buyer नहीं मिलता का हल AgroManch पर है। सीधे buyer, सही दाम, 72 घंटे में payment। नीचे दिए steps follow करो और आज ही फायदा उठाओ।",4-step vertical flow + top title + bottom CTA,share करो ताकि हर किसान तक पहुँचे 🙏,#Arhar #Kisan #Kheti #AgroManch #IndianFarmer,Infographic,09:30 AM,,,
325,27-04-2027,Engagement Post,Machinery Pride,मूंगफली की कटाई अब 1 घंटे में — कैसे? देखो,"Machinery Pride — मूंगफली: किसान भाइयों, कर्ज़ का बोझ का हल AgroManch पर है। सीधे buyer, सही दाम, 72 घंटे में payment। नीचे दिए steps follow करो और आज ही फायदा उठाओ।",सवाल + relatable image + 'comment करो' prompt,हर हफ्ते नया feature — App update रखो,#Groundnut #Kisan #Kheti #AgroManch #IndianFarmer,Poster,08:00 PM,,,
326,28-04-2027,Carousel (6-8 slides),Scheme Bomb,PKVY जैविक की last date नज़दीक — आज ही apply करो,"Scheme Bomb — गेहूं: किसान भाइयों, नकली बीज/खाद का हल AgroManch पर है। सीधे buyer, सही दाम, 72 घंटे में payment। नीचे दिए steps follow करो और आज ही फायदा उठाओ।",Slide1 hook → Slide2-6 value points → Slide7 proof → Slide8 CTA,"AgroManch पर बेचो, बेहतर margin पाओ 💰",#Wheat #Kisan #SarkariYojana #AgroManch #IndianFarmer,Carousel Cover,12:00 PM,,,
327,29-04-2027,Static Poster,Scheme Bomb,यह document नहीं है तो Agri Infrastructure Fund का पैसा रुक जाएगा,"Scheme Bomb — धान: किसान भाइयों, पानी की कमी का हल AgroManch पर है। सीधे buyer, सही दाम, 72 घंटे में payment। नीचे दिए steps follow करो और आज ही फायदा उठाओ।",बड़ा headline + 1 आँकड़ा + किसान image + CTA bar,नीचे link पर tap करो और AgroManch पाओ 📲,#Paddy #Kisan #SarkariYojana #AgroManch #IndianFarmer,Poster,07:00 PM,,,
328,30-04-2027,Story (3-4 slides),Scheme Bomb,NABARD योजना + मक्का = डबल फायदा। पूरी जानकारी यहाँ,"Scheme Bomb — मक्का: किसान भाइयों, मजदूरों की कमी का हल AgroManch पर है। सीधे buyer, सही दाम, 72 घंटे में payment। नीचे दिए steps follow करो और आज ही फायदा उठाओ।",Poll → result tease → value → swipe-up CTA,"एक बार register, ज़िंदगी भर फायदा — अभी करो",#Maize #Kisan #SarkariYojana #AgroManch #IndianFarmer,Story graphic,06:00 PM,,,
329,01-05-2027,Infographic,Scheme Bomb,"🚨 Kisan Drone Subsidy — किस्त आ रही है, status अभी check करो!","Scheme Bomb — सोयाबीन: किसान भाइयों, सरकारी योजना की जानकारी नहीं का हल AgroManch पर है। सीधे buyer, सही दाम, 72 घंटे में payment। नीचे दिए steps follow करो और आज ही फायदा उठाओ।",4-step vertical flow + top title + bottom CTA,अभी फसल list करो — पहली sale आज ही 📲,#Soybean #Kisan #SarkariYojana #AgroManch #IndianFarmer,Infographic,09:30 AM,,,
330,02-05-2027,Engagement Post,Jugaad Hack,बिना खर्च कपास की पैदावार दोगुनी — यह trick देखो,"Jugaad Hack — कपास: किसान भाइयों, बाज़ार भाव की जानकारी नहीं का हल AgroManch पर है। सीधे buyer, सही दाम, 72 घंटे में payment। नीचे दिए steps follow करो और आज ही फायदा उठाओ।",सवाल + relatable image + 'comment करो' prompt,अपने इलाके के buyers देखो — अभी connect करो,#Cotton #Kisan #FarmingHacks #AgroManch #IndianFarmer,Poster,08:00 PM,,,
331,03-05-2027,Carousel (6-8 slides),Jugaad Hack,घर की चीज़ों से गन्ना की सुरक्षा — कमाल का जुगाड़,"Jugaad Hack — गन्ना: किसान भाइयों, मंडी में कम भाव का हल AgroManch पर है। सीधे buyer, सही दाम, 72 घंटे में payment। नीचे दिए steps follow करो और आज ही फायदा उठाओ।",Slide1 hook → Slide2-6 value points → Slide7 proof → Slide8 CTA,रोज़ की मंडी update WhatsApp पर पाओ — join करो,#Sugarcane #Kisan #FarmingHacks #AgroManch #IndianFarmer,Carousel Cover,12:00 PM,,,
332,04-05-2027,Static Poster,Before / After,मंडी बनाम AgroManch — टमाटर किसान का before/after,"Before / After — टमाटर: किसान भाइयों, बिचौलियों की लूट का हल AgroManch पर है। सीधे buyer, सही दाम, 72 घंटे में payment। नीचे दिए steps follow करो और आज ही फायदा उठाओ।",बड़ा headline + 1 आँकड़ा + किसान image + CTA bar,share करो ताकि हर किसान तक पहुँचे 🙏,#Tomato #Kisan #Kheti #AgroManch #IndianFarmer,Poster,07:00 PM,,,
333,05-05-2027,Story (3-4 slides),Before / After,यह तस्वीर देखो — प्याज में मेहनत का नतीजा,"Before / After — प्याज: किसान भाइयों, payment में देरी का हल AgroManch पर है। सीधे buyer, सही दाम, 72 घंटे में payment। नीचे दिए steps follow करो और आज ही फायदा उठाओ।",Poll → result tease → value → swipe-up CTA,हर हफ्ते नया feature — App update रखो,#Onion #Kisan #Kheti #AgroManch #IndianFarmer,Story graphic,06:00 PM,,,
334,06-05-2027,Infographic,Mahila Kisan,खेती सिर्फ मर्दों का काम? यह महिला गलत साबित करती है,"Mahila Kisan — आलू: किसान भाइयों, फसल में रोग/कीट का हल AgroManch पर है। सीधे buyer, सही दाम, 72 घंटे में payment। नीचे दिए steps follow करो और आज ही फायदा उठाओ।",4-step vertical flow + top title + bottom CTA,"AgroManch पर बेचो, बेहतर margin पाओ 💰",#Potato #Kisan #MahilaKisan #AgroManch #IndianFarmer,Infographic,09:30 AM,,,
335,07-05-2027,Engagement Post,Mahila Kisan,'अकेले 3 एकड़ मिर्च संभाला' — रेखा देवी की कहानी,"Mahila Kisan — मिर्च: किसान भाइयों, मौसम का नुकसान का हल AgroManch पर है। सीधे buyer, सही दाम, 72 घंटे में payment। नीचे दिए steps follow करो और आज ही फायदा उठाओ।",सवाल + relatable image + 'comment करो' prompt,नीचे link पर tap करो और AgroManch पाओ 📲,#Chilli #Kisan #MahilaKisan #AgroManch #IndianFarmer,Poster,08:00 PM,,,
336,08-05-2027,Carousel (6-8 slides),Mahila Kisan,घूँघट से ट्रैक्टर तक — इस महिला किसान को सलाम,"Mahila Kisan — सरसों: किसान भाइयों, भंडारण की समस्या का हल AgroManch पर है। सीधे buyer, सही दाम, 72 घंटे में payment। नीचे दिए steps follow करो और आज ही फायदा उठाओ।",Slide1 hook → Slide2-6 value points → Slide7 proof → Slide8 CTA,"एक बार register, ज़िंदगी भर फायदा — अभी करो",#Mustard #Kisan #MahilaKisan #AgroManch #IndianFarmer,Carousel Cover,12:00 PM,,,
337,09-05-2027,Static Poster,Mahila Kisan,"पति बाहर, उसने चना से घर चलाया — कैसे?","Mahila Kisan — चना: किसान भाइयों, transport खर्च का हल AgroManch पर है। सीधे buyer, सही दाम, 72 घंटे में payment। नीचे दिए steps follow करो और आज ही फायदा उठाओ।",बड़ा headline + 1 आँकड़ा + किसान image + CTA bar,अभी फसल list करो — पहली sale आज ही 📲,#Gram #Kisan #MahilaKisan #AgroManch #IndianFarmer,Poster,07:00 PM,,,
338,10-05-2027,Story (3-4 slides),Weather Emergency,🚨 तूफान आ रहा है — खड़ी मूंग कैसे बचाएँ?,"Weather Emergency — मूंग: किसान भाइयों, quality grading का हल AgroManch पर है। सीधे buyer, सही दाम, 72 घंटे में payment। नीचे दिए steps follow करो और आज ही फायदा उठाओ।",Poll → result tease → value → swipe-up CTA,अपने इलाके के buyers देखो — अभी connect करो,#Moong #Kisan #MausamAlert #AgroManch #IndianFarmer,Story graphic,06:00 PM,,,
339,11-05-2027,Infographic,Weather Emergency,मौसम बदलते ही बाजरा पर यह असर — तैयार रहो,"Weather Emergency — बाजरा: किसान भाइयों, सही buyer नहीं मिलता का हल AgroManch पर है। सीधे buyer, सही दाम, 72 घंटे में payment। नीचे दिए steps follow करो और आज ही फायदा उठाओ।",4-step vertical flow + top title + bottom CTA,रोज़ की मंडी update WhatsApp पर पाओ — join करो,#Bajra #Kisan #MausamAlert #AgroManch #IndianFarmer,Infographic,09:30 AM,,,
340,12-05-2027,Engagement Post,Weather Emergency,IMD alert: बिहार के ज्वार किसान सावधान,"Weather Emergency — ज्वार: किसान भाइयों, कर्ज़ का बोझ का हल AgroManch पर है। सीधे buyer, सही दाम, 72 घंटे में payment। नीचे दिए steps follow करो और आज ही फायदा उठाओ।",सवाल + relatable image + 'comment करो' prompt,share करो ताकि हर किसान तक पहुँचे 🙏,#Jowar #Kisan #MausamAlert #AgroManch #IndianFarmer,Poster,08:00 PM,,,
341,13-05-2027,Carousel (6-8 slides),Weather Emergency,🚨 पंजाब Alert: 72 घंटे में मौसम — हल्दी बचाओ!,"Weather Emergency — हल्दी: किसान भाइयों, नकली बीज/खाद का हल AgroManch पर है। सीधे buyer, सही दाम, 72 घंटे में payment। नीचे दिए steps follow करो और आज ही फायदा उठाओ।",Slide1 hook → Slide2-6 value points → Slide7 proof → Slide8 CTA,हर हफ्ते नया feature — App update रखो,#Turmeric #Kisan #MausamAlert #AgroManch #IndianFarmer,Carousel Cover,12:00 PM,,,
342,14-05-2027,Static Poster,Myth Buster,हर किसान यह गलती करता है अदरक में — रुको,"Myth Buster — अदरक: किसान भाइयों, पानी की कमी का हल AgroManch पर है। सीधे buyer, सही दाम, 72 घंटे में payment। नीचे दिए steps follow करो और आज ही फायदा उठाओ।",बड़ा headline + 1 आँकड़ा + किसान image + CTA bar,"AgroManch पर बेचो, बेहतर margin पाओ 💰",#Ginger #Kisan #Kheti #AgroManch #IndianFarmer,Poster,07:00 PM,,,
343,15-05-2027,Story (3-4 slides),Profit Calculator,लहसुन बोने से पहले यह calculation ज़रूर देखो,"Profit Calculator — लहसुन: किसान भाइयों, मजदूरों की कमी का हल AgroManch पर है। सीधे buyer, सही दाम, 72 घंटे में payment। नीचे दिए steps follow करो और आज ही फायदा उठाओ।",Poll → result tease → value → swipe-up CTA,नीचे link पर tap करो और AgroManch पाओ 📲,#Garlic #Kisan #KhetiProfit #AgroManch #IndianFarmer,Story graphic,06:00 PM,,,
344,16-05-2027,Infographic,Profit Calculator,कौन सी फसल ज़्यादा देगी? केला बनाम बाकी,"Profit Calculator — केला: किसान भाइयों, सरकारी योजना की जानकारी नहीं का हल AgroManch पर है। सीधे buyer, सही दाम, 72 घंटे में payment। नीचे दिए steps follow करो और आज ही फायदा उठाओ।",4-step vertical flow + top title + bottom CTA,"एक बार register, ज़िंदगी भर फायदा — अभी करो",#Banana #Kisan #KhetiProfit #AgroManch #IndianFarmer,Infographic,09:30 AM,,,
345,17-05-2027,Engagement Post,Profit Calculator,"₹__ लगाओ, ₹__ कमाओ — अनार का सच्चा हिसाब","Profit Calculator — अनार: किसान भाइयों, बाज़ार भाव की जानकारी नहीं का हल AgroManch पर है। सीधे buyer, सही दाम, 72 घंटे में payment। नीचे दिए steps follow करो और आज ही फायदा उठाओ।",सवाल + relatable image + 'comment करो' prompt,अभी फसल list करो — पहली sale आज ही 📲,#Pomegranate #Kisan #KhetiProfit #AgroManch #IndianFarmer,Poster,08:00 PM,,,
346,18-05-2027,Carousel (6-8 slides),Profit Calculator,AgroManch calculator से Dragon Fruit का मुनाफा निकालो,"Profit Calculator — Dragon Fruit: किसान भाइयों, मंडी में कम भाव का हल AgroManch पर है। सीधे buyer, सही दाम, 72 घंटे में payment। नीचे दिए steps follow करो और आज ही फायदा उठाओ।",Slide1 hook → Slide2-6 value points → Slide7 proof → Slide8 CTA,अपने इलाके के buyers देखो — अभी connect करो,#DragonFruit #Kisan #KhetiProfit #AgroManch #IndianFarmer,Carousel Cover,12:00 PM,,,
347,19-05-2027,Static Poster,Field Interview,खेत से सीधे: कर्नाटक के किसान क्या कह रहे हैं?,"Field Interview — स्ट्रॉबेरी: किसान भाइयों, बिचौलियों की लूट का हल AgroManch पर है। सीधे buyer, सही दाम, 72 घंटे में payment। नीचे दिए steps follow करो और आज ही फायदा उठाओ।",बड़ा headline + 1 आँकड़ा + किसान image + CTA bar,रोज़ की मंडी update WhatsApp पर पाओ — join करो,#Strawberry #Kisan #Kheti #AgroManch #IndianFarmer,Poster,07:00 PM,,,
348,20-05-2027,Story (3-4 slides),Field Interview,इस मशरूम किसान से मिलिए — बात दिल छू जाएगी,"Field Interview — मशरूम: किसान भाइयों, payment में देरी का हल AgroManch पर है। सीधे buyer, सही दाम, 72 घंटे में payment। नीचे दिए steps follow करो और आज ही फायदा उठाओ।",Poll → result tease → value → swipe-up CTA,share करो ताकि हर किसान तक पहुँचे 🙏,#Mushroom #Kisan #Kheti #AgroManch #IndianFarmer,Story graphic,06:00 PM,,,
349,21-05-2027,Infographic,Old vs New,पिताजी का तरीका बनाम नया तरीका — सब्ज़ी में फर्क,"Old vs New — सब्ज़ी: किसान भाइयों, फसल में रोग/कीट का हल AgroManch पर है। सीधे buyer, सही दाम, 72 घंटे में payment। नीचे दिए steps follow करो और आज ही फायदा उठाओ।",4-step vertical flow + top title + bottom CTA,हर हफ्ते नया feature — App update रखो,#Vegetables #Kisan #Kheti #AgroManch #IndianFarmer,Infographic,09:30 AM,,,
350,22-05-2027,Engagement Post,Old vs New,भिंडी में पुरानी सोच छोड़ो — यह है नया रास्ता,"Old vs New — भिंडी: किसान भाइयों, मौसम का नुकसान का हल AgroManch पर है। सीधे buyer, सही दाम, 72 घंटे में payment। नीचे दिए steps follow करो और आज ही फायदा उठाओ।",सवाल + relatable image + 'comment करो' prompt,"AgroManch पर बेचो, बेहतर margin पाओ 💰",#Okra #Kisan #Kheti #AgroManch #IndianFarmer,Poster,08:00 PM,,,
351,23-05-2027,Carousel (6-8 slides),Hidden Crop,1 एकड़ में ₹__ — यह फसल कोई नहीं बताता,"Hidden Crop — बैंगन: किसान भाइयों, भंडारण की समस्या का हल AgroManch पर है। सीधे buyer, सही दाम, 72 घंटे में payment। नीचे दिए steps follow करो और आज ही फायदा उठाओ।",Slide1 hook → Slide2-6 value points → Slide7 proof → Slide8 CTA,नीचे link पर tap करो और AgroManch पाओ 📲,#Brinjal #Kisan #ProfitableFarming #AgroManch #IndianFarmer,Carousel Cover,12:00 PM,,,
352,24-05-2027,Static Poster,Hidden Crop,AgroManch पर इस फसल के __ buyers इंतज़ार में हैं,"Hidden Crop — फूलगोभी: किसान भाइयों, transport खर्च का हल AgroManch पर है। सीधे buyer, सही दाम, 72 घंटे में payment। नीचे दिए steps follow करो और आज ही फायदा उठाओ।",बड़ा headline + 1 आँकड़ा + किसान image + CTA bar,"एक बार register, ज़िंदगी भर फायदा — अभी करो",#Cauliflower #Kisan #ProfitableFarming #AgroManch #IndianFarmer,Poster,07:00 PM,,,
353,25-05-2027,Story (3-4 slides),Hidden Crop,यह फसल ₹__/kg बिकती है — कोई महाराष्ट्र में नहीं उगाता क्यों?,"Hidden Crop — मटर: किसान भाइयों, quality grading का हल AgroManch पर है। सीधे buyer, सही दाम, 72 घंटे में payment। नीचे दिए steps follow करो और आज ही फायदा उठाओ।",Poll → result tease → value → swipe-up CTA,अभी फसल list करो — पहली sale आज ही 📲,#Peas #Kisan #ProfitableFarming #AgroManch #IndianFarmer,Story graphic,06:00 PM,,,
354,26-05-2027,Infographic,Hidden Crop,अरहर छोड़ो — यह फसल 3 गुना कमाई देती है,"Hidden Crop — अरहर: किसान भाइयों, सही buyer नहीं मिलता का हल AgroManch पर है। सीधे buyer, सही दाम, 72 घंटे में payment। नीचे दिए steps follow करो और आज ही फायदा उठाओ।",4-step vertical flow + top title + bottom CTA,अपने इलाके के buyers देखो — अभी connect करो,#Arhar #Kisan #ProfitableFarming #AgroManch #IndianFarmer,Infographic,09:30 AM,,,
355,27-05-2027,Engagement Post,Tech Tutorial,मूंगफली की photo कैसे डालें कि ज़्यादा दाम मिले,"Tech Tutorial — मूंगफली: किसान भाइयों, कर्ज़ का बोझ का हल AgroManch पर है। सीधे buyer, सही दाम, 72 घंटे में payment। नीचे दिए steps follow करो और आज ही फायदा उठाओ।",सवाल + relatable image + 'comment करो' prompt,रोज़ की मंडी update WhatsApp पर पाओ — join करो,#Groundnut #Kisan #DigitalKisan #AgroManch #IndianFarmer,Poster,08:00 PM,,,
356,28-05-2027,Carousel (6-8 slides),Tech Tutorial,App पर payment कैसे आता है? step by step Hindi में,"Tech Tutorial — गेहूं: किसान भाइयों, नकली बीज/खाद का हल AgroManch पर है। सीधे buyer, सही दाम, 72 घंटे में payment। नीचे दिए steps follow करो और आज ही फायदा उठाओ।",Slide1 hook → Slide2-6 value points → Slide7 proof → Slide8 CTA,share करो ताकि हर किसान तक पहुँचे 🙏,#Wheat #Kisan #DigitalKisan #AgroManch #IndianFarmer,Carousel Cover,12:00 PM,,,
357,29-05-2027,Static Poster,Tech Tutorial,5 मिनट में धान बेचना सीखो — बिना confusion,"Tech Tutorial — धान: किसान भाइयों, पानी की कमी का हल AgroManch पर है। सीधे buyer, सही दाम, 72 घंटे में payment। नीचे दिए steps follow करो और आज ही फायदा उठाओ।",बड़ा headline + 1 आँकड़ा + किसान image + CTA bar,हर हफ्ते नया feature — App update रखो,#Paddy #Kisan #DigitalKisan #AgroManch #IndianFarmer,Poster,07:00 PM,,,
358,30-05-2027,Story (3-4 slides),Tech Tutorial,AgroManch के यह 5 features मक्का किसान ज़रूर use करें,"Tech Tutorial — मक्का: किसान भाइयों, मजदूरों की कमी का हल AgroManch पर है। सीधे buyer, सही दाम, 72 घंटे में payment। नीचे दिए steps follow करो और आज ही फायदा उठाओ।",Poll → result tease → value → swipe-up CTA,"AgroManch पर बेचो, बेहतर margin पाओ 💰",#Maize #Kisan #DigitalKisan #AgroManch #IndianFarmer,Story graphic,06:00 PM,,,
359,31-05-2027,Infographic,Award / Recognition,🏆 Kisan Star of the Week — UP के किसान को बधाई!,"Award / Recognition — सोयाबीन: किसान भाइयों, सरकारी योजना की जानकारी नहीं का हल AgroManch पर है। सीधे buyer, सही दाम, 72 घंटे में payment। नीचे दिए steps follow करो और आज ही फायदा उठाओ।",4-step vertical flow + top title + bottom CTA,नीचे link पर tap करो और AgroManch पाओ 📲,#Soybean #Kisan #Kheti #AgroManch #IndianFarmer,Infographic,09:30 AM,,,
360,01-06-2027,Engagement Post,Regional Language,बंगाली में सुनो: AgroManch पर कपास कैसे बेचें,"Regional Language — कपास: किसान भाइयों, बाज़ार भाव की जानकारी नहीं का हल AgroManch पर है। सीधे buyer, सही दाम, 72 घंटे में payment। नीचे दिए steps follow करो और आज ही फायदा उठाओ।",सवाल + relatable image + 'comment करो' prompt,"एक बार register, ज़िंदगी भर फायदा — अभी करो",#Cotton #Kisan #Bhojpuri #AgroManch #IndianFarmer,Poster,08:00 PM,,,
361,02-06-2027,Carousel (6-8 slides),Regional Language,अपनी भाषा में खेती की पूरी जानकारी — भोजपुरी,"Regional Language — गन्ना: किसान भाइयों, मंडी में कम भाव का हल AgroManch पर है। सीधे buyer, सही दाम, 72 घंटे में payment। नीचे दिए steps follow करो और आज ही फायदा उठाओ।",Slide1 hook → Slide2-6 value points → Slide7 proof → Slide8 CTA,अभी फसल list करो — पहली sale आज ही 📲,#Sugarcane #Kisan #Bhojpuri #AgroManch #IndianFarmer,Carousel Cover,12:00 PM,,,
362,03-06-2027,Static Poster,Regional Language,MP के किसानों के लिए पंजाबी में खास video,"Regional Language — टमाटर: किसान भाइयों, बिचौलियों की लूट का हल AgroManch पर है। सीधे buyer, सही दाम, 72 घंटे में payment। नीचे दिए steps follow करो और आज ही फायदा उठाओ।",बड़ा headline + 1 आँकड़ा + किसान image + CTA bar,अपने इलाके के buyers देखो — अभी connect करो,#Tomato #Kisan #Bhojpuri #AgroManch #IndianFarmer,Poster,07:00 PM,,,
363,04-06-2027,Story (3-4 slides),Regional Language,मराठी बोलने वाले किसान यह ज़रूर देखें,"Regional Language — प्याज: किसान भाइयों, payment में देरी का हल AgroManch पर है। सीधे buyer, सही दाम, 72 घंटे में payment। नीचे दिए steps follow करो और आज ही फायदा उठाओ।",Poll → result tease → value → swipe-up CTA,रोज़ की मंडी update WhatsApp पर पाओ — join करो,#Onion #Kisan #Bhojpuri #AgroManch #IndianFarmer,Story graphic,06:00 PM,,,
364,05-06-2027,Infographic,Community Debate,आलू पर आपका अनुभव — हर comment पढ़ते हैं,"Community Debate — आलू: किसान भाइयों, फसल में रोग/कीट का हल AgroManch पर है। सीधे buyer, सही दाम, 72 घंटे में payment। नीचे दिए steps follow करो और आज ही फायदा उठाओ।",4-step vertical flow + top title + bottom CTA,share करो ताकि हर किसान तक पहुँचे 🙏,#Potato #Kisan #Kheti #AgroManch #IndianFarmer,Infographic,09:30 AM,,,
365,06-06-2027,Engagement Post,Community Debate,सच बोलो — मिर्च मंडी में सही भाव मिलता है? Poll 👇,"Community Debate — मिर्च: किसान भाइयों, मौसम का नुकसान का हल AgroManch पर है। सीधे buyer, सही दाम, 72 घंटे में payment। नीचे दिए steps follow करो और आज ही फायदा उठाओ।",सवाल + relatable image + 'comment करो' prompt,हर हफ्ते नया feature — App update रखो,#Chilli #Kisan #Kheti #AgroManch #IndianFarmer,Poster,08:00 PM,,,
