🎬  Daily Reel Generator — 365 Ready Reel Plans,,,,,,,,,,,,,,
हर दिन का पूरा reel: hook + 5 shots + voiceover + on-screen + CTA + hashtags + audio + time,,,,,,,,,,,,,,
Day,Date,Pattern,Hook (0-3s),Shot 1,Shot 2,Shot 3,Shot 4,Shot 5,Voiceover (Hindi),On-Screen Text,CTA,Hashtags (5),Audio Idea,Best Time
1,07-06-2026,Profit Reveal,इस किसान ने गेहूं से ₹__ लाख कमाए — कैसे? पूरा हिसाब देखो,[0-3s] बड़ा number + गेहूं का खेत — hook text,[3-8s] गेहूं की लागत दिखाओ (बीज/खाद/मेहनत),[8-18s] कमाई का breakdown — मंडी बनाम AgroManch,[18-25s] AgroManch screen — सही दाम कैसे मिला,[25-30s] CTA card + logo,"किसान भाइयों, गेहूं से असली कमाई कितनी हो सकती है? पूरा हिसाब देखो — और जानो AgroManch पर सही दाम कैसे मिलता है।",Profit Reveal: गेहूं | बड़ा hook text → benefit → CTA,AgroManch App download करो — link bio में 👇,#Wheat #Kisan #Kheti #AgroManch #IndianFarmer,Trending Bhojpuri beat,08:30 PM
2,08-06-2026,Profit Reveal,1 एकड़ धान = ₹__? यकीन नहीं होगा लेकिन सच है,[0-3s] बड़ा number + धान का खेत — hook text,[3-8s] धान की लागत दिखाओ (बीज/खाद/मेहनत),[8-18s] कमाई का breakdown — मंडी बनाम AgroManch,[18-25s] AgroManch screen — सही दाम कैसे मिला,[25-30s] CTA card + logo,"किसान भाइयों, धान से असली कमाई कितनी हो सकती है? पूरा हिसाब देखो — और जानो AgroManch पर सही दाम कैसे मिलता है।",Profit Reveal: धान | बड़ा hook text → benefit → CTA,अभी register करो — फसल बेचने का पहला कदम,#Paddy #Kisan #Kheti #AgroManch #IndianFarmer,Emotional flute + dholak,05:00 PM
3,09-06-2026,Profit Reveal,मक्का बेचकर इस किसान ने नई गाड़ी खरीदी — राज़ क्या है?,[0-3s] बड़ा number + मक्का का खेत — hook text,[3-8s] मक्का की लागत दिखाओ (बीज/खाद/मेहनत),[8-18s] कमाई का breakdown — मंडी बनाम AgroManch,[18-25s] AgroManch screen — सही दाम कैसे मिला,[25-30s] CTA card + logo,"किसान भाइयों, मक्का से असली कमाई कितनी हो सकती है? पूरा हिसाब देखो — और जानो AgroManch पर सही दाम कैसे मिलता है।",Profit Reveal: मक्का | बड़ा hook text → benefit → CTA,5 मिनट में listing — सीधे buyer तक पहुँचो,#Maize #Kisan #Kheti #AgroManch #IndianFarmer,Upbeat desi dhun,08:00 PM
4,10-06-2026,Profit Reveal,मंडी से दोगुना दाम — सोयाबीन में यह तरीका कोई नहीं बताता,[0-3s] बड़ा number + सोयाबीन का खेत — hook text,[3-8s] सोयाबीन की लागत दिखाओ (बीज/खाद/मेहनत),[8-18s] कमाई का breakdown — मंडी बनाम AgroManch,[18-25s] AgroManch screen — सही दाम कैसे मिला,[25-30s] CTA card + logo,"किसान भाइयों, सोयाबीन से असली कमाई कितनी हो सकती है? पूरा हिसाब देखो — और जानो AgroManch पर सही दाम कैसे मिलता है।",Profit Reveal: सोयाबीन | बड़ा hook text → benefit → CTA,बड़े खरीदार इंतज़ार में हैं — connect करो,#Soybean #Kisan #Kheti #AgroManch #IndianFarmer,Suspense build-up,07:30 AM
5,11-06-2026,Mandi Shock,मंडी की पर्ची दिखाता हूँ — कपास पर कितनी लूट हुई,[0-3s] तेज़ alert visual + bold red text,[3-8s] कपास की पर्ची/लक्षण/आँकड़ा close-up,[8-16s] नुकसान का असर + किसान की चिंता,[16-25s] AgroManch solution — कपास का रास्ता,[25-30s] CTA: download / alert ON,रुको! महाराष्ट्र के कपास किसान यह ज़रूर देखें। समय रहते कदम उठाओ — AgroManch आपके साथ है।,Mandi Shock: कपास | बड़ा hook text → benefit → CTA,किसान भाइयों का सबसे बड़ा WhatsApp group — आओ,#Cotton #Kisan #MandiBhav #AgroManch #IndianFarmer,Folk + modern fusion,12:00 PM
6,12-06-2026,Mandi Shock,गन्ना का सही भाव क्या है? मंडी आपको कभी नहीं बताएगी,[0-3s] तेज़ alert visual + bold red text,[3-8s] गन्ना की पर्ची/लक्षण/आँकड़ा close-up,[8-16s] नुकसान का असर + किसान की चिंता,[16-25s] AgroManch solution — गन्ना का रास्ता,[25-30s] CTA: download / alert ON,रुको! राजस्थान के गन्ना किसान यह ज़रूर देखें। समय रहते कदम उठाओ — AgroManch आपके साथ है।,Mandi Shock: गन्ना | बड़ा hook text → benefit → CTA,यह जानकारी फैलाओ — एक किसान की मदद करो,#Sugarcane #Kisan #MandiBhav #AgroManch #IndianFarmer,Motivational background score,07:00 PM
7,13-06-2026,Mandi Shock,टमाटर मंडी में ₹__/kg — AgroManch पर ₹__! फर्क देखो 🔴🟢,[0-3s] तेज़ alert visual + bold red text,[3-8s] टमाटर की पर्ची/लक्षण/आँकड़ा close-up,[8-16s] नुकसान का असर + किसान की चिंता,[16-25s] AgroManch solution — टमाटर का रास्ता,[25-30s] CTA: download / alert ON,रुको! हरियाणा के टमाटर किसान यह ज़रूर देखें। समय रहते कदम उठाओ — AgroManch आपके साथ है।,Mandi Shock: टमाटर | बड़ा hook text → benefit → CTA,Kisan rewards पाओ — App में active रहो 🎁,#Tomato #Kisan #MandiBhav #AgroManch #IndianFarmer,Punjabi dhol drop,09:30 AM
8,14-06-2026,Mandi Shock,रुको! प्याज मंडी ले जाने से पहले यह video देखो,[0-3s] तेज़ alert visual + bold red text,[3-8s] प्याज की पर्ची/लक्षण/आँकड़ा close-up,[8-16s] नुकसान का असर + किसान की चिंता,[16-25s] AgroManch solution — प्याज का रास्ता,[25-30s] CTA: download / alert ON,रुको! गुजरात के प्याज किसान यह ज़रूर देखें। समय रहते कदम उठाओ — AgroManch आपके साथ है।,Mandi Shock: प्याज | बड़ा hook text → benefit → CTA,"ज़्यादा कमाओ — बिचौलिया हटाओ, सीधे बेचो",#Onion #Kisan #MandiBhav #AgroManch #IndianFarmer,Soft acoustic,08:30 PM
9,15-06-2026,Crop Emergency Alert,एक हफ्ते में पूरी आलू बर्बाद — यह कीट पहचानो,[0-3s] तेज़ alert visual + bold red text,[3-8s] आलू की पर्ची/लक्षण/आँकड़ा close-up,[8-16s] नुकसान का असर + किसान की चिंता,[16-25s] AgroManch solution — आलू का रास्ता,[25-30s] CTA: download / alert ON,रुको! कर्नाटक के आलू किसान यह ज़रूर देखें। समय रहते कदम उठाओ — AgroManch आपके साथ है।,Crop Emergency Alert: आलू | बड़ा hook text → benefit → CTA,AgroManch App download करो — link bio में 👇,#Potato #Kisan #FasalRog #AgroManch #IndianFarmer,Trending Bhojpuri beat,05:00 PM
10,16-06-2026,Crop Emergency Alert,🚨 मिर्च किसान alert: यह लक्षण दिखे तो देर मत करना,[0-3s] तेज़ alert visual + bold red text,[3-8s] मिर्च की पर्ची/लक्षण/आँकड़ा close-up,[8-16s] नुकसान का असर + किसान की चिंता,[16-25s] AgroManch solution — मिर्च का रास्ता,[25-30s] CTA: download / alert ON,रुको! पश्चिम बंगाल के मिर्च किसान यह ज़रूर देखें। समय रहते कदम उठाओ — AgroManch आपके साथ है।,Crop Emergency Alert: मिर्च | बड़ा hook text → benefit → CTA,अभी register करो — फसल बेचने का पहला कदम,#Chilli #Kisan #FasalRog #AgroManch #IndianFarmer,Emotional flute + dholak,08:00 PM
11,17-06-2026,Crop Emergency Alert,पड़ोसी की सरसों चौपट हो गई — आपकी कैसे बचेगी?,[0-3s] तेज़ alert visual + bold red text,[3-8s] सरसों की पर्ची/लक्षण/आँकड़ा close-up,[8-16s] नुकसान का असर + किसान की चिंता,[16-25s] AgroManch solution — सरसों का रास्ता,[25-30s] CTA: download / alert ON,रुको! UP के सरसों किसान यह ज़रूर देखें। समय रहते कदम उठाओ — AgroManch आपके साथ है।,Crop Emergency Alert: सरसों | बड़ा hook text → benefit → CTA,5 मिनट में listing — सीधे buyer तक पहुँचो,#Mustard #Kisan #FasalRog #AgroManch #IndianFarmer,Upbeat desi dhun,07:30 AM
12,18-06-2026,Crop Emergency Alert,चना में यह दाग = खतरे की घंटी। इलाज यहाँ देखो,[0-3s] तेज़ alert visual + bold red text,[3-8s] चना की पर्ची/लक्षण/आँकड़ा close-up,[8-16s] नुकसान का असर + किसान की चिंता,[16-25s] AgroManch solution — चना का रास्ता,[25-30s] CTA: download / alert ON,रुको! बिहार के चना किसान यह ज़रूर देखें। समय रहते कदम उठाओ — AgroManch आपके साथ है।,Crop Emergency Alert: चना | बड़ा hook text → benefit → CTA,बड़े खरीदार इंतज़ार में हैं — connect करो,#Gram #Kisan #FasalRog #AgroManch #IndianFarmer,Suspense build-up,12:00 PM
13,19-06-2026,Farmer Success Story,'पहले डर था online बेचने का — आज मूंग से खुशी है',[0-3s] किसान का चेहरा + मूंग खेत — emotional hook,[3-10s] संघर्ष — पहले की मुश्किल,[10-18s] turning point — AgroManch से जुड़ा,"[18-26s] नतीजा — मुस्कान, payment proof",[26-30s] CTA: 'आपकी कहानी भी' + link,यह कहानी हर मूंग किसान की हो सकती है। डर से उम्मीद तक — AgroManch के साथ सफर।,Farmer Success Story: मूंग | बड़ा hook text → benefit → CTA,किसान भाइयों का सबसे बड़ा WhatsApp group — आओ,#Moong #Kisan #Kheti #AgroManch #IndianFarmer,Folk + modern fusion,07:00 PM
14,20-06-2026,Farmer Success Story,MP के इस किसान की कहानी आपको रुला देगी,[0-3s] किसान का चेहरा + बाजरा खेत — emotional hook,[3-10s] संघर्ष — पहले की मुश्किल,[10-18s] turning point — AgroManch से जुड़ा,"[18-26s] नतीजा — मुस्कान, payment proof",[26-30s] CTA: 'आपकी कहानी भी' + link,यह कहानी हर बाजरा किसान की हो सकती है। डर से उम्मीद तक — AgroManch के साथ सफर।,Farmer Success Story: बाजरा | बड़ा hook text → benefit → CTA,यह जानकारी फैलाओ — एक किसान की मदद करो,#Bajra #Kisan #Kheti #AgroManch #IndianFarmer,Motivational background score,09:30 AM
15,21-06-2026,Farmer Success Story,कर्ज़ में डूबा किसान — ज्वार ने ज़िंदगी बदल दी,[0-3s] किसान का चेहरा + ज्वार खेत — emotional hook,[3-10s] संघर्ष — पहले की मुश्किल,[10-18s] turning point — AgroManch से जुड़ा,"[18-26s] नतीजा — मुस्कान, payment proof",[26-30s] CTA: 'आपकी कहानी भी' + link,यह कहानी हर ज्वार किसान की हो सकती है। डर से उम्मीद तक — AgroManch के साथ सफर।,Farmer Success Story: ज्वार | बड़ा hook text → benefit → CTA,Kisan rewards पाओ — App में active रहो 🎁,#Jowar #Kisan #Kheti #AgroManch #IndianFarmer,Punjabi dhol drop,08:30 PM
16,22-06-2026,Farmer Success Story,"मज़दूरी छोड़ी, हल्दी अपनाई — आज लाखों कमाता है",[0-3s] किसान का चेहरा + हल्दी खेत — emotional hook,[3-10s] संघर्ष — पहले की मुश्किल,[10-18s] turning point — AgroManch से जुड़ा,"[18-26s] नतीजा — मुस्कान, payment proof",[26-30s] CTA: 'आपकी कहानी भी' + link,यह कहानी हर हल्दी किसान की हो सकती है। डर से उम्मीद तक — AgroManch के साथ सफर।,Farmer Success Story: हल्दी | बड़ा hook text → benefit → CTA,"ज़्यादा कमाओ — बिचौलिया हटाओ, सीधे बेचो",#Turmeric #Kisan #Kheti #AgroManch #IndianFarmer,Soft acoustic,05:00 PM
17,23-06-2026,Machinery Pride,subsidy पर मिलती है यह मशीन — अदरक किसान ध्यान दो,[0-3s] सवाल hook — 'अदरक में यह जानते हो?',[3-10s] step 1 / पुराना तरीका दिखाओ,[10-18s] step 2 / नया तरीका — demo,[18-26s] नतीजा / फायदा साफ़ दिखाओ,[26-30s] CTA: App में और जानो,अदरक में यह आसान तरीका आपका समय और पैसा दोनों बचाएगा। चलिए step by step देखते हैं।,Machinery Pride: अदरक | बड़ा hook text → benefit → CTA,AgroManch App download करो — link bio में 👇,#Ginger #Kisan #Kheti #AgroManch #IndianFarmer,Trending Bhojpuri beat,08:00 PM
18,24-06-2026,Machinery Pride,इस जुगाड़ मशीन ने गुजरात के किसान का खेल बदल दिया,[0-3s] सवाल hook — 'लहसुन में यह जानते हो?',[3-10s] step 1 / पुराना तरीका दिखाओ,[10-18s] step 2 / नया तरीका — demo,[18-26s] नतीजा / फायदा साफ़ दिखाओ,[26-30s] CTA: App में और जानो,लहसुन में यह आसान तरीका आपका समय और पैसा दोनों बचाएगा। चलिए step by step देखते हैं।,Machinery Pride: लहसुन | बड़ा hook text → benefit → CTA,अभी register करो — फसल बेचने का पहला कदम,#Garlic #Kisan #Kheti #AgroManch #IndianFarmer,Emotional flute + dholak,07:30 AM
19,25-06-2026,Scheme Bomb,"🚨 NABARD योजना — किस्त आ रही है, status अभी check करो!",[0-3s] तेज़ alert visual + bold red text,[3-8s] केला की पर्ची/लक्षण/आँकड़ा close-up,[8-16s] नुकसान का असर + किसान की चिंता,[16-25s] AgroManch solution — केला का रास्ता,[25-30s] CTA: download / alert ON,रुको! कर्नाटक के केला किसान यह ज़रूर देखें। समय रहते कदम उठाओ — AgroManch आपके साथ है।,Scheme Bomb: केला | बड़ा hook text → benefit → CTA,5 मिनट में listing — सीधे buyer तक पहुँचो,#Banana #Kisan #SarkariYojana #AgroManch #IndianFarmer,Upbeat desi dhun,12:00 PM
20,26-06-2026,Scheme Bomb,Kisan Drone Subsidy में ₹__ सीधे खाते में — eligibility देखो,[0-3s] तेज़ alert visual + bold red text,[3-8s] अनार की पर्ची/लक्षण/आँकड़ा close-up,[8-16s] नुकसान का असर + किसान की चिंता,[16-25s] AgroManch solution — अनार का रास्ता,[25-30s] CTA: download / alert ON,रुको! पश्चिम बंगाल के अनार किसान यह ज़रूर देखें। समय रहते कदम उठाओ — AgroManch आपके साथ है।,Scheme Bomb: अनार | बड़ा hook text → benefit → CTA,बड़े खरीदार इंतज़ार में हैं — connect करो,#Pomegranate #Kisan #SarkariYojana #AgroManch #IndianFarmer,Suspense build-up,07:00 PM
21,27-06-2026,Scheme Bomb,90% किसान PM-KISAN का पैसा छोड़ देते हैं — आप मत छोड़ना,[0-3s] तेज़ alert visual + bold red text,[3-8s] Dragon Fruit की पर्ची/लक्षण/आँकड़ा close-up,[8-16s] नुकसान का असर + किसान की चिंता,[16-25s] AgroManch solution — Dragon Fruit का रास्ता,[25-30s] CTA: download / alert ON,रुको! UP के Dragon Fruit किसान यह ज़रूर देखें। समय रहते कदम उठाओ — AgroManch आपके साथ है।,Scheme Bomb: Dragon Fruit | बड़ा hook text → benefit → CTA,किसान भाइयों का सबसे बड़ा WhatsApp group — आओ,#DragonFruit #Kisan #SarkariYojana #AgroManch #IndianFarmer,Folk + modern fusion,09:30 AM
22,28-06-2026,Scheme Bomb,PMFBY फसल बीमा की last date नज़दीक — आज ही apply करो,[0-3s] तेज़ alert visual + bold red text,[3-8s] स्ट्रॉबेरी की पर्ची/लक्षण/आँकड़ा close-up,[8-16s] नुकसान का असर + किसान की चिंता,[16-25s] AgroManch solution — स्ट्रॉबेरी का रास्ता,[25-30s] CTA: download / alert ON,रुको! बिहार के स्ट्रॉबेरी किसान यह ज़रूर देखें। समय रहते कदम उठाओ — AgroManch आपके साथ है।,Scheme Bomb: स्ट्रॉबेरी | बड़ा hook text → benefit → CTA,यह जानकारी फैलाओ — एक किसान की मदद करो,#Strawberry #Kisan #SarkariYojana #AgroManch #IndianFarmer,Motivational background score,08:30 PM
23,29-06-2026,Jugaad Hack,मशरूम में पानी बचाने का यह जुगाड़ viral हो रहा है,[0-3s] सवाल hook — 'मशरूम में यह जानते हो?',[3-10s] step 1 / पुराना तरीका दिखाओ,[10-18s] step 2 / नया तरीका — demo,[18-26s] नतीजा / फायदा साफ़ दिखाओ,[26-30s] CTA: App में और जानो,मशरूम में यह आसान तरीका आपका समय और पैसा दोनों बचाएगा। चलिए step by step देखते हैं।,Jugaad Hack: मशरूम | बड़ा hook text → benefit → CTA,Kisan rewards पाओ — App में active रहो 🎁,#Mushroom #Kisan #FarmingHacks #AgroManch #IndianFarmer,Punjabi dhol drop,05:00 PM
24,30-06-2026,Jugaad Hack,पुरानी बोतल से सब्ज़ी की सिंचाई — step by step,[0-3s] सवाल hook — 'सब्ज़ी में यह जानते हो?',[3-10s] step 1 / पुराना तरीका दिखाओ,[10-18s] step 2 / नया तरीका — demo,[18-26s] नतीजा / फायदा साफ़ दिखाओ,[26-30s] CTA: App में और जानो,सब्ज़ी में यह आसान तरीका आपका समय और पैसा दोनों बचाएगा। चलिए step by step देखते हैं।,Jugaad Hack: सब्ज़ी | बड़ा hook text → benefit → CTA,"ज़्यादा कमाओ — बिचौलिया हटाओ, सीधे बेचो",#Vegetables #Kisan #FarmingHacks #AgroManch #IndianFarmer,Soft acoustic,08:00 PM
25,01-07-2026,Before / After,भिंडी खेत: पहले बनाम बाद — यकीन नहीं होगा,[0-3s] सवाल hook — 'भिंडी में यह जानते हो?',[3-10s] step 1 / पुराना तरीका दिखाओ,[10-18s] step 2 / नया तरीका — demo,[18-26s] नतीजा / फायदा साफ़ दिखाओ,[26-30s] CTA: App में और जानो,भिंडी में यह आसान तरीका आपका समय और पैसा दोनों बचाएगा। चलिए step by step देखते हैं।,Before / After: भिंडी | बड़ा hook text → benefit → CTA,AgroManch App download करो — link bio में 👇,#Okra #Kisan #Kheti #AgroManch #IndianFarmer,Trending Bhojpuri beat,07:30 AM
26,02-07-2026,Before / After,6 महीने में यह बदलाव — बैंगन किसान ने कैसे किया?,[0-3s] सवाल hook — 'बैंगन में यह जानते हो?',[3-10s] step 1 / पुराना तरीका दिखाओ,[10-18s] step 2 / नया तरीका — demo,[18-26s] नतीजा / फायदा साफ़ दिखाओ,[26-30s] CTA: App में और जानो,बैंगन में यह आसान तरीका आपका समय और पैसा दोनों बचाएगा। चलिए step by step देखते हैं।,Before / After: बैंगन | बड़ा hook text → benefit → CTA,अभी register करो — फसल बेचने का पहला कदम,#Brinjal #Kisan #Kheti #AgroManch #IndianFarmer,Emotional flute + dholak,12:00 PM
27,03-07-2026,Mahila Kisan,"पति बाहर, उसने फूलगोभी से घर चलाया — कैसे?",[0-3s] किसान का चेहरा + फूलगोभी खेत — emotional hook,[3-10s] संघर्ष — पहले की मुश्किल,[10-18s] turning point — AgroManch से जुड़ा,"[18-26s] नतीजा — मुस्कान, payment proof",[26-30s] CTA: 'आपकी कहानी भी' + link,यह कहानी हर फूलगोभी किसान की हो सकती है। डर से उम्मीद तक — AgroManch के साथ सफर।,Mahila Kisan: फूलगोभी | बड़ा hook text → benefit → CTA,5 मिनट में listing — सीधे buyer तक पहुँचो,#Cauliflower #Kisan #MahilaKisan #AgroManch #IndianFarmer,Upbeat desi dhun,07:00 PM
28,04-07-2026,Mahila Kisan,गाँव की महिलाओं ने मटर से बदली किस्मत,[0-3s] किसान का चेहरा + मटर खेत — emotional hook,[3-10s] संघर्ष — पहले की मुश्किल,[10-18s] turning point — AgroManch से जुड़ा,"[18-26s] नतीजा — मुस्कान, payment proof",[26-30s] CTA: 'आपकी कहानी भी' + link,यह कहानी हर मटर किसान की हो सकती है। डर से उम्मीद तक — AgroManch के साथ सफर।,Mahila Kisan: मटर | बड़ा hook text → benefit → CTA,बड़े खरीदार इंतज़ार में हैं — connect करो,#Peas #Kisan #MahilaKisan #AgroManch #IndianFarmer,Suspense build-up,09:30 AM
29,05-07-2026,Mahila Kisan,महिला किसान + AgroManch = ₹__ सालाना income,[0-3s] किसान का चेहरा + अरहर खेत — emotional hook,[3-10s] संघर्ष — पहले की मुश्किल,[10-18s] turning point — AgroManch से जुड़ा,"[18-26s] नतीजा — मुस्कान, payment proof",[26-30s] CTA: 'आपकी कहानी भी' + link,यह कहानी हर अरहर किसान की हो सकती है। डर से उम्मीद तक — AgroManch के साथ सफर।,Mahila Kisan: अरहर | बड़ा hook text → benefit → CTA,किसान भाइयों का सबसे बड़ा WhatsApp group — आओ,#Arhar #Kisan #MahilaKisan #AgroManch #IndianFarmer,Folk + modern fusion,08:30 PM
30,06-07-2026,Mahila Kisan,खेती सिर्फ मर्दों का काम? यह महिला गलत साबित करती है,[0-3s] किसान का चेहरा + मूंगफली खेत — emotional hook,[3-10s] संघर्ष — पहले की मुश्किल,[10-18s] turning point — AgroManch से जुड़ा,"[18-26s] नतीजा — मुस्कान, payment proof",[26-30s] CTA: 'आपकी कहानी भी' + link,यह कहानी हर मूंगफली किसान की हो सकती है। डर से उम्मीद तक — AgroManch के साथ सफर।,Mahila Kisan: मूंगफली | बड़ा hook text → benefit → CTA,यह जानकारी फैलाओ — एक किसान की मदद करो,#Groundnut #Kisan #MahilaKisan #AgroManch #IndianFarmer,Motivational background score,05:00 PM
31,07-07-2026,Weather Emergency,🚨 UP Alert: 72 घंटे में मौसम — गेहूं बचाओ!,[0-3s] तेज़ alert visual + bold red text,[3-8s] गेहूं की पर्ची/लक्षण/आँकड़ा close-up,[8-16s] नुकसान का असर + किसान की चिंता,[16-25s] AgroManch solution — गेहूं का रास्ता,[25-30s] CTA: download / alert ON,रुको! UP के गेहूं किसान यह ज़रूर देखें। समय रहते कदम उठाओ — AgroManch आपके साथ है।,Weather Emergency: गेहूं | बड़ा hook text → benefit → CTA,Kisan rewards पाओ — App में active रहो 🎁,#Wheat #Kisan #MausamAlert #AgroManch #IndianFarmer,Punjabi dhol drop,08:00 PM
32,08-07-2026,Weather Emergency,बारिश से पहले धान में यह करना ज़रूरी है,[0-3s] तेज़ alert visual + bold red text,[3-8s] धान की पर्ची/लक्षण/आँकड़ा close-up,[8-16s] नुकसान का असर + किसान की चिंता,[16-25s] AgroManch solution — धान का रास्ता,[25-30s] CTA: download / alert ON,रुको! बिहार के धान किसान यह ज़रूर देखें। समय रहते कदम उठाओ — AgroManch आपके साथ है।,Weather Emergency: धान | बड़ा hook text → benefit → CTA,"ज़्यादा कमाओ — बिचौलिया हटाओ, सीधे बेचो",#Paddy #Kisan #MausamAlert #AgroManch #IndianFarmer,Soft acoustic,07:30 AM
33,09-07-2026,Weather Emergency,ओलावृष्टि का खतरा — मक्का किसान तुरंत यह करो,[0-3s] तेज़ alert visual + bold red text,[3-8s] मक्का की पर्ची/लक्षण/आँकड़ा close-up,[8-16s] नुकसान का असर + किसान की चिंता,[16-25s] AgroManch solution — मक्का का रास्ता,[25-30s] CTA: download / alert ON,रुको! पंजाब के मक्का किसान यह ज़रूर देखें। समय रहते कदम उठाओ — AgroManch आपके साथ है।,Weather Emergency: मक्का | बड़ा hook text → benefit → CTA,AgroManch App download करो — link bio में 👇,#Maize #Kisan #MausamAlert #AgroManch #IndianFarmer,Trending Bhojpuri beat,12:00 PM
34,10-07-2026,Weather Emergency,🚨 तूफान आ रहा है — खड़ी सोयाबीन कैसे बचाएँ?,[0-3s] तेज़ alert visual + bold red text,[3-8s] सोयाबीन की पर्ची/लक्षण/आँकड़ा close-up,[8-16s] नुकसान का असर + किसान की चिंता,[16-25s] AgroManch solution — सोयाबीन का रास्ता,[25-30s] CTA: download / alert ON,रुको! MP के सोयाबीन किसान यह ज़रूर देखें। समय रहते कदम उठाओ — AgroManch आपके साथ है।,Weather Emergency: सोयाबीन | बड़ा hook text → benefit → CTA,अभी register करो — फसल बेचने का पहला कदम,#Soybean #Kisan #MausamAlert #AgroManch #IndianFarmer,Emotional flute + dholak,07:00 PM
35,11-07-2026,Myth Buster,कृषि वैज्ञानिक बता रहे हैं — कपास का असली सच,[0-3s] सवाल hook — 'कपास में यह जानते हो?',[3-10s] step 1 / पुराना तरीका दिखाओ,[10-18s] step 2 / नया तरीका — demo,[18-26s] नतीजा / फायदा साफ़ दिखाओ,[26-30s] CTA: App में और जानो,कपास में यह आसान तरीका आपका समय और पैसा दोनों बचाएगा। चलिए step by step देखते हैं।,Myth Buster: कपास | बड़ा hook text → benefit → CTA,5 मिनट में listing — सीधे buyer तक पहुँचो,#Cotton #Kisan #Kheti #AgroManch #IndianFarmer,Upbeat desi dhun,09:30 AM
36,12-07-2026,Profit Calculator,AgroManch calculator से गन्ना का मुनाफा निकालो,[0-3s] बड़ा number + गन्ना का खेत — hook text,[3-8s] गन्ना की लागत दिखाओ (बीज/खाद/मेहनत),[8-18s] कमाई का breakdown — मंडी बनाम AgroManch,[18-25s] AgroManch screen — सही दाम कैसे मिला,[25-30s] CTA card + logo,"किसान भाइयों, गन्ना से असली कमाई कितनी हो सकती है? पूरा हिसाब देखो — और जानो AgroManch पर सही दाम कैसे मिलता है।",Profit Calculator: गन्ना | बड़ा hook text → benefit → CTA,बड़े खरीदार इंतज़ार में हैं — connect करो,#Sugarcane #Kisan #KhetiProfit #AgroManch #IndianFarmer,Suspense build-up,08:30 PM
37,13-07-2026,Profit Calculator,टमाटर में 1 एकड़ = कितना मुनाफा? पूरा हिसाब,[0-3s] बड़ा number + टमाटर का खेत — hook text,[3-8s] टमाटर की लागत दिखाओ (बीज/खाद/मेहनत),[8-18s] कमाई का breakdown — मंडी बनाम AgroManch,[18-25s] AgroManch screen — सही दाम कैसे मिला,[25-30s] CTA card + logo,"किसान भाइयों, टमाटर से असली कमाई कितनी हो सकती है? पूरा हिसाब देखो — और जानो AgroManch पर सही दाम कैसे मिलता है।",Profit Calculator: टमाटर | बड़ा hook text → benefit → CTA,किसान भाइयों का सबसे बड़ा WhatsApp group — आओ,#Tomato #Kisan #KhetiProfit #AgroManch #IndianFarmer,Folk + modern fusion,05:00 PM
38,14-07-2026,Profit Calculator,"लागत ₹__, कमाई ₹__ — प्याज का गणित समझो",[0-3s] बड़ा number + प्याज का खेत — hook text,[3-8s] प्याज की लागत दिखाओ (बीज/खाद/मेहनत),[8-18s] कमाई का breakdown — मंडी बनाम AgroManch,[18-25s] AgroManch screen — सही दाम कैसे मिला,[25-30s] CTA card + logo,"किसान भाइयों, प्याज से असली कमाई कितनी हो सकती है? पूरा हिसाब देखो — और जानो AgroManch पर सही दाम कैसे मिलता है।",Profit Calculator: प्याज | बड़ा hook text → benefit → CTA,यह जानकारी फैलाओ — एक किसान की मदद करो,#Onion #Kisan #KhetiProfit #AgroManch #IndianFarmer,Motivational background score,08:00 PM
39,15-07-2026,Profit Calculator,आलू बोने से पहले यह calculation ज़रूर देखो,[0-3s] बड़ा number + आलू का खेत — hook text,[3-8s] आलू की लागत दिखाओ (बीज/खाद/मेहनत),[8-18s] कमाई का breakdown — मंडी बनाम AgroManch,[18-25s] AgroManch screen — सही दाम कैसे मिला,[25-30s] CTA card + logo,"किसान भाइयों, आलू से असली कमाई कितनी हो सकती है? पूरा हिसाब देखो — और जानो AgroManch पर सही दाम कैसे मिलता है।",Profit Calculator: आलू | बड़ा hook text → benefit → CTA,Kisan rewards पाओ — App में active रहो 🎁,#Potato #Kisan #KhetiProfit #AgroManch #IndianFarmer,Punjabi dhol drop,07:30 AM
40,16-07-2026,Field Interview,गाँव-गाँव घूमकर पूछा — मिर्च पर किसानों का जवाब,[0-3s] किसान का चेहरा + मिर्च खेत — emotional hook,[3-10s] संघर्ष — पहले की मुश्किल,[10-18s] turning point — AgroManch से जुड़ा,"[18-26s] नतीजा — मुस्कान, payment proof",[26-30s] CTA: 'आपकी कहानी भी' + link,यह कहानी हर मिर्च किसान की हो सकती है। डर से उम्मीद तक — AgroManch के साथ सफर।,Field Interview: मिर्च | बड़ा hook text → benefit → CTA,"ज़्यादा कमाओ — बिचौलिया हटाओ, सीधे बेचो",#Chilli #Kisan #Kheti #AgroManch #IndianFarmer,Soft acoustic,12:00 PM
41,17-07-2026,Field Interview,UP का यह किसान सरसों पर बेबाक बोला,[0-3s] किसान का चेहरा + सरसों खेत — emotional hook,[3-10s] संघर्ष — पहले की मुश्किल,[10-18s] turning point — AgroManch से जुड़ा,"[18-26s] नतीजा — मुस्कान, payment proof",[26-30s] CTA: 'आपकी कहानी भी' + link,यह कहानी हर सरसों किसान की हो सकती है। डर से उम्मीद तक — AgroManch के साथ सफर।,Field Interview: सरसों | बड़ा hook text → benefit → CTA,AgroManch App download करो — link bio में 👇,#Mustard #Kisan #Kheti #AgroManch #IndianFarmer,Trending Bhojpuri beat,07:00 PM
42,18-07-2026,Old vs New,मंडी का इंतज़ार बनाम App पर बिक्री — चना देखो,[0-3s] सवाल hook — 'चना में यह जानते हो?',[3-10s] step 1 / पुराना तरीका दिखाओ,[10-18s] step 2 / नया तरीका — demo,[18-26s] नतीजा / फायदा साफ़ दिखाओ,[26-30s] CTA: App में और जानो,चना में यह आसान तरीका आपका समय और पैसा दोनों बचाएगा। चलिए step by step देखते हैं।,Old vs New: चना | बड़ा hook text → benefit → CTA,अभी register करो — फसल बेचने का पहला कदम,#Gram #Kisan #Kheti #AgroManch #IndianFarmer,Emotional flute + dholak,09:30 AM
43,19-07-2026,Old vs New,मूंग बेचने का पुराना तरीका vs AgroManch — 5 घंटे vs 5 मिनट,[0-3s] सवाल hook — 'मूंग में यह जानते हो?',[3-10s] step 1 / पुराना तरीका दिखाओ,[10-18s] step 2 / नया तरीका — demo,[18-26s] नतीजा / फायदा साफ़ दिखाओ,[26-30s] CTA: App में और जानो,मूंग में यह आसान तरीका आपका समय और पैसा दोनों बचाएगा। चलिए step by step देखते हैं।,Old vs New: मूंग | बड़ा hook text → benefit → CTA,5 मिनट में listing — सीधे buyer तक पहुँचो,#Moong #Kisan #Kheti #AgroManch #IndianFarmer,Upbeat desi dhun,08:30 PM
44,20-07-2026,Hidden Crop,बाजरा छोड़ो — यह फसल 3 गुना कमाई देती है,[0-3s] बड़ा number + बाजरा का खेत — hook text,[3-8s] बाजरा की लागत दिखाओ (बीज/खाद/मेहनत),[8-18s] कमाई का breakdown — मंडी बनाम AgroManch,[18-25s] AgroManch screen — सही दाम कैसे मिला,[25-30s] CTA card + logo,"किसान भाइयों, बाजरा से असली कमाई कितनी हो सकती है? पूरा हिसाब देखो — और जानो AgroManch पर सही दाम कैसे मिलता है।",Hidden Crop: बाजरा | बड़ा hook text → benefit → CTA,बड़े खरीदार इंतज़ार में हैं — connect करो,#Bajra #Kisan #ProfitableFarming #AgroManch #IndianFarmer,Suspense build-up,05:00 PM
45,21-07-2026,Hidden Crop,विदेश में इस फसल की भारी मांग — आप क्यों चूक रहे?,[0-3s] बड़ा number + ज्वार का खेत — hook text,[3-8s] ज्वार की लागत दिखाओ (बीज/खाद/मेहनत),[8-18s] कमाई का breakdown — मंडी बनाम AgroManch,[18-25s] AgroManch screen — सही दाम कैसे मिला,[25-30s] CTA card + logo,"किसान भाइयों, ज्वार से असली कमाई कितनी हो सकती है? पूरा हिसाब देखो — और जानो AgroManch पर सही दाम कैसे मिलता है।",Hidden Crop: ज्वार | बड़ा hook text → benefit → CTA,किसान भाइयों का सबसे बड़ा WhatsApp group — आओ,#Jowar #Kisan #ProfitableFarming #AgroManch #IndianFarmer,Folk + modern fusion,08:00 PM
46,22-07-2026,Hidden Crop,"कम पानी, ज़्यादा दाम — यह छुपी फसल जानो",[0-3s] बड़ा number + हल्दी का खेत — hook text,[3-8s] हल्दी की लागत दिखाओ (बीज/खाद/मेहनत),[8-18s] कमाई का breakdown — मंडी बनाम AgroManch,[18-25s] AgroManch screen — सही दाम कैसे मिला,[25-30s] CTA card + logo,"किसान भाइयों, हल्दी से असली कमाई कितनी हो सकती है? पूरा हिसाब देखो — और जानो AgroManch पर सही दाम कैसे मिलता है।",Hidden Crop: हल्दी | बड़ा hook text → benefit → CTA,यह जानकारी फैलाओ — एक किसान की मदद करो,#Turmeric #Kisan #ProfitableFarming #AgroManch #IndianFarmer,Motivational background score,07:30 AM
47,23-07-2026,Hidden Crop,1 एकड़ में ₹__ — यह फसल कोई नहीं बताता,[0-3s] बड़ा number + अदरक का खेत — hook text,[3-8s] अदरक की लागत दिखाओ (बीज/खाद/मेहनत),[8-18s] कमाई का breakdown — मंडी बनाम AgroManch,[18-25s] AgroManch screen — सही दाम कैसे मिला,[25-30s] CTA card + logo,"किसान भाइयों, अदरक से असली कमाई कितनी हो सकती है? पूरा हिसाब देखो — और जानो AgroManch पर सही दाम कैसे मिलता है।",Hidden Crop: अदरक | बड़ा hook text → benefit → CTA,Kisan rewards पाओ — App में active रहो 🎁,#Ginger #Kisan #ProfitableFarming #AgroManch #IndianFarmer,Punjabi dhol drop,12:00 PM
48,24-07-2026,Tech Tutorial,AgroManch के यह 5 features लहसुन किसान ज़रूर use करें,[0-3s] सवाल hook — 'लहसुन में यह जानते हो?',[3-10s] step 1 / पुराना तरीका दिखाओ,[10-18s] step 2 / नया तरीका — demo,[18-26s] नतीजा / फायदा साफ़ दिखाओ,[26-30s] CTA: App में और जानो,लहसुन में यह आसान तरीका आपका समय और पैसा दोनों बचाएगा। चलिए step by step देखते हैं।,Tech Tutorial: लहसुन | बड़ा hook text → benefit → CTA,"ज़्यादा कमाओ — बिचौलिया हटाओ, सीधे बेचो",#Garlic #Kisan #DigitalKisan #AgroManch #IndianFarmer,Soft acoustic,07:00 PM
49,25-07-2026,Tech Tutorial,AgroManch पर केला list करो — 5 मिनट tutorial,[0-3s] सवाल hook — 'केला में यह जानते हो?',[3-10s] step 1 / पुराना तरीका दिखाओ,[10-18s] step 2 / नया तरीका — demo,[18-26s] नतीजा / फायदा साफ़ दिखाओ,[26-30s] CTA: App में और जानो,केला में यह आसान तरीका आपका समय और पैसा दोनों बचाएगा। चलिए step by step देखते हैं।,Tech Tutorial: केला | बड़ा hook text → benefit → CTA,AgroManch App download करो — link bio में 👇,#Banana #Kisan #DigitalKisan #AgroManch #IndianFarmer,Trending Bhojpuri beat,09:30 AM
50,26-07-2026,Tech Tutorial,पहली बार App इस्तेमाल कर रहे? यह देखो — आसान है,[0-3s] सवाल hook — 'अनार में यह जानते हो?',[3-10s] step 1 / पुराना तरीका दिखाओ,[10-18s] step 2 / नया तरीका — demo,[18-26s] नतीजा / फायदा साफ़ दिखाओ,[26-30s] CTA: App में और जानो,अनार में यह आसान तरीका आपका समय और पैसा दोनों बचाएगा। चलिए step by step देखते हैं।,Tech Tutorial: अनार | बड़ा hook text → benefit → CTA,अभी register करो — फसल बेचने का पहला कदम,#Pomegranate #Kisan #DigitalKisan #AgroManch #IndianFarmer,Emotional flute + dholak,08:30 PM
51,27-07-2026,Tech Tutorial,Dragon Fruit की photo कैसे डालें कि ज़्यादा दाम मिले,[0-3s] सवाल hook — 'Dragon Fruit में यह जानते हो?',[3-10s] step 1 / पुराना तरीका दिखाओ,[10-18s] step 2 / नया तरीका — demo,[18-26s] नतीजा / फायदा साफ़ दिखाओ,[26-30s] CTA: App में और जानो,Dragon Fruit में यह आसान तरीका आपका समय और पैसा दोनों बचाएगा। चलिए step by step देखते हैं।,Tech Tutorial: Dragon Fruit | बड़ा hook text → benefit → CTA,5 मिनट में listing — सीधे buyer तक पहुँचो,#DragonFruit #Kisan #DigitalKisan #AgroManch #IndianFarmer,Upbeat desi dhun,05:00 PM
52,28-07-2026,Award / Recognition,गाँव का गर्व — स्ट्रॉबेरी में राष्ट्रीय पुरस्कार,[0-3s] किसान का चेहरा + स्ट्रॉबेरी खेत — emotional hook,[3-10s] संघर्ष — पहले की मुश्किल,[10-18s] turning point — AgroManch से जुड़ा,"[18-26s] नतीजा — मुस्कान, payment proof",[26-30s] CTA: 'आपकी कहानी भी' + link,यह कहानी हर स्ट्रॉबेरी किसान की हो सकती है। डर से उम्मीद तक — AgroManch के साथ सफर।,Award / Recognition: स्ट्रॉबेरी | बड़ा hook text → benefit → CTA,बड़े खरीदार इंतज़ार में हैं — connect करो,#Strawberry #Kisan #Kheti #AgroManch #IndianFarmer,Suspense build-up,08:00 PM
53,29-07-2026,Regional Language,मराठी बोलने वाले किसान यह ज़रूर देखें,[0-3s] सवाल/poll hook — मशरूम पर,[3-10s] context — दो राय रखो,[10-18s] options/poll graphic,[18-26s] AgroManch tie-in,[26-30s] CTA: vote + comment,मशरूम पर आपकी राय सबसे ज़रूरी है। कमेंट में बताओ — हम हर किसान की सुनते हैं।,Regional Language: मशरूम | बड़ा hook text → benefit → CTA,किसान भाइयों का सबसे बड़ा WhatsApp group — आओ,#Mushroom #Kisan #Bhojpuri #AgroManch #IndianFarmer,Folk + modern fusion,07:30 AM
54,30-07-2026,Regional Language,घर जैसी भाषा में सब्ज़ी का गुर — हरियाणवी में,[0-3s] सवाल/poll hook — सब्ज़ी पर,[3-10s] context — दो राय रखो,[10-18s] options/poll graphic,[18-26s] AgroManch tie-in,[26-30s] CTA: vote + comment,सब्ज़ी पर आपकी राय सबसे ज़रूरी है। कमेंट में बताओ — हम हर किसान की सुनते हैं।,Regional Language: सब्ज़ी | बड़ा hook text → benefit → CTA,यह जानकारी फैलाओ — एक किसान की मदद करो,#Vegetables #Kisan #Bhojpuri #AgroManch #IndianFarmer,Motivational background score,12:00 PM
55,31-07-2026,Regional Language,किसान भाई — आज मगही में भिंडी की बात,[0-3s] सवाल/poll hook — भिंडी पर,[3-10s] context — दो राय रखो,[10-18s] options/poll graphic,[18-26s] AgroManch tie-in,[26-30s] CTA: vote + comment,भिंडी पर आपकी राय सबसे ज़रूरी है। कमेंट में बताओ — हम हर किसान की सुनते हैं।,Regional Language: भिंडी | बड़ा hook text → benefit → CTA,Kisan rewards पाओ — App में active रहो 🎁,#Okra #Kisan #Bhojpuri #AgroManch #IndianFarmer,Punjabi dhol drop,07:00 PM
56,01-08-2026,Regional Language,अवधी में सुनो: AgroManch पर बैंगन कैसे बेचें,[0-3s] सवाल/poll hook — बैंगन पर,[3-10s] context — दो राय रखो,[10-18s] options/poll graphic,[18-26s] AgroManch tie-in,[26-30s] CTA: vote + comment,बैंगन पर आपकी राय सबसे ज़रूरी है। कमेंट में बताओ — हम हर किसान की सुनते हैं।,Regional Language: बैंगन | बड़ा hook text → benefit → CTA,"ज़्यादा कमाओ — बिचौलिया हटाओ, सीधे बेचो",#Brinjal #Kisan #Bhojpuri #AgroManch #IndianFarmer,Soft acoustic,09:30 AM
57,02-08-2026,Community Debate,फूलगोभी की सबसे बड़ी दिक्कत क्या है? खुलकर लिखो,[0-3s] सवाल/poll hook — फूलगोभी पर,[3-10s] context — दो राय रखो,[10-18s] options/poll graphic,[18-26s] AgroManch tie-in,[26-30s] CTA: vote + comment,फूलगोभी पर आपकी राय सबसे ज़रूरी है। कमेंट में बताओ — हम हर किसान की सुनते हैं।,Community Debate: फूलगोभी | बड़ा hook text → benefit → CTA,AgroManch App download करो — link bio में 👇,#Cauliflower #Kisan #Kheti #AgroManch #IndianFarmer,Trending Bhojpuri beat,08:30 PM
58,03-08-2026,Community Debate,मंडी बनाम App — आप किसके साथ हो? Vote करो,[0-3s] सवाल/poll hook — मटर पर,[3-10s] context — दो राय रखो,[10-18s] options/poll graphic,[18-26s] AgroManch tie-in,[26-30s] CTA: vote + comment,मटर पर आपकी राय सबसे ज़रूरी है। कमेंट में बताओ — हम हर किसान की सुनते हैं।,Community Debate: मटर | बड़ा hook text → benefit → CTA,अभी register करो — फसल बेचने का पहला कदम,#Peas #Kisan #Kheti #AgroManch #IndianFarmer,Emotional flute + dholak,05:00 PM
59,04-08-2026,Seasonal Countdown,त्योहार से पहले अरहर के दाम चढ़ेंगे — तैयार रहो,[0-3s] सवाल/poll hook — अरहर पर,[3-10s] context — दो राय रखो,[10-18s] options/poll graphic,[18-26s] AgroManch tie-in,[26-30s] CTA: vote + comment,अरहर पर आपकी राय सबसे ज़रूरी है। कमेंट में बताओ — हम हर किसान की सुनते हैं।,Seasonal Countdown: अरहर | बड़ा hook text → benefit → CTA,5 मिनट में listing — सीधे buyer तक पहुँचो,#Arhar #Kisan #Kheti #AgroManch #IndianFarmer,Upbeat desi dhun,08:00 PM
60,05-08-2026,Seasonal Countdown,देर मत करो — मूंगफली की सही timing निकल रही है,[0-3s] सवाल/poll hook — मूंगफली पर,[3-10s] context — दो राय रखो,[10-18s] options/poll graphic,[18-26s] AgroManch tie-in,[26-30s] CTA: vote + comment,मूंगफली पर आपकी राय सबसे ज़रूरी है। कमेंट में बताओ — हम हर किसान की सुनते हैं।,Seasonal Countdown: मूंगफली | बड़ा hook text → benefit → CTA,बड़े खरीदार इंतज़ार में हैं — connect करो,#Groundnut #Kisan #Kheti #AgroManch #IndianFarmer,Suspense build-up,07:30 AM
61,06-08-2026,Seasonal Countdown,गेहूं बुवाई में बस __ दिन बाकी — तैयारी शुरू!,[0-3s] सवाल/poll hook — गेहूं पर,[3-10s] context — दो राय रखो,[10-18s] options/poll graphic,[18-26s] AgroManch tie-in,[26-30s] CTA: vote + comment,गेहूं पर आपकी राय सबसे ज़रूरी है। कमेंट में बताओ — हम हर किसान की सुनते हैं।,Seasonal Countdown: गेहूं | बड़ा hook text → benefit → CTA,किसान भाइयों का सबसे बड़ा WhatsApp group — आओ,#Wheat #Kisan #Kheti #AgroManch #IndianFarmer,Folk + modern fusion,12:00 PM
62,07-08-2026,Seasonal Countdown,धान बेचने का सही समय आ रहा — भाव बढ़ेंगे,[0-3s] सवाल/poll hook — धान पर,[3-10s] context — दो राय रखो,[10-18s] options/poll graphic,[18-26s] AgroManch tie-in,[26-30s] CTA: vote + comment,धान पर आपकी राय सबसे ज़रूरी है। कमेंट में बताओ — हम हर किसान की सुनते हैं।,Seasonal Countdown: धान | बड़ा hook text → benefit → CTA,यह जानकारी फैलाओ — एक किसान की मदद करो,#Paddy #Kisan #Kheti #AgroManch #IndianFarmer,Motivational background score,07:00 PM
63,08-08-2026,Profit Reveal,मक्का बेचकर इस किसान ने नई गाड़ी खरीदी — राज़ क्या है?,[0-3s] बड़ा number + मक्का का खेत — hook text,[3-8s] मक्का की लागत दिखाओ (बीज/खाद/मेहनत),[8-18s] कमाई का breakdown — मंडी बनाम AgroManch,[18-25s] AgroManch screen — सही दाम कैसे मिला,[25-30s] CTA card + logo,"किसान भाइयों, मक्का से असली कमाई कितनी हो सकती है? पूरा हिसाब देखो — और जानो AgroManch पर सही दाम कैसे मिलता है।",Profit Reveal: मक्का | बड़ा hook text → benefit → CTA,Kisan rewards पाओ — App में active रहो 🎁,#Maize #Kisan #Kheti #AgroManch #IndianFarmer,Punjabi dhol drop,09:30 AM
64,09-08-2026,Profit Reveal,मंडी से दोगुना दाम — सोयाबीन में यह तरीका कोई नहीं बताता,[0-3s] बड़ा number + सोयाबीन का खेत — hook text,[3-8s] सोयाबीन की लागत दिखाओ (बीज/खाद/मेहनत),[8-18s] कमाई का breakdown — मंडी बनाम AgroManch,[18-25s] AgroManch screen — सही दाम कैसे मिला,[25-30s] CTA card + logo,"किसान भाइयों, सोयाबीन से असली कमाई कितनी हो सकती है? पूरा हिसाब देखो — और जानो AgroManch पर सही दाम कैसे मिलता है।",Profit Reveal: सोयाबीन | बड़ा hook text → benefit → CTA,"ज़्यादा कमाओ — बिचौलिया हटाओ, सीधे बेचो",#Soybean #Kisan #Kheti #AgroManch #IndianFarmer,Soft acoustic,08:30 PM
65,10-08-2026,Profit Reveal,₹__ extra हर quintal — कपास किसान यह गलती मत करना,[0-3s] बड़ा number + कपास का खेत — hook text,[3-8s] कपास की लागत दिखाओ (बीज/खाद/मेहनत),[8-18s] कमाई का breakdown — मंडी बनाम AgroManch,[18-25s] AgroManch screen — सही दाम कैसे मिला,[25-30s] CTA card + logo,"किसान भाइयों, कपास से असली कमाई कितनी हो सकती है? पूरा हिसाब देखो — और जानो AgroManch पर सही दाम कैसे मिलता है।",Profit Reveal: कपास | बड़ा hook text → benefit → CTA,AgroManch App download करो — link bio में 👇,#Cotton #Kisan #Kheti #AgroManch #IndianFarmer,Trending Bhojpuri beat,05:00 PM
66,11-08-2026,Profit Reveal,गाँव वाले हँसते थे — आज गन्ना से सबसे ज़्यादा कमाता है,[0-3s] बड़ा number + गन्ना का खेत — hook text,[3-8s] गन्ना की लागत दिखाओ (बीज/खाद/मेहनत),[8-18s] कमाई का breakdown — मंडी बनाम AgroManch,[18-25s] AgroManch screen — सही दाम कैसे मिला,[25-30s] CTA card + logo,"किसान भाइयों, गन्ना से असली कमाई कितनी हो सकती है? पूरा हिसाब देखो — और जानो AgroManch पर सही दाम कैसे मिलता है।",Profit Reveal: गन्ना | बड़ा hook text → benefit → CTA,अभी register करो — फसल बेचने का पहला कदम,#Sugarcane #Kisan #Kheti #AgroManch #IndianFarmer,Emotional flute + dholak,08:00 PM
67,12-08-2026,Mandi Shock,टमाटर मंडी में ₹__/kg — AgroManch पर ₹__! फर्क देखो 🔴🟢,[0-3s] तेज़ alert visual + bold red text,[3-8s] टमाटर की पर्ची/लक्षण/आँकड़ा close-up,[8-16s] नुकसान का असर + किसान की चिंता,[16-25s] AgroManch solution — टमाटर का रास्ता,[25-30s] CTA: download / alert ON,रुको! हरियाणा के टमाटर किसान यह ज़रूर देखें। समय रहते कदम उठाओ — AgroManch आपके साथ है।,Mandi Shock: टमाटर | बड़ा hook text → benefit → CTA,5 मिनट में listing — सीधे buyer तक पहुँचो,#Tomato #Kisan #MandiBhav #AgroManch #IndianFarmer,Upbeat desi dhun,07:30 AM
68,13-08-2026,Mandi Shock,रुको! प्याज मंडी ले जाने से पहले यह video देखो,[0-3s] तेज़ alert visual + bold red text,[3-8s] प्याज की पर्ची/लक्षण/आँकड़ा close-up,[8-16s] नुकसान का असर + किसान की चिंता,[16-25s] AgroManch solution — प्याज का रास्ता,[25-30s] CTA: download / alert ON,रुको! गुजरात के प्याज किसान यह ज़रूर देखें। समय रहते कदम उठाओ — AgroManch आपके साथ है।,Mandi Shock: प्याज | बड़ा hook text → benefit → CTA,बड़े खरीदार इंतज़ार में हैं — connect करो,#Onion #Kisan #MandiBhav #AgroManch #IndianFarmer,Suspense build-up,12:00 PM
69,14-08-2026,Mandi Shock,मंडी में आपका आलू ₹__ में बिका — असली कीमत ₹__ थी,[0-3s] तेज़ alert visual + bold red text,[3-8s] आलू की पर्ची/लक्षण/आँकड़ा close-up,[8-16s] नुकसान का असर + किसान की चिंता,[16-25s] AgroManch solution — आलू का रास्ता,[25-30s] CTA: download / alert ON,रुको! कर्नाटक के आलू किसान यह ज़रूर देखें। समय रहते कदम उठाओ — AgroManch आपके साथ है।,Mandi Shock: आलू | बड़ा hook text → benefit → CTA,किसान भाइयों का सबसे बड़ा WhatsApp group — आओ,#Potato #Kisan #MandiBhav #AgroManch #IndianFarmer,Folk + modern fusion,07:00 PM
70,15-08-2026,Mandi Shock,7 बिचौलिए आपके मिर्च का मुनाफा खा रहे हैं — proof देखो,[0-3s] तेज़ alert visual + bold red text,[3-8s] मिर्च की पर्ची/लक्षण/आँकड़ा close-up,[8-16s] नुकसान का असर + किसान की चिंता,[16-25s] AgroManch solution — मिर्च का रास्ता,[25-30s] CTA: download / alert ON,रुको! पश्चिम बंगाल के मिर्च किसान यह ज़रूर देखें। समय रहते कदम उठाओ — AgroManch आपके साथ है।,Mandi Shock: मिर्च | बड़ा hook text → benefit → CTA,यह जानकारी फैलाओ — एक किसान की मदद करो,#Chilli #Kisan #MandiBhav #AgroManch #IndianFarmer,Motivational background score,09:30 AM
71,16-08-2026,Crop Emergency Alert,पड़ोसी की सरसों चौपट हो गई — आपकी कैसे बचेगी?,[0-3s] तेज़ alert visual + bold red text,[3-8s] सरसों की पर्ची/लक्षण/आँकड़ा close-up,[8-16s] नुकसान का असर + किसान की चिंता,[16-25s] AgroManch solution — सरसों का रास्ता,[25-30s] CTA: download / alert ON,रुको! UP के सरसों किसान यह ज़रूर देखें। समय रहते कदम उठाओ — AgroManch आपके साथ है।,Crop Emergency Alert: सरसों | बड़ा hook text → benefit → CTA,Kisan rewards पाओ — App में active रहो 🎁,#Mustard #Kisan #FasalRog #AgroManch #IndianFarmer,Punjabi dhol drop,08:30 PM
72,17-08-2026,Crop Emergency Alert,चना में यह दाग = खतरे की घंटी। इलाज यहाँ देखो,[0-3s] तेज़ alert visual + bold red text,[3-8s] चना की पर्ची/लक्षण/आँकड़ा close-up,[8-16s] नुकसान का असर + किसान की चिंता,[16-25s] AgroManch solution — चना का रास्ता,[25-30s] CTA: download / alert ON,रुको! बिहार के चना किसान यह ज़रूर देखें। समय रहते कदम उठाओ — AgroManch आपके साथ है।,Crop Emergency Alert: चना | बड़ा hook text → benefit → CTA,"ज़्यादा कमाओ — बिचौलिया हटाओ, सीधे बेचो",#Gram #Kisan #FasalRog #AgroManch #IndianFarmer,Soft acoustic,05:00 PM
73,18-08-2026,Crop Emergency Alert,🚨 पंजाब में मूंग पर रोग फैल रहा — 72 घंटे में यह करो,[0-3s] तेज़ alert visual + bold red text,[3-8s] मूंग की पर्ची/लक्षण/आँकड़ा close-up,[8-16s] नुकसान का असर + किसान की चिंता,[16-25s] AgroManch solution — मूंग का रास्ता,[25-30s] CTA: download / alert ON,रुको! पंजाब के मूंग किसान यह ज़रूर देखें। समय रहते कदम उठाओ — AgroManch आपके साथ है।,Crop Emergency Alert: मूंग | बड़ा hook text → benefit → CTA,AgroManch App download करो — link bio में 👇,#Moong #Kisan #FasalRog #AgroManch #IndianFarmer,Trending Bhojpuri beat,08:00 PM
74,19-08-2026,Crop Emergency Alert,आपकी बाजरा की पत्तियाँ ऐसी हैं? तुरंत रुको और देखो,[0-3s] तेज़ alert visual + bold red text,[3-8s] बाजरा की पर्ची/लक्षण/आँकड़ा close-up,[8-16s] नुकसान का असर + किसान की चिंता,[16-25s] AgroManch solution — बाजरा का रास्ता,[25-30s] CTA: download / alert ON,रुको! MP के बाजरा किसान यह ज़रूर देखें। समय रहते कदम उठाओ — AgroManch आपके साथ है।,Crop Emergency Alert: बाजरा | बड़ा hook text → benefit → CTA,अभी register करो — फसल बेचने का पहला कदम,#Bajra #Kisan #FasalRog #AgroManch #IndianFarmer,Emotional flute + dholak,07:30 AM
75,20-08-2026,Farmer Success Story,कर्ज़ में डूबा किसान — ज्वार ने ज़िंदगी बदल दी,[0-3s] किसान का चेहरा + ज्वार खेत — emotional hook,[3-10s] संघर्ष — पहले की मुश्किल,[10-18s] turning point — AgroManch से जुड़ा,"[18-26s] नतीजा — मुस्कान, payment proof",[26-30s] CTA: 'आपकी कहानी भी' + link,यह कहानी हर ज्वार किसान की हो सकती है। डर से उम्मीद तक — AgroManch के साथ सफर।,Farmer Success Story: ज्वार | बड़ा hook text → benefit → CTA,5 मिनट में listing — सीधे buyer तक पहुँचो,#Jowar #Kisan #Kheti #AgroManch #IndianFarmer,Upbeat desi dhun,12:00 PM
76,21-08-2026,Farmer Success Story,"मज़दूरी छोड़ी, हल्दी अपनाई — आज लाखों कमाता है",[0-3s] किसान का चेहरा + हल्दी खेत — emotional hook,[3-10s] संघर्ष — पहले की मुश्किल,[10-18s] turning point — AgroManch से जुड़ा,"[18-26s] नतीजा — मुस्कान, payment proof",[26-30s] CTA: 'आपकी कहानी भी' + link,यह कहानी हर हल्दी किसान की हो सकती है। डर से उम्मीद तक — AgroManch के साथ सफर।,Farmer Success Story: हल्दी | बड़ा hook text → benefit → CTA,बड़े खरीदार इंतज़ार में हैं — connect करो,#Turmeric #Kisan #Kheti #AgroManch #IndianFarmer,Suspense build-up,07:00 PM
77,22-08-2026,Farmer Success Story,'मेरे पिता मंडी में लुटते थे — मैंने तरीका बदला',[0-3s] किसान का चेहरा + अदरक खेत — emotional hook,[3-10s] संघर्ष — पहले की मुश्किल,[10-18s] turning point — AgroManch से जुड़ा,"[18-26s] नतीजा — मुस्कान, payment proof",[26-30s] CTA: 'आपकी कहानी भी' + link,यह कहानी हर अदरक किसान की हो सकती है। डर से उम्मीद तक — AgroManch के साथ सफर।,Farmer Success Story: अदरक | बड़ा hook text → benefit → CTA,किसान भाइयों का सबसे बड़ा WhatsApp group — आओ,#Ginger #Kisan #Kheti #AgroManch #IndianFarmer,Folk + modern fusion,09:30 AM
78,23-08-2026,Farmer Success Story,500 किसानों ने यह किया — नतीजा देखकर चौंक जाओगे,[0-3s] किसान का चेहरा + लहसुन खेत — emotional hook,[3-10s] संघर्ष — पहले की मुश्किल,[10-18s] turning point — AgroManch से जुड़ा,"[18-26s] नतीजा — मुस्कान, payment proof",[26-30s] CTA: 'आपकी कहानी भी' + link,यह कहानी हर लहसुन किसान की हो सकती है। डर से उम्मीद तक — AgroManch के साथ सफर।,Farmer Success Story: लहसुन | बड़ा hook text → benefit → CTA,यह जानकारी फैलाओ — एक किसान की मदद करो,#Garlic #Kisan #Kheti #AgroManch #IndianFarmer,Motivational background score,08:30 PM
79,24-08-2026,Machinery Pride,यह मशीन केला की लागत आधी कर देती है 😮,[0-3s] सवाल hook — 'केला में यह जानते हो?',[3-10s] step 1 / पुराना तरीका दिखाओ,[10-18s] step 2 / नया तरीका — demo,[18-26s] नतीजा / फायदा साफ़ दिखाओ,[26-30s] CTA: App में और जानो,केला में यह आसान तरीका आपका समय और पैसा दोनों बचाएगा। चलिए step by step देखते हैं।,Machinery Pride: केला | बड़ा hook text → benefit → CTA,Kisan rewards पाओ — App में active रहो 🎁,#Banana #Kisan #Kheti #AgroManch #IndianFarmer,Punjabi dhol drop,05:00 PM
80,25-08-2026,Machinery Pride,₹__ की यह मशीन 10 मज़दूरों का काम करती है,[0-3s] सवाल hook — 'अनार में यह जानते हो?',[3-10s] step 1 / पुराना तरीका दिखाओ,[10-18s] step 2 / नया तरीका — demo,[18-26s] नतीजा / फायदा साफ़ दिखाओ,[26-30s] CTA: App में और जानो,अनार में यह आसान तरीका आपका समय और पैसा दोनों बचाएगा। चलिए step by step देखते हैं।,Machinery Pride: अनार | बड़ा hook text → benefit → CTA,"ज़्यादा कमाओ — बिचौलिया हटाओ, सीधे बेचो",#Pomegranate #Kisan #Kheti #AgroManch #IndianFarmer,Soft acoustic,08:00 PM
81,26-08-2026,Scheme Bomb,90% किसान PM-KISAN का पैसा छोड़ देते हैं — आप मत छोड़ना,[0-3s] तेज़ alert visual + bold red text,[3-8s] Dragon Fruit की पर्ची/लक्षण/आँकड़ा close-up,[8-16s] नुकसान का असर + किसान की चिंता,[16-25s] AgroManch solution — Dragon Fruit का रास्ता,[25-30s] CTA: download / alert ON,रुको! UP के Dragon Fruit किसान यह ज़रूर देखें। समय रहते कदम उठाओ — AgroManch आपके साथ है।,Scheme Bomb: Dragon Fruit | बड़ा hook text → benefit → CTA,AgroManch App download करो — link bio में 👇,#DragonFruit #Kisan #SarkariYojana #AgroManch #IndianFarmer,Trending Bhojpuri beat,07:30 AM
82,27-08-2026,Scheme Bomb,PMFBY फसल बीमा की last date नज़दीक — आज ही apply करो,[0-3s] तेज़ alert visual + bold red text,[3-8s] स्ट्रॉबेरी की पर्ची/लक्षण/आँकड़ा close-up,[8-16s] नुकसान का असर + किसान की चिंता,[16-25s] AgroManch solution — स्ट्रॉबेरी का रास्ता,[25-30s] CTA: download / alert ON,रुको! बिहार के स्ट्रॉबेरी किसान यह ज़रूर देखें। समय रहते कदम उठाओ — AgroManch आपके साथ है।,Scheme Bomb: स्ट्रॉबेरी | बड़ा hook text → benefit → CTA,अभी register करो — फसल बेचने का पहला कदम,#Strawberry #Kisan #SarkariYojana #AgroManch #IndianFarmer,Emotional flute + dholak,12:00 PM
83,28-08-2026,Scheme Bomb,यह document नहीं है तो KCC (Kisan Credit Card) का पैसा रुक जाएगा,[0-3s] तेज़ alert visual + bold red text,[3-8s] मशरूम की पर्ची/लक्षण/आँकड़ा close-up,[8-16s] नुकसान का असर + किसान की चिंता,[16-25s] AgroManch solution — मशरूम का रास्ता,[25-30s] CTA: download / alert ON,रुको! पंजाब के मशरूम किसान यह ज़रूर देखें। समय रहते कदम उठाओ — AgroManch आपके साथ है।,Scheme Bomb: मशरूम | बड़ा hook text → benefit → CTA,5 मिनट में listing — सीधे buyer तक पहुँचो,#Mushroom #Kisan #SarkariYojana #AgroManch #IndianFarmer,Upbeat desi dhun,07:00 PM
84,29-08-2026,Scheme Bomb,PM-KUSUM सोलर + सब्ज़ी = डबल फायदा। पूरी जानकारी यहाँ,[0-3s] तेज़ alert visual + bold red text,[3-8s] सब्ज़ी की पर्ची/लक्षण/आँकड़ा close-up,[8-16s] नुकसान का असर + किसान की चिंता,[16-25s] AgroManch solution — सब्ज़ी का रास्ता,[25-30s] CTA: download / alert ON,रुको! MP के सब्ज़ी किसान यह ज़रूर देखें। समय रहते कदम उठाओ — AgroManch आपके साथ है।,Scheme Bomb: सब्ज़ी | बड़ा hook text → benefit → CTA,बड़े खरीदार इंतज़ार में हैं — connect करो,#Vegetables #Kisan #SarkariYojana #AgroManch #IndianFarmer,Suspense build-up,09:30 AM
85,30-08-2026,Jugaad Hack,₹__ में भिंडी का जुगाड़ — 90% किसान नहीं जानते,[0-3s] सवाल hook — 'भिंडी में यह जानते हो?',[3-10s] step 1 / पुराना तरीका दिखाओ,[10-18s] step 2 / नया तरीका — demo,[18-26s] नतीजा / फायदा साफ़ दिखाओ,[26-30s] CTA: App में और जानो,भिंडी में यह आसान तरीका आपका समय और पैसा दोनों बचाएगा। चलिए step by step देखते हैं।,Jugaad Hack: भिंडी | बड़ा hook text → benefit → CTA,किसान भाइयों का सबसे बड़ा WhatsApp group — आओ,#Okra #Kisan #FarmingHacks #AgroManch #IndianFarmer,Folk + modern fusion,08:30 PM
86,31-08-2026,Jugaad Hack,बिना खर्च बैंगन की पैदावार दोगुनी — यह trick देखो,[0-3s] सवाल hook — 'बैंगन में यह जानते हो?',[3-10s] step 1 / पुराना तरीका दिखाओ,[10-18s] step 2 / नया तरीका — demo,[18-26s] नतीजा / फायदा साफ़ दिखाओ,[26-30s] CTA: App में और जानो,बैंगन में यह आसान तरीका आपका समय और पैसा दोनों बचाएगा। चलिए step by step देखते हैं।,Jugaad Hack: बैंगन | बड़ा hook text → benefit → CTA,यह जानकारी फैलाओ — एक किसान की मदद करो,#Brinjal #Kisan #FarmingHacks #AgroManch #IndianFarmer,Motivational background score,05:00 PM
87,01-09-2026,Before / After,बंजर ज़मीन से हरी-भरी फूलगोभी — पूरी कहानी,[0-3s] सवाल hook — 'फूलगोभी में यह जानते हो?',[3-10s] step 1 / पुराना तरीका दिखाओ,[10-18s] step 2 / नया तरीका — demo,[18-26s] नतीजा / फायदा साफ़ दिखाओ,[26-30s] CTA: App में और जानो,फूलगोभी में यह आसान तरीका आपका समय और पैसा दोनों बचाएगा। चलिए step by step देखते हैं।,Before / After: फूलगोभी | बड़ा hook text → benefit → CTA,Kisan rewards पाओ — App में active रहो 🎁,#Cauliflower #Kisan #Kheti #AgroManch #IndianFarmer,Punjabi dhol drop,08:00 PM
88,02-09-2026,Before / After,मंडी बनाम AgroManch — मटर किसान का before/after,[0-3s] सवाल hook — 'मटर में यह जानते हो?',[3-10s] step 1 / पुराना तरीका दिखाओ,[10-18s] step 2 / नया तरीका — demo,[18-26s] नतीजा / फायदा साफ़ दिखाओ,[26-30s] CTA: App में और जानो,मटर में यह आसान तरीका आपका समय और पैसा दोनों बचाएगा। चलिए step by step देखते हैं।,Before / After: मटर | बड़ा hook text → benefit → CTA,"ज़्यादा कमाओ — बिचौलिया हटाओ, सीधे बेचो",#Peas #Kisan #Kheti #AgroManch #IndianFarmer,Soft acoustic,07:30 AM
89,03-09-2026,Mahila Kisan,महिला किसान + AgroManch = ₹__ सालाना income,[0-3s] किसान का चेहरा + अरहर खेत — emotional hook,[3-10s] संघर्ष — पहले की मुश्किल,[10-18s] turning point — AgroManch से जुड़ा,"[18-26s] नतीजा — मुस्कान, payment proof",[26-30s] CTA: 'आपकी कहानी भी' + link,यह कहानी हर अरहर किसान की हो सकती है। डर से उम्मीद तक — AgroManch के साथ सफर।,Mahila Kisan: अरहर | बड़ा hook text → benefit → CTA,AgroManch App download करो — link bio में 👇,#Arhar #Kisan #MahilaKisan #AgroManch #IndianFarmer,Trending Bhojpuri beat,12:00 PM
90,04-09-2026,Mahila Kisan,खेती सिर्फ मर्दों का काम? यह महिला गलत साबित करती है,[0-3s] किसान का चेहरा + मूंगफली खेत — emotional hook,[3-10s] संघर्ष — पहले की मुश्किल,[10-18s] turning point — AgroManch से जुड़ा,"[18-26s] नतीजा — मुस्कान, payment proof",[26-30s] CTA: 'आपकी कहानी भी' + link,यह कहानी हर मूंगफली किसान की हो सकती है। डर से उम्मीद तक — AgroManch के साथ सफर।,Mahila Kisan: मूंगफली | बड़ा hook text → benefit → CTA,अभी register करो — फसल बेचने का पहला कदम,#Groundnut #Kisan #MahilaKisan #AgroManch #IndianFarmer,Emotional flute + dholak,07:00 PM
91,05-09-2026,Mahila Kisan,'अकेले 3 एकड़ गेहूं संभाला' — रेखा देवी की कहानी,[0-3s] किसान का चेहरा + गेहूं खेत — emotional hook,[3-10s] संघर्ष — पहले की मुश्किल,[10-18s] turning point — AgroManch से जुड़ा,"[18-26s] नतीजा — मुस्कान, payment proof",[26-30s] CTA: 'आपकी कहानी भी' + link,यह कहानी हर गेहूं किसान की हो सकती है। डर से उम्मीद तक — AgroManch के साथ सफर।,Mahila Kisan: गेहूं | बड़ा hook text → benefit → CTA,5 मिनट में listing — सीधे buyer तक पहुँचो,#Wheat #Kisan #MahilaKisan #AgroManch #IndianFarmer,Upbeat desi dhun,09:30 AM
92,06-09-2026,Mahila Kisan,घूँघट से ट्रैक्टर तक — इस महिला किसान को सलाम,[0-3s] किसान का चेहरा + धान खेत — emotional hook,[3-10s] संघर्ष — पहले की मुश्किल,[10-18s] turning point — AgroManch से जुड़ा,"[18-26s] नतीजा — मुस्कान, payment proof",[26-30s] CTA: 'आपकी कहानी भी' + link,यह कहानी हर धान किसान की हो सकती है। डर से उम्मीद तक — AgroManch के साथ सफर।,Mahila Kisan: धान | बड़ा hook text → benefit → CTA,बड़े खरीदार इंतज़ार में हैं — connect करो,#Paddy #Kisan #MahilaKisan #AgroManch #IndianFarmer,Suspense build-up,08:30 PM
93,07-09-2026,Weather Emergency,ओलावृष्टि का खतरा — मक्का किसान तुरंत यह करो,[0-3s] तेज़ alert visual + bold red text,[3-8s] मक्का की पर्ची/लक्षण/आँकड़ा close-up,[8-16s] नुकसान का असर + किसान की चिंता,[16-25s] AgroManch solution — मक्का का रास्ता,[25-30s] CTA: download / alert ON,रुको! पंजाब के मक्का किसान यह ज़रूर देखें। समय रहते कदम उठाओ — AgroManch आपके साथ है।,Weather Emergency: मक्का | बड़ा hook text → benefit → CTA,किसान भाइयों का सबसे बड़ा WhatsApp group — आओ,#Maize #Kisan #MausamAlert #AgroManch #IndianFarmer,Folk + modern fusion,05:00 PM
94,08-09-2026,Weather Emergency,🚨 तूफान आ रहा है — खड़ी सोयाबीन कैसे बचाएँ?,[0-3s] तेज़ alert visual + bold red text,[3-8s] सोयाबीन की पर्ची/लक्षण/आँकड़ा close-up,[8-16s] नुकसान का असर + किसान की चिंता,[16-25s] AgroManch solution — सोयाबीन का रास्ता,[25-30s] CTA: download / alert ON,रुको! MP के सोयाबीन किसान यह ज़रूर देखें। समय रहते कदम उठाओ — AgroManch आपके साथ है।,Weather Emergency: सोयाबीन | बड़ा hook text → benefit → CTA,यह जानकारी फैलाओ — एक किसान की मदद करो,#Soybean #Kisan #MausamAlert #AgroManch #IndianFarmer,Motivational background score,08:00 PM
95,09-09-2026,Weather Emergency,मौसम बदलते ही कपास पर यह असर — तैयार रहो,[0-3s] तेज़ alert visual + bold red text,[3-8s] कपास की पर्ची/लक्षण/आँकड़ा close-up,[8-16s] नुकसान का असर + किसान की चिंता,[16-25s] AgroManch solution — कपास का रास्ता,[25-30s] CTA: download / alert ON,रुको! महाराष्ट्र के कपास किसान यह ज़रूर देखें। समय रहते कदम उठाओ — AgroManch आपके साथ है।,Weather Emergency: कपास | बड़ा hook text → benefit → CTA,Kisan rewards पाओ — App में active रहो 🎁,#Cotton #Kisan #MausamAlert #AgroManch #IndianFarmer,Punjabi dhol drop,07:30 AM
96,10-09-2026,Weather Emergency,IMD alert: राजस्थान के गन्ना किसान सावधान,[0-3s] तेज़ alert visual + bold red text,[3-8s] गन्ना की पर्ची/लक्षण/आँकड़ा close-up,[8-16s] नुकसान का असर + किसान की चिंता,[16-25s] AgroManch solution — गन्ना का रास्ता,[25-30s] CTA: download / alert ON,रुको! राजस्थान के गन्ना किसान यह ज़रूर देखें। समय रहते कदम उठाओ — AgroManch आपके साथ है।,Weather Emergency: गन्ना | बड़ा hook text → benefit → CTA,"ज़्यादा कमाओ — बिचौलिया हटाओ, सीधे बेचो",#Sugarcane #Kisan #MausamAlert #AgroManch #IndianFarmer,Soft acoustic,12:00 PM
97,11-09-2026,Myth Buster,टमाटर के बारे में यह बात झूठ है — सच जानो,[0-3s] सवाल hook — 'टमाटर में यह जानते हो?',[3-10s] step 1 / पुराना तरीका दिखाओ,[10-18s] step 2 / नया तरीका — demo,[18-26s] नतीजा / फायदा साफ़ दिखाओ,[26-30s] CTA: App में और जानो,टमाटर में यह आसान तरीका आपका समय और पैसा दोनों बचाएगा। चलिए step by step देखते हैं।,Myth Buster: टमाटर | बड़ा hook text → benefit → CTA,AgroManch App download करो — link bio में 👇,#Tomato #Kisan #Kheti #AgroManch #IndianFarmer,Trending Bhojpuri beat,07:00 PM
98,12-09-2026,Profit Calculator,"लागत ₹__, कमाई ₹__ — प्याज का गणित समझो",[0-3s] बड़ा number + प्याज का खेत — hook text,[3-8s] प्याज की लागत दिखाओ (बीज/खाद/मेहनत),[8-18s] कमाई का breakdown — मंडी बनाम AgroManch,[18-25s] AgroManch screen — सही दाम कैसे मिला,[25-30s] CTA card + logo,"किसान भाइयों, प्याज से असली कमाई कितनी हो सकती है? पूरा हिसाब देखो — और जानो AgroManch पर सही दाम कैसे मिलता है।",Profit Calculator: प्याज | बड़ा hook text → benefit → CTA,अभी register करो — फसल बेचने का पहला कदम,#Onion #Kisan #KhetiProfit #AgroManch #IndianFarmer,Emotional flute + dholak,09:30 AM
99,13-09-2026,Profit Calculator,आलू बोने से पहले यह calculation ज़रूर देखो,[0-3s] बड़ा number + आलू का खेत — hook text,[3-8s] आलू की लागत दिखाओ (बीज/खाद/मेहनत),[8-18s] कमाई का breakdown — मंडी बनाम AgroManch,[18-25s] AgroManch screen — सही दाम कैसे मिला,[25-30s] CTA card + logo,"किसान भाइयों, आलू से असली कमाई कितनी हो सकती है? पूरा हिसाब देखो — और जानो AgroManch पर सही दाम कैसे मिलता है।",Profit Calculator: आलू | बड़ा hook text → benefit → CTA,5 मिनट में listing — सीधे buyer तक पहुँचो,#Potato #Kisan #KhetiProfit #AgroManch #IndianFarmer,Upbeat desi dhun,08:30 PM
100,14-09-2026,Profit Calculator,कौन सी फसल ज़्यादा देगी? मिर्च बनाम बाकी,[0-3s] बड़ा number + मिर्च का खेत — hook text,[3-8s] मिर्च की लागत दिखाओ (बीज/खाद/मेहनत),[8-18s] कमाई का breakdown — मंडी बनाम AgroManch,[18-25s] AgroManch screen — सही दाम कैसे मिला,[25-30s] CTA card + logo,"किसान भाइयों, मिर्च से असली कमाई कितनी हो सकती है? पूरा हिसाब देखो — और जानो AgroManch पर सही दाम कैसे मिलता है।",Profit Calculator: मिर्च | बड़ा hook text → benefit → CTA,बड़े खरीदार इंतज़ार में हैं — connect करो,#Chilli #Kisan #KhetiProfit #AgroManch #IndianFarmer,Suspense build-up,05:00 PM
101,15-09-2026,Profit Calculator,"₹__ लगाओ, ₹__ कमाओ — सरसों का सच्चा हिसाब",[0-3s] बड़ा number + सरसों का खेत — hook text,[3-8s] सरसों की लागत दिखाओ (बीज/खाद/मेहनत),[8-18s] कमाई का breakdown — मंडी बनाम AgroManch,[18-25s] AgroManch screen — सही दाम कैसे मिला,[25-30s] CTA card + logo,"किसान भाइयों, सरसों से असली कमाई कितनी हो सकती है? पूरा हिसाब देखो — और जानो AgroManch पर सही दाम कैसे मिलता है।",Profit Calculator: सरसों | बड़ा hook text → benefit → CTA,किसान भाइयों का सबसे बड़ा WhatsApp group — आओ,#Mustard #Kisan #KhetiProfit #AgroManch #IndianFarmer,Folk + modern fusion,08:00 PM
102,16-09-2026,Field Interview,कैमरे के सामने किसान ने खोले चना के राज़,[0-3s] किसान का चेहरा + चना खेत — emotional hook,[3-10s] संघर्ष — पहले की मुश्किल,[10-18s] turning point — AgroManch से जुड़ा,"[18-26s] नतीजा — मुस्कान, payment proof",[26-30s] CTA: 'आपकी कहानी भी' + link,यह कहानी हर चना किसान की हो सकती है। डर से उम्मीद तक — AgroManch के साथ सफर।,Field Interview: चना | बड़ा hook text → benefit → CTA,यह जानकारी फैलाओ — एक किसान की मदद करो,#Gram #Kisan #Kheti #AgroManch #IndianFarmer,Motivational background score,07:30 AM
103,17-09-2026,Field Interview,खेत से सीधे: पंजाब के किसान क्या कह रहे हैं?,[0-3s] किसान का चेहरा + मूंग खेत — emotional hook,[3-10s] संघर्ष — पहले की मुश्किल,[10-18s] turning point — AgroManch से जुड़ा,"[18-26s] नतीजा — मुस्कान, payment proof",[26-30s] CTA: 'आपकी कहानी भी' + link,यह कहानी हर मूंग किसान की हो सकती है। डर से उम्मीद तक — AgroManch के साथ सफर।,Field Interview: मूंग | बड़ा hook text → benefit → CTA,Kisan rewards पाओ — App में active रहो 🎁,#Moong #Kisan #Kheti #AgroManch #IndianFarmer,Punjabi dhol drop,12:00 PM
104,18-09-2026,Old vs New,बैलगाड़ी से ड्रोन तक — बाजरा खेती कितनी बदली,[0-3s] सवाल hook — 'बाजरा में यह जानते हो?',[3-10s] step 1 / पुराना तरीका दिखाओ,[10-18s] step 2 / नया तरीका — demo,[18-26s] नतीजा / फायदा साफ़ दिखाओ,[26-30s] CTA: App में और जानो,बाजरा में यह आसान तरीका आपका समय और पैसा दोनों बचाएगा। चलिए step by step देखते हैं।,Old vs New: बाजरा | बड़ा hook text → benefit → CTA,"ज़्यादा कमाओ — बिचौलिया हटाओ, सीधे बेचो",#Bajra #Kisan #Kheti #AgroManch #IndianFarmer,Soft acoustic,07:00 PM
105,19-09-2026,Old vs New,पिताजी का तरीका बनाम नया तरीका — ज्वार में फर्क,[0-3s] सवाल hook — 'ज्वार में यह जानते हो?',[3-10s] step 1 / पुराना तरीका दिखाओ,[10-18s] step 2 / नया तरीका — demo,[18-26s] नतीजा / फायदा साफ़ दिखाओ,[26-30s] CTA: App में और जानो,ज्वार में यह आसान तरीका आपका समय और पैसा दोनों बचाएगा। चलिए step by step देखते हैं।,Old vs New: ज्वार | बड़ा hook text → benefit → CTA,AgroManch App download करो — link bio में 👇,#Jowar #Kisan #Kheti #AgroManch #IndianFarmer,Trending Bhojpuri beat,09:30 AM
106,20-09-2026,Hidden Crop,"कम पानी, ज़्यादा दाम — यह छुपी फसल जानो",[0-3s] बड़ा number + हल्दी का खेत — hook text,[3-8s] हल्दी की लागत दिखाओ (बीज/खाद/मेहनत),[8-18s] कमाई का breakdown — मंडी बनाम AgroManch,[18-25s] AgroManch screen — सही दाम कैसे मिला,[25-30s] CTA card + logo,"किसान भाइयों, हल्दी से असली कमाई कितनी हो सकती है? पूरा हिसाब देखो — और जानो AgroManch पर सही दाम कैसे मिलता है।",Hidden Crop: हल्दी | बड़ा hook text → benefit → CTA,अभी register करो — फसल बेचने का पहला कदम,#Turmeric #Kisan #ProfitableFarming #AgroManch #IndianFarmer,Emotional flute + dholak,08:30 PM
107,21-09-2026,Hidden Crop,1 एकड़ में ₹__ — यह फसल कोई नहीं बताता,[0-3s] बड़ा number + अदरक का खेत — hook text,[3-8s] अदरक की लागत दिखाओ (बीज/खाद/मेहनत),[8-18s] कमाई का breakdown — मंडी बनाम AgroManch,[18-25s] AgroManch screen — सही दाम कैसे मिला,[25-30s] CTA card + logo,"किसान भाइयों, अदरक से असली कमाई कितनी हो सकती है? पूरा हिसाब देखो — और जानो AgroManch पर सही दाम कैसे मिलता है।",Hidden Crop: अदरक | बड़ा hook text → benefit → CTA,5 मिनट में listing — सीधे buyer तक पहुँचो,#Ginger #Kisan #ProfitableFarming #AgroManch #IndianFarmer,Upbeat desi dhun,05:00 PM
108,22-09-2026,Hidden Crop,AgroManch पर इस फसल के __ buyers इंतज़ार में हैं,[0-3s] बड़ा number + लहसुन का खेत — hook text,[3-8s] लहसुन की लागत दिखाओ (बीज/खाद/मेहनत),[8-18s] कमाई का breakdown — मंडी बनाम AgroManch,[18-25s] AgroManch screen — सही दाम कैसे मिला,[25-30s] CTA card + logo,"किसान भाइयों, लहसुन से असली कमाई कितनी हो सकती है? पूरा हिसाब देखो — और जानो AgroManch पर सही दाम कैसे मिलता है।",Hidden Crop: लहसुन | बड़ा hook text → benefit → CTA,बड़े खरीदार इंतज़ार में हैं — connect करो,#Garlic #Kisan #ProfitableFarming #AgroManch #IndianFarmer,Suspense build-up,08:00 PM
109,23-09-2026,Hidden Crop,यह फसल ₹__/kg बिकती है — कोई कर्नाटक में नहीं उगाता क्यों?,[0-3s] बड़ा number + केला का खेत — hook text,[3-8s] केला की लागत दिखाओ (बीज/खाद/मेहनत),[8-18s] कमाई का breakdown — मंडी बनाम AgroManch,[18-25s] AgroManch screen — सही दाम कैसे मिला,[25-30s] CTA card + logo,"किसान भाइयों, केला से असली कमाई कितनी हो सकती है? पूरा हिसाब देखो — और जानो AgroManch पर सही दाम कैसे मिलता है।",Hidden Crop: केला | बड़ा hook text → benefit → CTA,किसान भाइयों का सबसे बड़ा WhatsApp group — आओ,#Banana #Kisan #ProfitableFarming #AgroManch #IndianFarmer,Folk + modern fusion,07:30 AM
110,24-09-2026,Tech Tutorial,पहली बार App इस्तेमाल कर रहे? यह देखो — आसान है,[0-3s] सवाल hook — 'अनार में यह जानते हो?',[3-10s] step 1 / पुराना तरीका दिखाओ,[10-18s] step 2 / नया तरीका — demo,[18-26s] नतीजा / फायदा साफ़ दिखाओ,[26-30s] CTA: App में और जानो,अनार में यह आसान तरीका आपका समय और पैसा दोनों बचाएगा। चलिए step by step देखते हैं।,Tech Tutorial: अनार | बड़ा hook text → benefit → CTA,यह जानकारी फैलाओ — एक किसान की मदद करो,#Pomegranate #Kisan #DigitalKisan #AgroManch #IndianFarmer,Motivational background score,12:00 PM
111,25-09-2026,Tech Tutorial,Dragon Fruit की photo कैसे डालें कि ज़्यादा दाम मिले,[0-3s] सवाल hook — 'Dragon Fruit में यह जानते हो?',[3-10s] step 1 / पुराना तरीका दिखाओ,[10-18s] step 2 / नया तरीका — demo,[18-26s] नतीजा / फायदा साफ़ दिखाओ,[26-30s] CTA: App में और जानो,Dragon Fruit में यह आसान तरीका आपका समय और पैसा दोनों बचाएगा। चलिए step by step देखते हैं।,Tech Tutorial: Dragon Fruit | बड़ा hook text → benefit → CTA,Kisan rewards पाओ — App में active रहो 🎁,#DragonFruit #Kisan #DigitalKisan #AgroManch #IndianFarmer,Punjabi dhol drop,07:00 PM
112,26-09-2026,Tech Tutorial,App पर payment कैसे आता है? step by step Hindi में,[0-3s] सवाल hook — 'स्ट्रॉबेरी में यह जानते हो?',[3-10s] step 1 / पुराना तरीका दिखाओ,[10-18s] step 2 / नया तरीका — demo,[18-26s] नतीजा / फायदा साफ़ दिखाओ,[26-30s] CTA: App में और जानो,स्ट्रॉबेरी में यह आसान तरीका आपका समय और पैसा दोनों बचाएगा। चलिए step by step देखते हैं।,Tech Tutorial: स्ट्रॉबेरी | बड़ा hook text → benefit → CTA,"ज़्यादा कमाओ — बिचौलिया हटाओ, सीधे बेचो",#Strawberry #Kisan #DigitalKisan #AgroManch #IndianFarmer,Soft acoustic,09:30 AM
113,27-09-2026,Tech Tutorial,5 मिनट में मशरूम बेचना सीखो — बिना confusion,[0-3s] सवाल hook — 'मशरूम में यह जानते हो?',[3-10s] step 1 / पुराना तरीका दिखाओ,[10-18s] step 2 / नया तरीका — demo,[18-26s] नतीजा / फायदा साफ़ दिखाओ,[26-30s] CTA: App में और जानो,मशरूम में यह आसान तरीका आपका समय और पैसा दोनों बचाएगा। चलिए step by step देखते हैं।,Tech Tutorial: मशरूम | बड़ा hook text → benefit → CTA,AgroManch App download करो — link bio में 👇,#Mushroom #Kisan #DigitalKisan #AgroManch #IndianFarmer,Trending Bhojpuri beat,08:30 PM
114,28-09-2026,Award / Recognition,मेहनत रंग लाई — MP के किसान की जीत 🏆,[0-3s] किसान का चेहरा + सब्ज़ी खेत — emotional hook,[3-10s] संघर्ष — पहले की मुश्किल,[10-18s] turning point — AgroManch से जुड़ा,"[18-26s] नतीजा — मुस्कान, payment proof",[26-30s] CTA: 'आपकी कहानी भी' + link,यह कहानी हर सब्ज़ी किसान की हो सकती है। डर से उम्मीद तक — AgroManch के साथ सफर।,Award / Recognition: सब्ज़ी | बड़ा hook text → benefit → CTA,अभी register करो — फसल बेचने का पहला कदम,#Vegetables #Kisan #Kheti #AgroManch #IndianFarmer,Emotional flute + dholak,05:00 PM
115,29-09-2026,Regional Language,किसान भाई — आज मगही में भिंडी की बात,[0-3s] सवाल/poll hook — भिंडी पर,[3-10s] context — दो राय रखो,[10-18s] options/poll graphic,[18-26s] AgroManch tie-in,[26-30s] CTA: vote + comment,भिंडी पर आपकी राय सबसे ज़रूरी है। कमेंट में बताओ — हम हर किसान की सुनते हैं।,Regional Language: भिंडी | बड़ा hook text → benefit → CTA,5 मिनट में listing — सीधे buyer तक पहुँचो,#Okra #Kisan #Bhojpuri #AgroManch #IndianFarmer,Upbeat desi dhun,08:00 PM
116,30-09-2026,Regional Language,अवधी में सुनो: AgroManch पर बैंगन कैसे बेचें,[0-3s] सवाल/poll hook — बैंगन पर,[3-10s] context — दो राय रखो,[10-18s] options/poll graphic,[18-26s] AgroManch tie-in,[26-30s] CTA: vote + comment,बैंगन पर आपकी राय सबसे ज़रूरी है। कमेंट में बताओ — हम हर किसान की सुनते हैं।,Regional Language: बैंगन | बड़ा hook text → benefit → CTA,बड़े खरीदार इंतज़ार में हैं — connect करो,#Brinjal #Kisan #Bhojpuri #AgroManch #IndianFarmer,Suspense build-up,07:30 AM
117,01-10-2026,Regional Language,अपनी भाषा में खेती की पूरी जानकारी — राजस्थानी,[0-3s] सवाल/poll hook — फूलगोभी पर,[3-10s] context — दो राय रखो,[10-18s] options/poll graphic,[18-26s] AgroManch tie-in,[26-30s] CTA: vote + comment,फूलगोभी पर आपकी राय सबसे ज़रूरी है। कमेंट में बताओ — हम हर किसान की सुनते हैं।,Regional Language: फूलगोभी | बड़ा hook text → benefit → CTA,किसान भाइयों का सबसे बड़ा WhatsApp group — आओ,#Cauliflower #Kisan #Bhojpuri #AgroManch #IndianFarmer,Folk + modern fusion,12:00 PM
118,02-10-2026,Regional Language,गुजरात के किसानों के लिए गुजराती में खास video,[0-3s] सवाल/poll hook — मटर पर,[3-10s] context — दो राय रखो,[10-18s] options/poll graphic,[18-26s] AgroManch tie-in,[26-30s] CTA: vote + comment,मटर पर आपकी राय सबसे ज़रूरी है। कमेंट में बताओ — हम हर किसान की सुनते हैं।,Regional Language: मटर | बड़ा hook text → benefit → CTA,यह जानकारी फैलाओ — एक किसान की मदद करो,#Peas #Kisan #Bhojpuri #AgroManch #IndianFarmer,Motivational background score,07:00 PM
119,03-10-2026,Community Debate,किसान की सबसे बड़ी समस्या? आपकी आवाज़ चाहिए,[0-3s] सवाल/poll hook — अरहर पर,[3-10s] context — दो राय रखो,[10-18s] options/poll graphic,[18-26s] AgroManch tie-in,[26-30s] CTA: vote + comment,अरहर पर आपकी राय सबसे ज़रूरी है। कमेंट में बताओ — हम हर किसान की सुनते हैं।,Community Debate: अरहर | बड़ा hook text → benefit → CTA,Kisan rewards पाओ — App में active रहो 🎁,#Arhar #Kisan #Kheti #AgroManch #IndianFarmer,Punjabi dhol drop,09:30 AM
120,04-10-2026,Community Debate,मूंगफली पर आपका अनुभव — हर comment पढ़ते हैं,[0-3s] सवाल/poll hook — मूंगफली पर,[3-10s] context — दो राय रखो,[10-18s] options/poll graphic,[18-26s] AgroManch tie-in,[26-30s] CTA: vote + comment,मूंगफली पर आपकी राय सबसे ज़रूरी है। कमेंट में बताओ — हम हर किसान की सुनते हैं।,Community Debate: मूंगफली | बड़ा hook text → benefit → CTA,"ज़्यादा कमाओ — बिचौलिया हटाओ, सीधे बेचो",#Groundnut #Kisan #Kheti #AgroManch #IndianFarmer,Soft acoustic,08:30 PM
121,05-10-2026,Seasonal Countdown,गेहूं बुवाई में बस __ दिन बाकी — तैयारी शुरू!,[0-3s] सवाल/poll hook — गेहूं पर,[3-10s] context — दो राय रखो,[10-18s] options/poll graphic,[18-26s] AgroManch tie-in,[26-30s] CTA: vote + comment,गेहूं पर आपकी राय सबसे ज़रूरी है। कमेंट में बताओ — हम हर किसान की सुनते हैं।,Seasonal Countdown: गेहूं | बड़ा hook text → benefit → CTA,AgroManch App download करो — link bio में 👇,#Wheat #Kisan #Kheti #AgroManch #IndianFarmer,Trending Bhojpuri beat,05:00 PM
122,06-10-2026,Seasonal Countdown,धान बेचने का सही समय आ रहा — भाव बढ़ेंगे,[0-3s] सवाल/poll hook — धान पर,[3-10s] context — दो राय रखो,[10-18s] options/poll graphic,[18-26s] AgroManch tie-in,[26-30s] CTA: vote + comment,धान पर आपकी राय सबसे ज़रूरी है। कमेंट में बताओ — हम हर किसान की सुनते हैं।,Seasonal Countdown: धान | बड़ा hook text → benefit → CTA,अभी register करो — फसल बेचने का पहला कदम,#Paddy #Kisan #Kheti #AgroManch #IndianFarmer,Emotional flute + dholak,08:00 PM
123,07-10-2026,Seasonal Countdown,मौसम बदल रहा — मक्का के लिए यह आखिरी मौका,[0-3s] सवाल/poll hook — मक्का पर,[3-10s] context — दो राय रखो,[10-18s] options/poll graphic,[18-26s] AgroManch tie-in,[26-30s] CTA: vote + comment,मक्का पर आपकी राय सबसे ज़रूरी है। कमेंट में बताओ — हम हर किसान की सुनते हैं।,Seasonal Countdown: मक्का | बड़ा hook text → benefit → CTA,5 मिनट में listing — सीधे buyer तक पहुँचो,#Maize #Kisan #Kheti #AgroManch #IndianFarmer,Upbeat desi dhun,07:30 AM
124,08-10-2026,Seasonal Countdown,__ दिन में सोयाबीन का सीज़न — यह checklist देखो,[0-3s] सवाल/poll hook — सोयाबीन पर,[3-10s] context — दो राय रखो,[10-18s] options/poll graphic,[18-26s] AgroManch tie-in,[26-30s] CTA: vote + comment,सोयाबीन पर आपकी राय सबसे ज़रूरी है। कमेंट में बताओ — हम हर किसान की सुनते हैं।,Seasonal Countdown: सोयाबीन | बड़ा hook text → benefit → CTA,बड़े खरीदार इंतज़ार में हैं — connect करो,#Soybean #Kisan #Kheti #AgroManch #IndianFarmer,Suspense build-up,12:00 PM
125,09-10-2026,Profit Reveal,₹__ extra हर quintal — कपास किसान यह गलती मत करना,[0-3s] बड़ा number + कपास का खेत — hook text,[3-8s] कपास की लागत दिखाओ (बीज/खाद/मेहनत),[8-18s] कमाई का breakdown — मंडी बनाम AgroManch,[18-25s] AgroManch screen — सही दाम कैसे मिला,[25-30s] CTA card + logo,"किसान भाइयों, कपास से असली कमाई कितनी हो सकती है? पूरा हिसाब देखो — और जानो AgroManch पर सही दाम कैसे मिलता है।",Profit Reveal: कपास | बड़ा hook text → benefit → CTA,किसान भाइयों का सबसे बड़ा WhatsApp group — आओ,#Cotton #Kisan #Kheti #AgroManch #IndianFarmer,Folk + modern fusion,07:00 PM
126,10-10-2026,Profit Reveal,गाँव वाले हँसते थे — आज गन्ना से सबसे ज़्यादा कमाता है,[0-3s] बड़ा number + गन्ना का खेत — hook text,[3-8s] गन्ना की लागत दिखाओ (बीज/खाद/मेहनत),[8-18s] कमाई का breakdown — मंडी बनाम AgroManch,[18-25s] AgroManch screen — सही दाम कैसे मिला,[25-30s] CTA card + logo,"किसान भाइयों, गन्ना से असली कमाई कितनी हो सकती है? पूरा हिसाब देखो — और जानो AgroManch पर सही दाम कैसे मिलता है।",Profit Reveal: गन्ना | बड़ा hook text → benefit → CTA,यह जानकारी फैलाओ — एक किसान की मदद करो,#Sugarcane #Kisan #Kheti #AgroManch #IndianFarmer,Motivational background score,09:30 AM
127,11-10-2026,Profit Reveal,इस किसान ने टमाटर से ₹__ लाख कमाए — कैसे? पूरा हिसाब देखो,[0-3s] बड़ा number + टमाटर का खेत — hook text,[3-8s] टमाटर की लागत दिखाओ (बीज/खाद/मेहनत),[8-18s] कमाई का breakdown — मंडी बनाम AgroManch,[18-25s] AgroManch screen — सही दाम कैसे मिला,[25-30s] CTA card + logo,"किसान भाइयों, टमाटर से असली कमाई कितनी हो सकती है? पूरा हिसाब देखो — और जानो AgroManch पर सही दाम कैसे मिलता है।",Profit Reveal: टमाटर | बड़ा hook text → benefit → CTA,Kisan rewards पाओ — App में active रहो 🎁,#Tomato #Kisan #Kheti #AgroManch #IndianFarmer,Punjabi dhol drop,08:30 PM
128,12-10-2026,Profit Reveal,1 एकड़ प्याज = ₹__? यकीन नहीं होगा लेकिन सच है,[0-3s] बड़ा number + प्याज का खेत — hook text,[3-8s] प्याज की लागत दिखाओ (बीज/खाद/मेहनत),[8-18s] कमाई का breakdown — मंडी बनाम AgroManch,[18-25s] AgroManch screen — सही दाम कैसे मिला,[25-30s] CTA card + logo,"किसान भाइयों, प्याज से असली कमाई कितनी हो सकती है? पूरा हिसाब देखो — और जानो AgroManch पर सही दाम कैसे मिलता है।",Profit Reveal: प्याज | बड़ा hook text → benefit → CTA,"ज़्यादा कमाओ — बिचौलिया हटाओ, सीधे बेचो",#Onion #Kisan #Kheti #AgroManch #IndianFarmer,Soft acoustic,05:00 PM
129,13-10-2026,Mandi Shock,मंडी में आपका आलू ₹__ में बिका — असली कीमत ₹__ थी,[0-3s] तेज़ alert visual + bold red text,[3-8s] आलू की पर्ची/लक्षण/आँकड़ा close-up,[8-16s] नुकसान का असर + किसान की चिंता,[16-25s] AgroManch solution — आलू का रास्ता,[25-30s] CTA: download / alert ON,रुको! कर्नाटक के आलू किसान यह ज़रूर देखें। समय रहते कदम उठाओ — AgroManch आपके साथ है।,Mandi Shock: आलू | बड़ा hook text → benefit → CTA,AgroManch App download करो — link bio में 👇,#Potato #Kisan #MandiBhav #AgroManch #IndianFarmer,Trending Bhojpuri beat,08:00 PM
130,14-10-2026,Mandi Shock,7 बिचौलिए आपके मिर्च का मुनाफा खा रहे हैं — proof देखो,[0-3s] तेज़ alert visual + bold red text,[3-8s] मिर्च की पर्ची/लक्षण/आँकड़ा close-up,[8-16s] नुकसान का असर + किसान की चिंता,[16-25s] AgroManch solution — मिर्च का रास्ता,[25-30s] CTA: download / alert ON,रुको! पश्चिम बंगाल के मिर्च किसान यह ज़रूर देखें। समय रहते कदम उठाओ — AgroManch आपके साथ है।,Mandi Shock: मिर्च | बड़ा hook text → benefit → CTA,अभी register करो — फसल बेचने का पहला कदम,#Chilli #Kisan #MandiBhav #AgroManch #IndianFarmer,Emotional flute + dholak,07:30 AM
131,15-10-2026,Mandi Shock,मंडी की पर्ची दिखाता हूँ — सरसों पर कितनी लूट हुई,[0-3s] तेज़ alert visual + bold red text,[3-8s] सरसों की पर्ची/लक्षण/आँकड़ा close-up,[8-16s] नुकसान का असर + किसान की चिंता,[16-25s] AgroManch solution — सरसों का रास्ता,[25-30s] CTA: download / alert ON,रुको! UP के सरसों किसान यह ज़रूर देखें। समय रहते कदम उठाओ — AgroManch आपके साथ है।,Mandi Shock: सरसों | बड़ा hook text → benefit → CTA,5 मिनट में listing — सीधे buyer तक पहुँचो,#Mustard #Kisan #MandiBhav #AgroManch #IndianFarmer,Upbeat desi dhun,12:00 PM
132,16-10-2026,Mandi Shock,चना का सही भाव क्या है? मंडी आपको कभी नहीं बताएगी,[0-3s] तेज़ alert visual + bold red text,[3-8s] चना की पर्ची/लक्षण/आँकड़ा close-up,[8-16s] नुकसान का असर + किसान की चिंता,[16-25s] AgroManch solution — चना का रास्ता,[25-30s] CTA: download / alert ON,रुको! बिहार के चना किसान यह ज़रूर देखें। समय रहते कदम उठाओ — AgroManch आपके साथ है।,Mandi Shock: चना | बड़ा hook text → benefit → CTA,बड़े खरीदार इंतज़ार में हैं — connect करो,#Gram #Kisan #MandiBhav #AgroManch #IndianFarmer,Suspense build-up,07:00 PM
133,17-10-2026,Crop Emergency Alert,🚨 पंजाब में मूंग पर रोग फैल रहा — 72 घंटे में यह करो,[0-3s] तेज़ alert visual + bold red text,[3-8s] मूंग की पर्ची/लक्षण/आँकड़ा close-up,[8-16s] नुकसान का असर + किसान की चिंता,[16-25s] AgroManch solution — मूंग का रास्ता,[25-30s] CTA: download / alert ON,रुको! पंजाब के मूंग किसान यह ज़रूर देखें। समय रहते कदम उठाओ — AgroManch आपके साथ है।,Crop Emergency Alert: मूंग | बड़ा hook text → benefit → CTA,किसान भाइयों का सबसे बड़ा WhatsApp group — आओ,#Moong #Kisan #FasalRog #AgroManch #IndianFarmer,Folk + modern fusion,09:30 AM
134,18-10-2026,Crop Emergency Alert,आपकी बाजरा की पत्तियाँ ऐसी हैं? तुरंत रुको और देखो,[0-3s] तेज़ alert visual + bold red text,[3-8s] बाजरा की पर्ची/लक्षण/आँकड़ा close-up,[8-16s] नुकसान का असर + किसान की चिंता,[16-25s] AgroManch solution — बाजरा का रास्ता,[25-30s] CTA: download / alert ON,रुको! MP के बाजरा किसान यह ज़रूर देखें। समय रहते कदम उठाओ — AgroManch आपके साथ है।,Crop Emergency Alert: बाजरा | बड़ा hook text → benefit → CTA,यह जानकारी फैलाओ — एक किसान की मदद करो,#Bajra #Kisan #FasalRog #AgroManch #IndianFarmer,Motivational background score,08:30 PM
135,19-10-2026,Crop Emergency Alert,एक हफ्ते में पूरी ज्वार बर्बाद — यह कीट पहचानो,[0-3s] तेज़ alert visual + bold red text,[3-8s] ज्वार की पर्ची/लक्षण/आँकड़ा close-up,[8-16s] नुकसान का असर + किसान की चिंता,[16-25s] AgroManch solution — ज्वार का रास्ता,[25-30s] CTA: download / alert ON,रुको! महाराष्ट्र के ज्वार किसान यह ज़रूर देखें। समय रहते कदम उठाओ — AgroManch आपके साथ है।,Crop Emergency Alert: ज्वार | बड़ा hook text → benefit → CTA,Kisan rewards पाओ — App में active रहो 🎁,#Jowar #Kisan #FasalRog #AgroManch #IndianFarmer,Punjabi dhol drop,05:00 PM
136,20-10-2026,Crop Emergency Alert,🚨 हल्दी किसान alert: यह लक्षण दिखे तो देर मत करना,[0-3s] तेज़ alert visual + bold red text,[3-8s] हल्दी की पर्ची/लक्षण/आँकड़ा close-up,[8-16s] नुकसान का असर + किसान की चिंता,[16-25s] AgroManch solution — हल्दी का रास्ता,[25-30s] CTA: download / alert ON,रुको! राजस्थान के हल्दी किसान यह ज़रूर देखें। समय रहते कदम उठाओ — AgroManch आपके साथ है।,Crop Emergency Alert: हल्दी | बड़ा hook text → benefit → CTA,"ज़्यादा कमाओ — बिचौलिया हटाओ, सीधे बेचो",#Turmeric #Kisan #FasalRog #AgroManch #IndianFarmer,Soft acoustic,08:00 PM
137,21-10-2026,Farmer Success Story,'मेरे पिता मंडी में लुटते थे — मैंने तरीका बदला',[0-3s] किसान का चेहरा + अदरक खेत — emotional hook,[3-10s] संघर्ष — पहले की मुश्किल,[10-18s] turning point — AgroManch से जुड़ा,"[18-26s] नतीजा — मुस्कान, payment proof",[26-30s] CTA: 'आपकी कहानी भी' + link,यह कहानी हर अदरक किसान की हो सकती है। डर से उम्मीद तक — AgroManch के साथ सफर।,Farmer Success Story: अदरक | बड़ा hook text → benefit → CTA,AgroManch App download करो — link bio में 👇,#Ginger #Kisan #Kheti #AgroManch #IndianFarmer,Trending Bhojpuri beat,07:30 AM
138,22-10-2026,Farmer Success Story,500 किसानों ने यह किया — नतीजा देखकर चौंक जाओगे,[0-3s] किसान का चेहरा + लहसुन खेत — emotional hook,[3-10s] संघर्ष — पहले की मुश्किल,[10-18s] turning point — AgroManch से जुड़ा,"[18-26s] नतीजा — मुस्कान, payment proof",[26-30s] CTA: 'आपकी कहानी भी' + link,यह कहानी हर लहसुन किसान की हो सकती है। डर से उम्मीद तक — AgroManch के साथ सफर।,Farmer Success Story: लहसुन | बड़ा hook text → benefit → CTA,अभी register करो — फसल बेचने का पहला कदम,#Garlic #Kisan #Kheti #AgroManch #IndianFarmer,Emotional flute + dholak,12:00 PM
139,23-10-2026,Farmer Success Story,'पहले डर था online बेचने का — आज केला से खुशी है',[0-3s] किसान का चेहरा + केला खेत — emotional hook,[3-10s] संघर्ष — पहले की मुश्किल,[10-18s] turning point — AgroManch से जुड़ा,"[18-26s] नतीजा — मुस्कान, payment proof",[26-30s] CTA: 'आपकी कहानी भी' + link,यह कहानी हर केला किसान की हो सकती है। डर से उम्मीद तक — AgroManch के साथ सफर।,Farmer Success Story: केला | बड़ा hook text → benefit → CTA,5 मिनट में listing — सीधे buyer तक पहुँचो,#Banana #Kisan #Kheti #AgroManch #IndianFarmer,Upbeat desi dhun,07:00 PM
140,24-10-2026,Farmer Success Story,पश्चिम बंगाल के इस किसान की कहानी आपको रुला देगी,[0-3s] किसान का चेहरा + अनार खेत — emotional hook,[3-10s] संघर्ष — पहले की मुश्किल,[10-18s] turning point — AgroManch से जुड़ा,"[18-26s] नतीजा — मुस्कान, payment proof",[26-30s] CTA: 'आपकी कहानी भी' + link,यह कहानी हर अनार किसान की हो सकती है। डर से उम्मीद तक — AgroManch के साथ सफर।,Farmer Success Story: अनार | बड़ा hook text → benefit → CTA,बड़े खरीदार इंतज़ार में हैं — connect करो,#Pomegranate #Kisan #Kheti #AgroManch #IndianFarmer,Suspense build-up,09:30 AM
141,25-10-2026,Machinery Pride,Dragon Fruit की कटाई अब 1 घंटे में — कैसे? देखो,[0-3s] सवाल hook — 'Dragon Fruit में यह जानते हो?',[3-10s] step 1 / पुराना तरीका दिखाओ,[10-18s] step 2 / नया तरीका — demo,[18-26s] नतीजा / फायदा साफ़ दिखाओ,[26-30s] CTA: App में और जानो,Dragon Fruit में यह आसान तरीका आपका समय और पैसा दोनों बचाएगा। चलिए step by step देखते हैं।,Machinery Pride: Dragon Fruit | बड़ा hook text → benefit → CTA,किसान भाइयों का सबसे बड़ा WhatsApp group — आओ,#DragonFruit #Kisan #Kheti #AgroManch #IndianFarmer,Folk + modern fusion,08:30 PM
142,26-10-2026,Machinery Pride,पुराना तरीका भूल जाओ — स्ट्रॉबेरी के लिए यह मशीन,[0-3s] सवाल hook — 'स्ट्रॉबेरी में यह जानते हो?',[3-10s] step 1 / पुराना तरीका दिखाओ,[10-18s] step 2 / नया तरीका — demo,[18-26s] नतीजा / फायदा साफ़ दिखाओ,[26-30s] CTA: App में और जानो,स्ट्रॉबेरी में यह आसान तरीका आपका समय और पैसा दोनों बचाएगा। चलिए step by step देखते हैं।,Machinery Pride: स्ट्रॉबेरी | बड़ा hook text → benefit → CTA,यह जानकारी फैलाओ — एक किसान की मदद करो,#Strawberry #Kisan #Kheti #AgroManch #IndianFarmer,Motivational background score,05:00 PM
143,27-10-2026,Scheme Bomb,यह document नहीं है तो KCC (Kisan Credit Card) का पैसा रुक जाएगा,[0-3s] तेज़ alert visual + bold red text,[3-8s] मशरूम की पर्ची/लक्षण/आँकड़ा close-up,[8-16s] नुकसान का असर + किसान की चिंता,[16-25s] AgroManch solution — मशरूम का रास्ता,[25-30s] CTA: download / alert ON,रुको! पंजाब के मशरूम किसान यह ज़रूर देखें। समय रहते कदम उठाओ — AgroManch आपके साथ है।,Scheme Bomb: मशरूम | बड़ा hook text → benefit → CTA,Kisan rewards पाओ — App में active रहो 🎁,#Mushroom #Kisan #SarkariYojana #AgroManch #IndianFarmer,Punjabi dhol drop,08:00 PM
144,28-10-2026,Scheme Bomb,PM-KUSUM सोलर + सब्ज़ी = डबल फायदा। पूरी जानकारी यहाँ,[0-3s] तेज़ alert visual + bold red text,[3-8s] सब्ज़ी की पर्ची/लक्षण/आँकड़ा close-up,[8-16s] नुकसान का असर + किसान की चिंता,[16-25s] AgroManch solution — सब्ज़ी का रास्ता,[25-30s] CTA: download / alert ON,रुको! MP के सब्ज़ी किसान यह ज़रूर देखें। समय रहते कदम उठाओ — AgroManch आपके साथ है।,Scheme Bomb: सब्ज़ी | बड़ा hook text → benefit → CTA,"ज़्यादा कमाओ — बिचौलिया हटाओ, सीधे बेचो",#Vegetables #Kisan #SarkariYojana #AgroManch #IndianFarmer,Soft acoustic,07:30 AM
145,29-10-2026,Scheme Bomb,"🚨 e-NAM — किस्त आ रही है, status अभी check करो!",[0-3s] तेज़ alert visual + bold red text,[3-8s] भिंडी की पर्ची/लक्षण/आँकड़ा close-up,[8-16s] नुकसान का असर + किसान की चिंता,[16-25s] AgroManch solution — भिंडी का रास्ता,[25-30s] CTA: download / alert ON,रुको! महाराष्ट्र के भिंडी किसान यह ज़रूर देखें। समय रहते कदम उठाओ — AgroManch आपके साथ है।,Scheme Bomb: भिंडी | बड़ा hook text → benefit → CTA,AgroManch App download करो — link bio में 👇,#Okra #Kisan #SarkariYojana #AgroManch #IndianFarmer,Trending Bhojpuri beat,12:00 PM
146,30-10-2026,Scheme Bomb,Soil Health Card में ₹__ सीधे खाते में — eligibility देखो,[0-3s] तेज़ alert visual + bold red text,[3-8s] बैंगन की पर्ची/लक्षण/आँकड़ा close-up,[8-16s] नुकसान का असर + किसान की चिंता,[16-25s] AgroManch solution — बैंगन का रास्ता,[25-30s] CTA: download / alert ON,रुको! राजस्थान के बैंगन किसान यह ज़रूर देखें। समय रहते कदम उठाओ — AgroManch आपके साथ है।,Scheme Bomb: बैंगन | बड़ा hook text → benefit → CTA,अभी register करो — फसल बेचने का पहला कदम,#Brinjal #Kisan #SarkariYojana #AgroManch #IndianFarmer,Emotional flute + dholak,07:00 PM
147,31-10-2026,Jugaad Hack,घर की चीज़ों से फूलगोभी की सुरक्षा — कमाल का जुगाड़,[0-3s] सवाल hook — 'फूलगोभी में यह जानते हो?',[3-10s] step 1 / पुराना तरीका दिखाओ,[10-18s] step 2 / नया तरीका — demo,[18-26s] नतीजा / फायदा साफ़ दिखाओ,[26-30s] CTA: App में और जानो,फूलगोभी में यह आसान तरीका आपका समय और पैसा दोनों बचाएगा। चलिए step by step देखते हैं।,Jugaad Hack: फूलगोभी | बड़ा hook text → benefit → CTA,5 मिनट में listing — सीधे buyer तक पहुँचो,#Cauliflower #Kisan #FarmingHacks #AgroManch #IndianFarmer,Upbeat desi dhun,09:30 AM
148,01-11-2026,Jugaad Hack,यह देसी नुस्खा मटर के कीट भगा देता है — ₹0 खर्च,[0-3s] सवाल hook — 'मटर में यह जानते हो?',[3-10s] step 1 / पुराना तरीका दिखाओ,[10-18s] step 2 / नया तरीका — demo,[18-26s] नतीजा / फायदा साफ़ दिखाओ,[26-30s] CTA: App में और जानो,मटर में यह आसान तरीका आपका समय और पैसा दोनों बचाएगा। चलिए step by step देखते हैं।,Jugaad Hack: मटर | बड़ा hook text → benefit → CTA,बड़े खरीदार इंतज़ार में हैं — connect करो,#Peas #Kisan #FarmingHacks #AgroManch #IndianFarmer,Suspense build-up,08:30 PM
149,02-11-2026,Before / After,यह तस्वीर देखो — अरहर में मेहनत का नतीजा,[0-3s] सवाल hook — 'अरहर में यह जानते हो?',[3-10s] step 1 / पुराना तरीका दिखाओ,[10-18s] step 2 / नया तरीका — demo,[18-26s] नतीजा / फायदा साफ़ दिखाओ,[26-30s] CTA: App में और जानो,अरहर में यह आसान तरीका आपका समय और पैसा दोनों बचाएगा। चलिए step by step देखते हैं।,Before / After: अरहर | बड़ा hook text → benefit → CTA,किसान भाइयों का सबसे बड़ा WhatsApp group — आओ,#Arhar #Kisan #Kheti #AgroManch #IndianFarmer,Folk + modern fusion,05:00 PM
150,03-11-2026,Before / After,"पहले ₹__, अब ₹__ — मूंगफली में क्या बदला?",[0-3s] सवाल hook — 'मूंगफली में यह जानते हो?',[3-10s] step 1 / पुराना तरीका दिखाओ,[10-18s] step 2 / नया तरीका — demo,[18-26s] नतीजा / फायदा साफ़ दिखाओ,[26-30s] CTA: App में और जानो,मूंगफली में यह आसान तरीका आपका समय और पैसा दोनों बचाएगा। चलिए step by step देखते हैं।,Before / After: मूंगफली | बड़ा hook text → benefit → CTA,यह जानकारी फैलाओ — एक किसान की मदद करो,#Groundnut #Kisan #Kheti #AgroManch #IndianFarmer,Motivational background score,08:00 PM
151,04-11-2026,Mahila Kisan,'अकेले 3 एकड़ गेहूं संभाला' — रेखा देवी की कहानी,[0-3s] किसान का चेहरा + गेहूं खेत — emotional hook,[3-10s] संघर्ष — पहले की मुश्किल,[10-18s] turning point — AgroManch से जुड़ा,"[18-26s] नतीजा — मुस्कान, payment proof",[26-30s] CTA: 'आपकी कहानी भी' + link,यह कहानी हर गेहूं किसान की हो सकती है। डर से उम्मीद तक — AgroManch के साथ सफर।,Mahila Kisan: गेहूं | बड़ा hook text → benefit → CTA,Kisan rewards पाओ — App में active रहो 🎁,#Wheat #Kisan #MahilaKisan #AgroManch #IndianFarmer,Punjabi dhol drop,07:30 AM
152,05-11-2026,Mahila Kisan,घूँघट से ट्रैक्टर तक — इस महिला किसान को सलाम,[0-3s] किसान का चेहरा + धान खेत — emotional hook,[3-10s] संघर्ष — पहले की मुश्किल,[10-18s] turning point — AgroManch से जुड़ा,"[18-26s] नतीजा — मुस्कान, payment proof",[26-30s] CTA: 'आपकी कहानी भी' + link,यह कहानी हर धान किसान की हो सकती है। डर से उम्मीद तक — AgroManch के साथ सफर।,Mahila Kisan: धान | बड़ा hook text → benefit → CTA,"ज़्यादा कमाओ — बिचौलिया हटाओ, सीधे बेचो",#Paddy #Kisan #MahilaKisan #AgroManch #IndianFarmer,Soft acoustic,12:00 PM
153,06-11-2026,Mahila Kisan,"पति बाहर, उसने मक्का से घर चलाया — कैसे?",[0-3s] किसान का चेहरा + मक्का खेत — emotional hook,[3-10s] संघर्ष — पहले की मुश्किल,[10-18s] turning point — AgroManch से जुड़ा,"[18-26s] नतीजा — मुस्कान, payment proof",[26-30s] CTA: 'आपकी कहानी भी' + link,यह कहानी हर मक्का किसान की हो सकती है। डर से उम्मीद तक — AgroManch के साथ सफर।,Mahila Kisan: मक्का | बड़ा hook text → benefit → CTA,AgroManch App download करो — link bio में 👇,#Maize #Kisan #MahilaKisan #AgroManch #IndianFarmer,Trending Bhojpuri beat,07:00 PM
154,07-11-2026,Mahila Kisan,गाँव की महिलाओं ने सोयाबीन से बदली किस्मत,[0-3s] किसान का चेहरा + सोयाबीन खेत — emotional hook,[3-10s] संघर्ष — पहले की मुश्किल,[10-18s] turning point — AgroManch से जुड़ा,"[18-26s] नतीजा — मुस्कान, payment proof",[26-30s] CTA: 'आपकी कहानी भी' + link,यह कहानी हर सोयाबीन किसान की हो सकती है। डर से उम्मीद तक — AgroManch के साथ सफर।,Mahila Kisan: सोयाबीन | बड़ा hook text → benefit → CTA,अभी register करो — फसल बेचने का पहला कदम,#Soybean #Kisan #MahilaKisan #AgroManch #IndianFarmer,Emotional flute + dholak,09:30 AM
155,08-11-2026,Weather Emergency,मौसम बदलते ही कपास पर यह असर — तैयार रहो,[0-3s] तेज़ alert visual + bold red text,[3-8s] कपास की पर्ची/लक्षण/आँकड़ा close-up,[8-16s] नुकसान का असर + किसान की चिंता,[16-25s] AgroManch solution — कपास का रास्ता,[25-30s] CTA: download / alert ON,रुको! महाराष्ट्र के कपास किसान यह ज़रूर देखें। समय रहते कदम उठाओ — AgroManch आपके साथ है।,Weather Emergency: कपास | बड़ा hook text → benefit → CTA,5 मिनट में listing — सीधे buyer तक पहुँचो,#Cotton #Kisan #MausamAlert #AgroManch #IndianFarmer,Upbeat desi dhun,08:30 PM
156,09-11-2026,Weather Emergency,IMD alert: राजस्थान के गन्ना किसान सावधान,[0-3s] तेज़ alert visual + bold red text,[3-8s] गन्ना की पर्ची/लक्षण/आँकड़ा close-up,[8-16s] नुकसान का असर + किसान की चिंता,[16-25s] AgroManch solution — गन्ना का रास्ता,[25-30s] CTA: download / alert ON,रुको! राजस्थान के गन्ना किसान यह ज़रूर देखें। समय रहते कदम उठाओ — AgroManch आपके साथ है।,Weather Emergency: गन्ना | बड़ा hook text → benefit → CTA,बड़े खरीदार इंतज़ार में हैं — connect करो,#Sugarcane #Kisan #MausamAlert #AgroManch #IndianFarmer,Suspense build-up,05:00 PM
157,10-11-2026,Weather Emergency,🚨 हरियाणा Alert: 72 घंटे में मौसम — टमाटर बचाओ!,[0-3s] तेज़ alert visual + bold red text,[3-8s] टमाटर की पर्ची/लक्षण/आँकड़ा close-up,[8-16s] नुकसान का असर + किसान की चिंता,[16-25s] AgroManch solution — टमाटर का रास्ता,[25-30s] CTA: download / alert ON,रुको! हरियाणा के टमाटर किसान यह ज़रूर देखें। समय रहते कदम उठाओ — AgroManch आपके साथ है।,Weather Emergency: टमाटर | बड़ा hook text → benefit → CTA,किसान भाइयों का सबसे बड़ा WhatsApp group — आओ,#Tomato #Kisan #MausamAlert #AgroManch #IndianFarmer,Folk + modern fusion,08:00 PM
158,11-11-2026,Weather Emergency,बारिश से पहले प्याज में यह करना ज़रूरी है,[0-3s] तेज़ alert visual + bold red text,[3-8s] प्याज की पर्ची/लक्षण/आँकड़ा close-up,[8-16s] नुकसान का असर + किसान की चिंता,[16-25s] AgroManch solution — प्याज का रास्ता,[25-30s] CTA: download / alert ON,रुको! गुजरात के प्याज किसान यह ज़रूर देखें। समय रहते कदम उठाओ — AgroManch आपके साथ है।,Weather Emergency: प्याज | बड़ा hook text → benefit → CTA,यह जानकारी फैलाओ — एक किसान की मदद करो,#Onion #Kisan #MausamAlert #AgroManch #IndianFarmer,Motivational background score,07:30 AM
159,12-11-2026,Myth Buster,'ज़्यादा खाद = ज़्यादा फसल'? बिल्कुल गलत,[0-3s] सवाल hook — 'आलू में यह जानते हो?',[3-10s] step 1 / पुराना तरीका दिखाओ,[10-18s] step 2 / नया तरीका — demo,[18-26s] नतीजा / फायदा साफ़ दिखाओ,[26-30s] CTA: App में और जानो,आलू में यह आसान तरीका आपका समय और पैसा दोनों बचाएगा। चलिए step by step देखते हैं।,Myth Buster: आलू | बड़ा hook text → benefit → CTA,Kisan rewards पाओ — App में active रहो 🎁,#Potato #Kisan #Kheti #AgroManch #IndianFarmer,Punjabi dhol drop,12:00 PM
160,13-11-2026,Profit Calculator,कौन सी फसल ज़्यादा देगी? मिर्च बनाम बाकी,[0-3s] बड़ा number + मिर्च का खेत — hook text,[3-8s] मिर्च की लागत दिखाओ (बीज/खाद/मेहनत),[8-18s] कमाई का breakdown — मंडी बनाम AgroManch,[18-25s] AgroManch screen — सही दाम कैसे मिला,[25-30s] CTA card + logo,"किसान भाइयों, मिर्च से असली कमाई कितनी हो सकती है? पूरा हिसाब देखो — और जानो AgroManch पर सही दाम कैसे मिलता है।",Profit Calculator: मिर्च | बड़ा hook text → benefit → CTA,"ज़्यादा कमाओ — बिचौलिया हटाओ, सीधे बेचो",#Chilli #Kisan #KhetiProfit #AgroManch #IndianFarmer,Soft acoustic,07:00 PM
161,14-11-2026,Profit Calculator,"₹__ लगाओ, ₹__ कमाओ — सरसों का सच्चा हिसाब",[0-3s] बड़ा number + सरसों का खेत — hook text,[3-8s] सरसों की लागत दिखाओ (बीज/खाद/मेहनत),[8-18s] कमाई का breakdown — मंडी बनाम AgroManch,[18-25s] AgroManch screen — सही दाम कैसे मिला,[25-30s] CTA card + logo,"किसान भाइयों, सरसों से असली कमाई कितनी हो सकती है? पूरा हिसाब देखो — और जानो AgroManch पर सही दाम कैसे मिलता है।",Profit Calculator: सरसों | बड़ा hook text → benefit → CTA,AgroManch App download करो — link bio में 👇,#Mustard #Kisan #KhetiProfit #AgroManch #IndianFarmer,Trending Bhojpuri beat,09:30 AM
162,15-11-2026,Profit Calculator,AgroManch calculator से चना का मुनाफा निकालो,[0-3s] बड़ा number + चना का खेत — hook text,[3-8s] चना की लागत दिखाओ (बीज/खाद/मेहनत),[8-18s] कमाई का breakdown — मंडी बनाम AgroManch,[18-25s] AgroManch screen — सही दाम कैसे मिला,[25-30s] CTA card + logo,"किसान भाइयों, चना से असली कमाई कितनी हो सकती है? पूरा हिसाब देखो — और जानो AgroManch पर सही दाम कैसे मिलता है।",Profit Calculator: चना | बड़ा hook text → benefit → CTA,अभी register करो — फसल बेचने का पहला कदम,#Gram #Kisan #KhetiProfit #AgroManch #IndianFarmer,Emotional flute + dholak,08:30 PM
163,16-11-2026,Profit Calculator,मूंग में 1 एकड़ = कितना मुनाफा? पूरा हिसाब,[0-3s] बड़ा number + मूंग का खेत — hook text,[3-8s] मूंग की लागत दिखाओ (बीज/खाद/मेहनत),[8-18s] कमाई का breakdown — मंडी बनाम AgroManch,[18-25s] AgroManch screen — सही दाम कैसे मिला,[25-30s] CTA card + logo,"किसान भाइयों, मूंग से असली कमाई कितनी हो सकती है? पूरा हिसाब देखो — और जानो AgroManch पर सही दाम कैसे मिलता है।",Profit Calculator: मूंग | बड़ा hook text → benefit → CTA,5 मिनट में listing — सीधे buyer तक पहुँचो,#Moong #Kisan #KhetiProfit #AgroManch #IndianFarmer,Upbeat desi dhun,05:00 PM
164,17-11-2026,Field Interview,इस बाजरा किसान से मिलिए — बात दिल छू जाएगी,[0-3s] किसान का चेहरा + बाजरा खेत — emotional hook,[3-10s] संघर्ष — पहले की मुश्किल,[10-18s] turning point — AgroManch से जुड़ा,"[18-26s] नतीजा — मुस्कान, payment proof",[26-30s] CTA: 'आपकी कहानी भी' + link,यह कहानी हर बाजरा किसान की हो सकती है। डर से उम्मीद तक — AgroManch के साथ सफर।,Field Interview: बाजरा | बड़ा hook text → benefit → CTA,बड़े खरीदार इंतज़ार में हैं — connect करो,#Bajra #Kisan #Kheti #AgroManch #IndianFarmer,Suspense build-up,08:00 PM
165,18-11-2026,Field Interview,'मैं बताता हूँ ज्वार में असली दिक्कत क्या है',[0-3s] किसान का चेहरा + ज्वार खेत — emotional hook,[3-10s] संघर्ष — पहले की मुश्किल,[10-18s] turning point — AgroManch से जुड़ा,"[18-26s] नतीजा — मुस्कान, payment proof",[26-30s] CTA: 'आपकी कहानी भी' + link,यह कहानी हर ज्वार किसान की हो सकती है। डर से उम्मीद तक — AgroManch के साथ सफर।,Field Interview: ज्वार | बड़ा hook text → benefit → CTA,किसान भाइयों का सबसे बड़ा WhatsApp group — आओ,#Jowar #Kisan #Kheti #AgroManch #IndianFarmer,Folk + modern fusion,07:30 AM
166,19-11-2026,Old vs New,हल्दी में पुरानी सोच छोड़ो — यह है नया रास्ता,[0-3s] सवाल hook — 'हल्दी में यह जानते हो?',[3-10s] step 1 / पुराना तरीका दिखाओ,[10-18s] step 2 / नया तरीका — demo,[18-26s] नतीजा / फायदा साफ़ दिखाओ,[26-30s] CTA: App में और जानो,हल्दी में यह आसान तरीका आपका समय और पैसा दोनों बचाएगा। चलिए step by step देखते हैं।,Old vs New: हल्दी | बड़ा hook text → benefit → CTA,यह जानकारी फैलाओ — एक किसान की मदद करो,#Turmeric #Kisan #Kheti #AgroManch #IndianFarmer,Motivational background score,12:00 PM
167,20-11-2026,Old vs New,10 साल पहले vs आज — अदरक किसान की ज़िंदगी,[0-3s] सवाल hook — 'अदरक में यह जानते हो?',[3-10s] step 1 / पुराना तरीका दिखाओ,[10-18s] step 2 / नया तरीका — demo,[18-26s] नतीजा / फायदा साफ़ दिखाओ,[26-30s] CTA: App में और जानो,अदरक में यह आसान तरीका आपका समय और पैसा दोनों बचाएगा। चलिए step by step देखते हैं।,Old vs New: अदरक | बड़ा hook text → benefit → CTA,Kisan rewards पाओ — App में active रहो 🎁,#Ginger #Kisan #Kheti #AgroManch #IndianFarmer,Punjabi dhol drop,07:00 PM
168,21-11-2026,Hidden Crop,AgroManch पर इस फसल के __ buyers इंतज़ार में हैं,[0-3s] बड़ा number + लहसुन का खेत — hook text,[3-8s] लहसुन की लागत दिखाओ (बीज/खाद/मेहनत),[8-18s] कमाई का breakdown — मंडी बनाम AgroManch,[18-25s] AgroManch screen — सही दाम कैसे मिला,[25-30s] CTA card + logo,"किसान भाइयों, लहसुन से असली कमाई कितनी हो सकती है? पूरा हिसाब देखो — और जानो AgroManch पर सही दाम कैसे मिलता है।",Hidden Crop: लहसुन | बड़ा hook text → benefit → CTA,"ज़्यादा कमाओ — बिचौलिया हटाओ, सीधे बेचो",#Garlic #Kisan #ProfitableFarming #AgroManch #IndianFarmer,Soft acoustic,09:30 AM
169,22-11-2026,Hidden Crop,यह फसल ₹__/kg बिकती है — कोई कर्नाटक में नहीं उगाता क्यों?,[0-3s] बड़ा number + केला का खेत — hook text,[3-8s] केला की लागत दिखाओ (बीज/खाद/मेहनत),[8-18s] कमाई का breakdown — मंडी बनाम AgroManch,[18-25s] AgroManch screen — सही दाम कैसे मिला,[25-30s] CTA card + logo,"किसान भाइयों, केला से असली कमाई कितनी हो सकती है? पूरा हिसाब देखो — और जानो AgroManch पर सही दाम कैसे मिलता है।",Hidden Crop: केला | बड़ा hook text → benefit → CTA,AgroManch App download करो — link bio में 👇,#Banana #Kisan #ProfitableFarming #AgroManch #IndianFarmer,Trending Bhojpuri beat,08:30 PM
170,23-11-2026,Hidden Crop,अनार छोड़ो — यह फसल 3 गुना कमाई देती है,[0-3s] बड़ा number + अनार का खेत — hook text,[3-8s] अनार की लागत दिखाओ (बीज/खाद/मेहनत),[8-18s] कमाई का breakdown — मंडी बनाम AgroManch,[18-25s] AgroManch screen — सही दाम कैसे मिला,[25-30s] CTA card + logo,"किसान भाइयों, अनार से असली कमाई कितनी हो सकती है? पूरा हिसाब देखो — और जानो AgroManch पर सही दाम कैसे मिलता है।",Hidden Crop: अनार | बड़ा hook text → benefit → CTA,अभी register करो — फसल बेचने का पहला कदम,#Pomegranate #Kisan #ProfitableFarming #AgroManch #IndianFarmer,Emotional flute + dholak,05:00 PM
171,24-11-2026,Hidden Crop,विदेश में इस फसल की भारी मांग — आप क्यों चूक रहे?,[0-3s] बड़ा number + Dragon Fruit का खेत — hook text,[3-8s] Dragon Fruit की लागत दिखाओ (बीज/खाद/मेहनत),[8-18s] कमाई का breakdown — मंडी बनाम AgroManch,[18-25s] AgroManch screen — सही दाम कैसे मिला,[25-30s] CTA card + logo,"किसान भाइयों, Dragon Fruit से असली कमाई कितनी हो सकती है? पूरा हिसाब देखो — और जानो AgroManch पर सही दाम कैसे मिलता है।",Hidden Crop: Dragon Fruit | बड़ा hook text → benefit → CTA,5 मिनट में listing — सीधे buyer तक पहुँचो,#DragonFruit #Kisan #ProfitableFarming #AgroManch #IndianFarmer,Upbeat desi dhun,08:00 PM
172,25-11-2026,Tech Tutorial,App पर payment कैसे आता है? step by step Hindi में,[0-3s] सवाल hook — 'स्ट्रॉबेरी में यह जानते हो?',[3-10s] step 1 / पुराना तरीका दिखाओ,[10-18s] step 2 / नया तरीका — demo,[18-26s] नतीजा / फायदा साफ़ दिखाओ,[26-30s] CTA: App में और जानो,स्ट्रॉबेरी में यह आसान तरीका आपका समय और पैसा दोनों बचाएगा। चलिए step by step देखते हैं।,Tech Tutorial: स्ट्रॉबेरी | बड़ा hook text → benefit → CTA,बड़े खरीदार इंतज़ार में हैं — connect करो,#Strawberry #Kisan #DigitalKisan #AgroManch #IndianFarmer,Suspense build-up,07:30 AM
173,26-11-2026,Tech Tutorial,5 मिनट में मशरूम बेचना सीखो — बिना confusion,[0-3s] सवाल hook — 'मशरूम में यह जानते हो?',[3-10s] step 1 / पुराना तरीका दिखाओ,[10-18s] step 2 / नया तरीका — demo,[18-26s] नतीजा / फायदा साफ़ दिखाओ,[26-30s] CTA: App में और जानो,मशरूम में यह आसान तरीका आपका समय और पैसा दोनों बचाएगा। चलिए step by step देखते हैं।,Tech Tutorial: मशरूम | बड़ा hook text → benefit → CTA,किसान भाइयों का सबसे बड़ा WhatsApp group — आओ,#Mushroom #Kisan #DigitalKisan #AgroManch #IndianFarmer,Folk + modern fusion,12:00 PM
174,27-11-2026,Tech Tutorial,AgroManch के यह 5 features सब्ज़ी किसान ज़रूर use करें,[0-3s] सवाल hook — 'सब्ज़ी में यह जानते हो?',[3-10s] step 1 / पुराना तरीका दिखाओ,[10-18s] step 2 / नया तरीका — demo,[18-26s] नतीजा / फायदा साफ़ दिखाओ,[26-30s] CTA: App में और जानो,सब्ज़ी में यह आसान तरीका आपका समय और पैसा दोनों बचाएगा। चलिए step by step देखते हैं।,Tech Tutorial: सब्ज़ी | बड़ा hook text → benefit → CTA,यह जानकारी फैलाओ — एक किसान की मदद करो,#Vegetables #Kisan #DigitalKisan #AgroManch #IndianFarmer,Motivational background score,07:00 PM
175,28-11-2026,Tech Tutorial,AgroManch पर भिंडी list करो — 5 मिनट tutorial,[0-3s] सवाल hook — 'भिंडी में यह जानते हो?',[3-10s] step 1 / पुराना तरीका दिखाओ,[10-18s] step 2 / नया तरीका — demo,[18-26s] नतीजा / फायदा साफ़ दिखाओ,[26-30s] CTA: App में और जानो,भिंडी में यह आसान तरीका आपका समय और पैसा दोनों बचाएगा। चलिए step by step देखते हैं।,Tech Tutorial: भिंडी | बड़ा hook text → benefit → CTA,Kisan rewards पाओ — App में active रहो 🎁,#Okra #Kisan #DigitalKisan #AgroManch #IndianFarmer,Punjabi dhol drop,09:30 AM
176,29-11-2026,Award / Recognition,इस बैंगन किसान ने देश का नाम रोशन किया 🏆,[0-3s] किसान का चेहरा + बैंगन खेत — emotional hook,[3-10s] संघर्ष — पहले की मुश्किल,[10-18s] turning point — AgroManch से जुड़ा,"[18-26s] नतीजा — मुस्कान, payment proof",[26-30s] CTA: 'आपकी कहानी भी' + link,यह कहानी हर बैंगन किसान की हो सकती है। डर से उम्मीद तक — AgroManch के साथ सफर।,Award / Recognition: बैंगन | बड़ा hook text → benefit → CTA,"ज़्यादा कमाओ — बिचौलिया हटाओ, सीधे बेचो",#Brinjal #Kisan #Kheti #AgroManch #IndianFarmer,Soft acoustic,08:30 PM
177,30-11-2026,Regional Language,अपनी भाषा में खेती की पूरी जानकारी — राजस्थानी,[0-3s] सवाल/poll hook — फूलगोभी पर,[3-10s] context — दो राय रखो,[10-18s] options/poll graphic,[18-26s] AgroManch tie-in,[26-30s] CTA: vote + comment,फूलगोभी पर आपकी राय सबसे ज़रूरी है। कमेंट में बताओ — हम हर किसान की सुनते हैं।,Regional Language: फूलगोभी | बड़ा hook text → benefit → CTA,AgroManch App download करो — link bio में 👇,#Cauliflower #Kisan #Bhojpuri #AgroManch #IndianFarmer,Trending Bhojpuri beat,05:00 PM
178,01-12-2026,Regional Language,गुजरात के किसानों के लिए गुजराती में खास video,[0-3s] सवाल/poll hook — मटर पर,[3-10s] context — दो राय रखो,[10-18s] options/poll graphic,[18-26s] AgroManch tie-in,[26-30s] CTA: vote + comment,मटर पर आपकी राय सबसे ज़रूरी है। कमेंट में बताओ — हम हर किसान की सुनते हैं।,Regional Language: मटर | बड़ा hook text → benefit → CTA,अभी register करो — फसल बेचने का पहला कदम,#Peas #Kisan #Bhojpuri #AgroManch #IndianFarmer,Emotional flute + dholak,08:00 PM
179,02-12-2026,Regional Language,कन्नड़ बोलने वाले किसान यह ज़रूर देखें,[0-3s] सवाल/poll hook — अरहर पर,[3-10s] context — दो राय रखो,[10-18s] options/poll graphic,[18-26s] AgroManch tie-in,[26-30s] CTA: vote + comment,अरहर पर आपकी राय सबसे ज़रूरी है। कमेंट में बताओ — हम हर किसान की सुनते हैं।,Regional Language: अरहर | बड़ा hook text → benefit → CTA,5 मिनट में listing — सीधे buyer तक पहुँचो,#Arhar #Kisan #Bhojpuri #AgroManch #IndianFarmer,Upbeat desi dhun,07:30 AM
180,03-12-2026,Regional Language,घर जैसी भाषा में मूंगफली का गुर — बंगाली में,[0-3s] सवाल/poll hook — मूंगफली पर,[3-10s] context — दो राय रखो,[10-18s] options/poll graphic,[18-26s] AgroManch tie-in,[26-30s] CTA: vote + comment,मूंगफली पर आपकी राय सबसे ज़रूरी है। कमेंट में बताओ — हम हर किसान की सुनते हैं।,Regional Language: मूंगफली | बड़ा hook text → benefit → CTA,बड़े खरीदार इंतज़ार में हैं — connect करो,#Groundnut #Kisan #Bhojpuri #AgroManch #IndianFarmer,Suspense build-up,12:00 PM
181,04-12-2026,Community Debate,सच बोलो — गेहूं मंडी में सही भाव मिलता है? Poll 👇,[0-3s] सवाल/poll hook — गेहूं पर,[3-10s] context — दो राय रखो,[10-18s] options/poll graphic,[18-26s] AgroManch tie-in,[26-30s] CTA: vote + comment,गेहूं पर आपकी राय सबसे ज़रूरी है। कमेंट में बताओ — हम हर किसान की सुनते हैं।,Community Debate: गेहूं | बड़ा hook text → benefit → CTA,किसान भाइयों का सबसे बड़ा WhatsApp group — आओ,#Wheat #Kisan #Kheti #AgroManch #IndianFarmer,Folk + modern fusion,07:00 PM
182,05-12-2026,Community Debate,आप किससे बेचते हो धान? Comment में बताओ,[0-3s] सवाल/poll hook — धान पर,[3-10s] context — दो राय रखो,[10-18s] options/poll graphic,[18-26s] AgroManch tie-in,[26-30s] CTA: vote + comment,धान पर आपकी राय सबसे ज़रूरी है। कमेंट में बताओ — हम हर किसान की सुनते हैं।,Community Debate: धान | बड़ा hook text → benefit → CTA,यह जानकारी फैलाओ — एक किसान की मदद करो,#Paddy #Kisan #Kheti #AgroManch #IndianFarmer,Motivational background score,09:30 AM
183,06-12-2026,Seasonal Countdown,मौसम बदल रहा — मक्का के लिए यह आखिरी मौका,[0-3s] सवाल/poll hook — मक्का पर,[3-10s] context — दो राय रखो,[10-18s] options/poll graphic,[18-26s] AgroManch tie-in,[26-30s] CTA: vote + comment,मक्का पर आपकी राय सबसे ज़रूरी है। कमेंट में बताओ — हम हर किसान की सुनते हैं।,Seasonal Countdown: मक्का | बड़ा hook text → benefit → CTA,Kisan rewards पाओ — App में active रहो 🎁,#Maize #Kisan #Kheti #AgroManch #IndianFarmer,Punjabi dhol drop,08:30 PM
184,07-12-2026,Seasonal Countdown,__ दिन में सोयाबीन का सीज़न — यह checklist देखो,[0-3s] सवाल/poll hook — सोयाबीन पर,[3-10s] context — दो राय रखो,[10-18s] options/poll graphic,[18-26s] AgroManch tie-in,[26-30s] CTA: vote + comment,सोयाबीन पर आपकी राय सबसे ज़रूरी है। कमेंट में बताओ — हम हर किसान की सुनते हैं।,Seasonal Countdown: सोयाबीन | बड़ा hook text → benefit → CTA,"ज़्यादा कमाओ — बिचौलिया हटाओ, सीधे बेचो",#Soybean #Kisan #Kheti #AgroManch #IndianFarmer,Soft acoustic,05:00 PM
185,08-12-2026,Seasonal Countdown,त्योहार से पहले कपास के दाम चढ़ेंगे — तैयार रहो,[0-3s] सवाल/poll hook — कपास पर,[3-10s] context — दो राय रखो,[10-18s] options/poll graphic,[18-26s] AgroManch tie-in,[26-30s] CTA: vote + comment,कपास पर आपकी राय सबसे ज़रूरी है। कमेंट में बताओ — हम हर किसान की सुनते हैं।,Seasonal Countdown: कपास | बड़ा hook text → benefit → CTA,AgroManch App download करो — link bio में 👇,#Cotton #Kisan #Kheti #AgroManch #IndianFarmer,Trending Bhojpuri beat,08:00 PM
186,09-12-2026,Seasonal Countdown,देर मत करो — गन्ना की सही timing निकल रही है,[0-3s] सवाल/poll hook — गन्ना पर,[3-10s] context — दो राय रखो,[10-18s] options/poll graphic,[18-26s] AgroManch tie-in,[26-30s] CTA: vote + comment,गन्ना पर आपकी राय सबसे ज़रूरी है। कमेंट में बताओ — हम हर किसान की सुनते हैं।,Seasonal Countdown: गन्ना | बड़ा hook text → benefit → CTA,अभी register करो — फसल बेचने का पहला कदम,#Sugarcane #Kisan #Kheti #AgroManch #IndianFarmer,Emotional flute + dholak,07:30 AM
187,10-12-2026,Profit Reveal,इस किसान ने टमाटर से ₹__ लाख कमाए — कैसे? पूरा हिसाब देखो,[0-3s] बड़ा number + टमाटर का खेत — hook text,[3-8s] टमाटर की लागत दिखाओ (बीज/खाद/मेहनत),[8-18s] कमाई का breakdown — मंडी बनाम AgroManch,[18-25s] AgroManch screen — सही दाम कैसे मिला,[25-30s] CTA card + logo,"किसान भाइयों, टमाटर से असली कमाई कितनी हो सकती है? पूरा हिसाब देखो — और जानो AgroManch पर सही दाम कैसे मिलता है।",Profit Reveal: टमाटर | बड़ा hook text → benefit → CTA,5 मिनट में listing — सीधे buyer तक पहुँचो,#Tomato #Kisan #Kheti #AgroManch #IndianFarmer,Upbeat desi dhun,12:00 PM
188,11-12-2026,Profit Reveal,1 एकड़ प्याज = ₹__? यकीन नहीं होगा लेकिन सच है,[0-3s] बड़ा number + प्याज का खेत — hook text,[3-8s] प्याज की लागत दिखाओ (बीज/खाद/मेहनत),[8-18s] कमाई का breakdown — मंडी बनाम AgroManch,[18-25s] AgroManch screen — सही दाम कैसे मिला,[25-30s] CTA card + logo,"किसान भाइयों, प्याज से असली कमाई कितनी हो सकती है? पूरा हिसाब देखो — और जानो AgroManch पर सही दाम कैसे मिलता है।",Profit Reveal: प्याज | बड़ा hook text → benefit → CTA,बड़े खरीदार इंतज़ार में हैं — connect करो,#Onion #Kisan #Kheti #AgroManch #IndianFarmer,Suspense build-up,07:00 PM
189,12-12-2026,Profit Reveal,आलू बेचकर इस किसान ने नई गाड़ी खरीदी — राज़ क्या है?,[0-3s] बड़ा number + आलू का खेत — hook text,[3-8s] आलू की लागत दिखाओ (बीज/खाद/मेहनत),[8-18s] कमाई का breakdown — मंडी बनाम AgroManch,[18-25s] AgroManch screen — सही दाम कैसे मिला,[25-30s] CTA card + logo,"किसान भाइयों, आलू से असली कमाई कितनी हो सकती है? पूरा हिसाब देखो — और जानो AgroManch पर सही दाम कैसे मिलता है।",Profit Reveal: आलू | बड़ा hook text → benefit → CTA,किसान भाइयों का सबसे बड़ा WhatsApp group — आओ,#Potato #Kisan #Kheti #AgroManch #IndianFarmer,Folk + modern fusion,09:30 AM
190,13-12-2026,Profit Reveal,मंडी से दोगुना दाम — मिर्च में यह तरीका कोई नहीं बताता,[0-3s] बड़ा number + मिर्च का खेत — hook text,[3-8s] मिर्च की लागत दिखाओ (बीज/खाद/मेहनत),[8-18s] कमाई का breakdown — मंडी बनाम AgroManch,[18-25s] AgroManch screen — सही दाम कैसे मिला,[25-30s] CTA card + logo,"किसान भाइयों, मिर्च से असली कमाई कितनी हो सकती है? पूरा हिसाब देखो — और जानो AgroManch पर सही दाम कैसे मिलता है।",Profit Reveal: मिर्च | बड़ा hook text → benefit → CTA,यह जानकारी फैलाओ — एक किसान की मदद करो,#Chilli #Kisan #Kheti #AgroManch #IndianFarmer,Motivational background score,08:30 PM
191,14-12-2026,Mandi Shock,मंडी की पर्ची दिखाता हूँ — सरसों पर कितनी लूट हुई,[0-3s] तेज़ alert visual + bold red text,[3-8s] सरसों की पर्ची/लक्षण/आँकड़ा close-up,[8-16s] नुकसान का असर + किसान की चिंता,[16-25s] AgroManch solution — सरसों का रास्ता,[25-30s] CTA: download / alert ON,रुको! UP के सरसों किसान यह ज़रूर देखें। समय रहते कदम उठाओ — AgroManch आपके साथ है।,Mandi Shock: सरसों | बड़ा hook text → benefit → CTA,Kisan rewards पाओ — App में active रहो 🎁,#Mustard #Kisan #MandiBhav #AgroManch #IndianFarmer,Punjabi dhol drop,05:00 PM
192,15-12-2026,Mandi Shock,चना का सही भाव क्या है? मंडी आपको कभी नहीं बताएगी,[0-3s] तेज़ alert visual + bold red text,[3-8s] चना की पर्ची/लक्षण/आँकड़ा close-up,[8-16s] नुकसान का असर + किसान की चिंता,[16-25s] AgroManch solution — चना का रास्ता,[25-30s] CTA: download / alert ON,रुको! बिहार के चना किसान यह ज़रूर देखें। समय रहते कदम उठाओ — AgroManch आपके साथ है।,Mandi Shock: चना | बड़ा hook text → benefit → CTA,"ज़्यादा कमाओ — बिचौलिया हटाओ, सीधे बेचो",#Gram #Kisan #MandiBhav #AgroManch #IndianFarmer,Soft acoustic,08:00 PM
193,16-12-2026,Mandi Shock,मूंग मंडी में ₹__/kg — AgroManch पर ₹__! फर्क देखो 🔴🟢,[0-3s] तेज़ alert visual + bold red text,[3-8s] मूंग की पर्ची/लक्षण/आँकड़ा close-up,[8-16s] नुकसान का असर + किसान की चिंता,[16-25s] AgroManch solution — मूंग का रास्ता,[25-30s] CTA: download / alert ON,रुको! पंजाब के मूंग किसान यह ज़रूर देखें। समय रहते कदम उठाओ — AgroManch आपके साथ है।,Mandi Shock: मूंग | बड़ा hook text → benefit → CTA,AgroManch App download करो — link bio में 👇,#Moong #Kisan #MandiBhav #AgroManch #IndianFarmer,Trending Bhojpuri beat,07:30 AM
194,17-12-2026,Mandi Shock,रुको! बाजरा मंडी ले जाने से पहले यह video देखो,[0-3s] तेज़ alert visual + bold red text,[3-8s] बाजरा की पर्ची/लक्षण/आँकड़ा close-up,[8-16s] नुकसान का असर + किसान की चिंता,[16-25s] AgroManch solution — बाजरा का रास्ता,[25-30s] CTA: download / alert ON,रुको! MP के बाजरा किसान यह ज़रूर देखें। समय रहते कदम उठाओ — AgroManch आपके साथ है।,Mandi Shock: बाजरा | बड़ा hook text → benefit → CTA,अभी register करो — फसल बेचने का पहला कदम,#Bajra #Kisan #MandiBhav #AgroManch #IndianFarmer,Emotional flute + dholak,12:00 PM
195,18-12-2026,Crop Emergency Alert,एक हफ्ते में पूरी ज्वार बर्बाद — यह कीट पहचानो,[0-3s] तेज़ alert visual + bold red text,[3-8s] ज्वार की पर्ची/लक्षण/आँकड़ा close-up,[8-16s] नुकसान का असर + किसान की चिंता,[16-25s] AgroManch solution — ज्वार का रास्ता,[25-30s] CTA: download / alert ON,रुको! महाराष्ट्र के ज्वार किसान यह ज़रूर देखें। समय रहते कदम उठाओ — AgroManch आपके साथ है।,Crop Emergency Alert: ज्वार | बड़ा hook text → benefit → CTA,5 मिनट में listing — सीधे buyer तक पहुँचो,#Jowar #Kisan #FasalRog #AgroManch #IndianFarmer,Upbeat desi dhun,07:00 PM
196,19-12-2026,Crop Emergency Alert,🚨 हल्दी किसान alert: यह लक्षण दिखे तो देर मत करना,[0-3s] तेज़ alert visual + bold red text,[3-8s] हल्दी की पर्ची/लक्षण/आँकड़ा close-up,[8-16s] नुकसान का असर + किसान की चिंता,[16-25s] AgroManch solution — हल्दी का रास्ता,[25-30s] CTA: download / alert ON,रुको! राजस्थान के हल्दी किसान यह ज़रूर देखें। समय रहते कदम उठाओ — AgroManch आपके साथ है।,Crop Emergency Alert: हल्दी | बड़ा hook text → benefit → CTA,बड़े खरीदार इंतज़ार में हैं — connect करो,#Turmeric #Kisan #FasalRog #AgroManch #IndianFarmer,Suspense build-up,09:30 AM
197,20-12-2026,Crop Emergency Alert,पड़ोसी की अदरक चौपट हो गई — आपकी कैसे बचेगी?,[0-3s] तेज़ alert visual + bold red text,[3-8s] अदरक की पर्ची/लक्षण/आँकड़ा close-up,[8-16s] नुकसान का असर + किसान की चिंता,[16-25s] AgroManch solution — अदरक का रास्ता,[25-30s] CTA: download / alert ON,रुको! हरियाणा के अदरक किसान यह ज़रूर देखें। समय रहते कदम उठाओ — AgroManch आपके साथ है।,Crop Emergency Alert: अदरक | बड़ा hook text → benefit → CTA,किसान भाइयों का सबसे बड़ा WhatsApp group — आओ,#Ginger #Kisan #FasalRog #AgroManch #IndianFarmer,Folk + modern fusion,08:30 PM
198,21-12-2026,Crop Emergency Alert,लहसुन में यह दाग = खतरे की घंटी। इलाज यहाँ देखो,[0-3s] तेज़ alert visual + bold red text,[3-8s] लहसुन की पर्ची/लक्षण/आँकड़ा close-up,[8-16s] नुकसान का असर + किसान की चिंता,[16-25s] AgroManch solution — लहसुन का रास्ता,[25-30s] CTA: download / alert ON,रुको! गुजरात के लहसुन किसान यह ज़रूर देखें। समय रहते कदम उठाओ — AgroManch आपके साथ है।,Crop Emergency Alert: लहसुन | बड़ा hook text → benefit → CTA,यह जानकारी फैलाओ — एक किसान की मदद करो,#Garlic #Kisan #FasalRog #AgroManch #IndianFarmer,Motivational background score,05:00 PM
199,22-12-2026,Farmer Success Story,'पहले डर था online बेचने का — आज केला से खुशी है',[0-3s] किसान का चेहरा + केला खेत — emotional hook,[3-10s] संघर्ष — पहले की मुश्किल,[10-18s] turning point — AgroManch से जुड़ा,"[18-26s] नतीजा — मुस्कान, payment proof",[26-30s] CTA: 'आपकी कहानी भी' + link,यह कहानी हर केला किसान की हो सकती है। डर से उम्मीद तक — AgroManch के साथ सफर।,Farmer Success Story: केला | बड़ा hook text → benefit → CTA,Kisan rewards पाओ — App में active रहो 🎁,#Banana #Kisan #Kheti #AgroManch #IndianFarmer,Punjabi dhol drop,08:00 PM
200,23-12-2026,Farmer Success Story,पश्चिम बंगाल के इस किसान की कहानी आपको रुला देगी,[0-3s] किसान का चेहरा + अनार खेत — emotional hook,[3-10s] संघर्ष — पहले की मुश्किल,[10-18s] turning point — AgroManch से जुड़ा,"[18-26s] नतीजा — मुस्कान, payment proof",[26-30s] CTA: 'आपकी कहानी भी' + link,यह कहानी हर अनार किसान की हो सकती है। डर से उम्मीद तक — AgroManch के साथ सफर।,Farmer Success Story: अनार | बड़ा hook text → benefit → CTA,"ज़्यादा कमाओ — बिचौलिया हटाओ, सीधे बेचो",#Pomegranate #Kisan #Kheti #AgroManch #IndianFarmer,Soft acoustic,07:30 AM
201,24-12-2026,Farmer Success Story,कर्ज़ में डूबा किसान — Dragon Fruit ने ज़िंदगी बदल दी,[0-3s] किसान का चेहरा + Dragon Fruit खेत — emotional hook,[3-10s] संघर्ष — पहले की मुश्किल,[10-18s] turning point — AgroManch से जुड़ा,"[18-26s] नतीजा — मुस्कान, payment proof",[26-30s] CTA: 'आपकी कहानी भी' + link,यह कहानी हर Dragon Fruit किसान की हो सकती है। डर से उम्मीद तक — AgroManch के साथ सफर।,Farmer Success Story: Dragon Fruit | बड़ा hook text → benefit → CTA,AgroManch App download करो — link bio में 👇,#DragonFruit #Kisan #Kheti #AgroManch #IndianFarmer,Trending Bhojpuri beat,12:00 PM
202,25-12-2026,Farmer Success Story,"मज़दूरी छोड़ी, स्ट्रॉबेरी अपनाई — आज लाखों कमाता है",[0-3s] किसान का चेहरा + स्ट्रॉबेरी खेत — emotional hook,[3-10s] संघर्ष — पहले की मुश्किल,[10-18s] turning point — AgroManch से जुड़ा,"[18-26s] नतीजा — मुस्कान, payment proof",[26-30s] CTA: 'आपकी कहानी भी' + link,यह कहानी हर स्ट्रॉबेरी किसान की हो सकती है। डर से उम्मीद तक — AgroManch के साथ सफर।,Farmer Success Story: स्ट्रॉबेरी | बड़ा hook text → benefit → CTA,अभी register करो — फसल बेचने का पहला कदम,#Strawberry #Kisan #Kheti #AgroManch #IndianFarmer,Emotional flute + dholak,07:00 PM
203,26-12-2026,Machinery Pride,subsidy पर मिलती है यह मशीन — मशरूम किसान ध्यान दो,[0-3s] सवाल hook — 'मशरूम में यह जानते हो?',[3-10s] step 1 / पुराना तरीका दिखाओ,[10-18s] step 2 / नया तरीका — demo,[18-26s] नतीजा / फायदा साफ़ दिखाओ,[26-30s] CTA: App में और जानो,मशरूम में यह आसान तरीका आपका समय और पैसा दोनों बचाएगा। चलिए step by step देखते हैं।,Machinery Pride: मशरूम | बड़ा hook text → benefit → CTA,5 मिनट में listing — सीधे buyer तक पहुँचो,#Mushroom #Kisan #Kheti #AgroManch #IndianFarmer,Upbeat desi dhun,09:30 AM
204,27-12-2026,Machinery Pride,इस जुगाड़ मशीन ने MP के किसान का खेल बदल दिया,[0-3s] सवाल hook — 'सब्ज़ी में यह जानते हो?',[3-10s] step 1 / पुराना तरीका दिखाओ,[10-18s] step 2 / नया तरीका — demo,[18-26s] नतीजा / फायदा साफ़ दिखाओ,[26-30s] CTA: App में और जानो,सब्ज़ी में यह आसान तरीका आपका समय और पैसा दोनों बचाएगा। चलिए step by step देखते हैं।,Machinery Pride: सब्ज़ी | बड़ा hook text → benefit → CTA,बड़े खरीदार इंतज़ार में हैं — connect करो,#Vegetables #Kisan #Kheti #AgroManch #IndianFarmer,Suspense build-up,08:30 PM
205,28-12-2026,Scheme Bomb,"🚨 e-NAM — किस्त आ रही है, status अभी check करो!",[0-3s] तेज़ alert visual + bold red text,[3-8s] भिंडी की पर्ची/लक्षण/आँकड़ा close-up,[8-16s] नुकसान का असर + किसान की चिंता,[16-25s] AgroManch solution — भिंडी का रास्ता,[25-30s] CTA: download / alert ON,रुको! महाराष्ट्र के भिंडी किसान यह ज़रूर देखें। समय रहते कदम उठाओ — AgroManch आपके साथ है।,Scheme Bomb: भिंडी | बड़ा hook text → benefit → CTA,किसान भाइयों का सबसे बड़ा WhatsApp group — आओ,#Okra #Kisan #SarkariYojana #AgroManch #IndianFarmer,Folk + modern fusion,05:00 PM
206,29-12-2026,Scheme Bomb,Soil Health Card में ₹__ सीधे खाते में — eligibility देखो,[0-3s] तेज़ alert visual + bold red text,[3-8s] बैंगन की पर्ची/लक्षण/आँकड़ा close-up,[8-16s] नुकसान का असर + किसान की चिंता,[16-25s] AgroManch solution — बैंगन का रास्ता,[25-30s] CTA: download / alert ON,रुको! राजस्थान के बैंगन किसान यह ज़रूर देखें। समय रहते कदम उठाओ — AgroManch आपके साथ है।,Scheme Bomb: बैंगन | बड़ा hook text → benefit → CTA,यह जानकारी फैलाओ — एक किसान की मदद करो,#Brinjal #Kisan #SarkariYojana #AgroManch #IndianFarmer,Motivational background score,08:00 PM
207,30-12-2026,Scheme Bomb,90% किसान PKVY जैविक का पैसा छोड़ देते हैं — आप मत छोड़ना,[0-3s] तेज़ alert visual + bold red text,[3-8s] फूलगोभी की पर्ची/लक्षण/आँकड़ा close-up,[8-16s] नुकसान का असर + किसान की चिंता,[16-25s] AgroManch solution — फूलगोभी का रास्ता,[25-30s] CTA: download / alert ON,रुको! हरियाणा के फूलगोभी किसान यह ज़रूर देखें। समय रहते कदम उठाओ — AgroManch आपके साथ है।,Scheme Bomb: फूलगोभी | बड़ा hook text → benefit → CTA,Kisan rewards पाओ — App में active रहो 🎁,#Cauliflower #Kisan #SarkariYojana #AgroManch #IndianFarmer,Punjabi dhol drop,07:30 AM
208,31-12-2026,Scheme Bomb,Agri Infrastructure Fund की last date नज़दीक — आज ही apply करो,[0-3s] तेज़ alert visual + bold red text,[3-8s] मटर की पर्ची/लक्षण/आँकड़ा close-up,[8-16s] नुकसान का असर + किसान की चिंता,[16-25s] AgroManch solution — मटर का रास्ता,[25-30s] CTA: download / alert ON,रुको! गुजरात के मटर किसान यह ज़रूर देखें। समय रहते कदम उठाओ — AgroManch आपके साथ है।,Scheme Bomb: मटर | बड़ा hook text → benefit → CTA,"ज़्यादा कमाओ — बिचौलिया हटाओ, सीधे बेचो",#Peas #Kisan #SarkariYojana #AgroManch #IndianFarmer,Soft acoustic,12:00 PM
209,01-01-2027,Jugaad Hack,अरहर में पानी बचाने का यह जुगाड़ viral हो रहा है,[0-3s] सवाल hook — 'अरहर में यह जानते हो?',[3-10s] step 1 / पुराना तरीका दिखाओ,[10-18s] step 2 / नया तरीका — demo,[18-26s] नतीजा / फायदा साफ़ दिखाओ,[26-30s] CTA: App में और जानो,अरहर में यह आसान तरीका आपका समय और पैसा दोनों बचाएगा। चलिए step by step देखते हैं।,Jugaad Hack: अरहर | बड़ा hook text → benefit → CTA,AgroManch App download करो — link bio में 👇,#Arhar #Kisan #FarmingHacks #AgroManch #IndianFarmer,Trending Bhojpuri beat,07:00 PM
210,02-01-2027,Jugaad Hack,पुरानी बोतल से मूंगफली की सिंचाई — step by step,[0-3s] सवाल hook — 'मूंगफली में यह जानते हो?',[3-10s] step 1 / पुराना तरीका दिखाओ,[10-18s] step 2 / नया तरीका — demo,[18-26s] नतीजा / फायदा साफ़ दिखाओ,[26-30s] CTA: App में और जानो,मूंगफली में यह आसान तरीका आपका समय और पैसा दोनों बचाएगा। चलिए step by step देखते हैं।,Jugaad Hack: मूंगफली | बड़ा hook text → benefit → CTA,अभी register करो — फसल बेचने का पहला कदम,#Groundnut #Kisan #FarmingHacks #AgroManch #IndianFarmer,Emotional flute + dholak,09:30 AM
211,03-01-2027,Before / After,गेहूं खेत: पहले बनाम बाद — यकीन नहीं होगा,[0-3s] सवाल hook — 'गेहूं में यह जानते हो?',[3-10s] step 1 / पुराना तरीका दिखाओ,[10-18s] step 2 / नया तरीका — demo,[18-26s] नतीजा / फायदा साफ़ दिखाओ,[26-30s] CTA: App में और जानो,गेहूं में यह आसान तरीका आपका समय और पैसा दोनों बचाएगा। चलिए step by step देखते हैं।,Before / After: गेहूं | बड़ा hook text → benefit → CTA,5 मिनट में listing — सीधे buyer तक पहुँचो,#Wheat #Kisan #Kheti #AgroManch #IndianFarmer,Upbeat desi dhun,08:30 PM
212,04-01-2027,Before / After,6 महीने में यह बदलाव — धान किसान ने कैसे किया?,[0-3s] सवाल hook — 'धान में यह जानते हो?',[3-10s] step 1 / पुराना तरीका दिखाओ,[10-18s] step 2 / नया तरीका — demo,[18-26s] नतीजा / फायदा साफ़ दिखाओ,[26-30s] CTA: App में और जानो,धान में यह आसान तरीका आपका समय और पैसा दोनों बचाएगा। चलिए step by step देखते हैं।,Before / After: धान | बड़ा hook text → benefit → CTA,बड़े खरीदार इंतज़ार में हैं — connect करो,#Paddy #Kisan #Kheti #AgroManch #IndianFarmer,Suspense build-up,05:00 PM
213,05-01-2027,Mahila Kisan,"पति बाहर, उसने मक्का से घर चलाया — कैसे?",[0-3s] किसान का चेहरा + मक्का खेत — emotional hook,[3-10s] संघर्ष — पहले की मुश्किल,[10-18s] turning point — AgroManch से जुड़ा,"[18-26s] नतीजा — मुस्कान, payment proof",[26-30s] CTA: 'आपकी कहानी भी' + link,यह कहानी हर मक्का किसान की हो सकती है। डर से उम्मीद तक — AgroManch के साथ सफर।,Mahila Kisan: मक्का | बड़ा hook text → benefit → CTA,किसान भाइयों का सबसे बड़ा WhatsApp group — आओ,#Maize #Kisan #MahilaKisan #AgroManch #IndianFarmer,Folk + modern fusion,08:00 PM
214,06-01-2027,Mahila Kisan,गाँव की महिलाओं ने सोयाबीन से बदली किस्मत,[0-3s] किसान का चेहरा + सोयाबीन खेत — emotional hook,[3-10s] संघर्ष — पहले की मुश्किल,[10-18s] turning point — AgroManch से जुड़ा,"[18-26s] नतीजा — मुस्कान, payment proof",[26-30s] CTA: 'आपकी कहानी भी' + link,यह कहानी हर सोयाबीन किसान की हो सकती है। डर से उम्मीद तक — AgroManch के साथ सफर।,Mahila Kisan: सोयाबीन | बड़ा hook text → benefit → CTA,यह जानकारी फैलाओ — एक किसान की मदद करो,#Soybean #Kisan #MahilaKisan #AgroManch #IndianFarmer,Motivational background score,07:30 AM
215,07-01-2027,Mahila Kisan,महिला किसान + AgroManch = ₹__ सालाना income,[0-3s] किसान का चेहरा + कपास खेत — emotional hook,[3-10s] संघर्ष — पहले की मुश्किल,[10-18s] turning point — AgroManch से जुड़ा,"[18-26s] नतीजा — मुस्कान, payment proof",[26-30s] CTA: 'आपकी कहानी भी' + link,यह कहानी हर कपास किसान की हो सकती है। डर से उम्मीद तक — AgroManch के साथ सफर।,Mahila Kisan: कपास | बड़ा hook text → benefit → CTA,Kisan rewards पाओ — App में active रहो 🎁,#Cotton #Kisan #MahilaKisan #AgroManch #IndianFarmer,Punjabi dhol drop,12:00 PM
216,08-01-2027,Mahila Kisan,खेती सिर्फ मर्दों का काम? यह महिला गलत साबित करती है,[0-3s] किसान का चेहरा + गन्ना खेत — emotional hook,[3-10s] संघर्ष — पहले की मुश्किल,[10-18s] turning point — AgroManch से जुड़ा,"[18-26s] नतीजा — मुस्कान, payment proof",[26-30s] CTA: 'आपकी कहानी भी' + link,यह कहानी हर गन्ना किसान की हो सकती है। डर से उम्मीद तक — AgroManch के साथ सफर।,Mahila Kisan: गन्ना | बड़ा hook text → benefit → CTA,"ज़्यादा कमाओ — बिचौलिया हटाओ, सीधे बेचो",#Sugarcane #Kisan #MahilaKisan #AgroManch #IndianFarmer,Soft acoustic,07:00 PM
217,09-01-2027,Weather Emergency,🚨 हरियाणा Alert: 72 घंटे में मौसम — टमाटर बचाओ!,[0-3s] तेज़ alert visual + bold red text,[3-8s] टमाटर की पर्ची/लक्षण/आँकड़ा close-up,[8-16s] नुकसान का असर + किसान की चिंता,[16-25s] AgroManch solution — टमाटर का रास्ता,[25-30s] CTA: download / alert ON,रुको! हरियाणा के टमाटर किसान यह ज़रूर देखें। समय रहते कदम उठाओ — AgroManch आपके साथ है।,Weather Emergency: टमाटर | बड़ा hook text → benefit → CTA,AgroManch App download करो — link bio में 👇,#Tomato #Kisan #MausamAlert #AgroManch #IndianFarmer,Trending Bhojpuri beat,09:30 AM
218,10-01-2027,Weather Emergency,बारिश से पहले प्याज में यह करना ज़रूरी है,[0-3s] तेज़ alert visual + bold red text,[3-8s] प्याज की पर्ची/लक्षण/आँकड़ा close-up,[8-16s] नुकसान का असर + किसान की चिंता,[16-25s] AgroManch solution — प्याज का रास्ता,[25-30s] CTA: download / alert ON,रुको! गुजरात के प्याज किसान यह ज़रूर देखें। समय रहते कदम उठाओ — AgroManch आपके साथ है।,Weather Emergency: प्याज | बड़ा hook text → benefit → CTA,अभी register करो — फसल बेचने का पहला कदम,#Onion #Kisan #MausamAlert #AgroManch #IndianFarmer,Emotional flute + dholak,08:30 PM
219,11-01-2027,Weather Emergency,ओलावृष्टि का खतरा — आलू किसान तुरंत यह करो,[0-3s] तेज़ alert visual + bold red text,[3-8s] आलू की पर्ची/लक्षण/आँकड़ा close-up,[8-16s] नुकसान का असर + किसान की चिंता,[16-25s] AgroManch solution — आलू का रास्ता,[25-30s] CTA: download / alert ON,रुको! कर्नाटक के आलू किसान यह ज़रूर देखें। समय रहते कदम उठाओ — AgroManch आपके साथ है।,Weather Emergency: आलू | बड़ा hook text → benefit → CTA,5 मिनट में listing — सीधे buyer तक पहुँचो,#Potato #Kisan #MausamAlert #AgroManch #IndianFarmer,Upbeat desi dhun,05:00 PM
220,12-01-2027,Weather Emergency,🚨 तूफान आ रहा है — खड़ी मिर्च कैसे बचाएँ?,[0-3s] तेज़ alert visual + bold red text,[3-8s] मिर्च की पर्ची/लक्षण/आँकड़ा close-up,[8-16s] नुकसान का असर + किसान की चिंता,[16-25s] AgroManch solution — मिर्च का रास्ता,[25-30s] CTA: download / alert ON,रुको! पश्चिम बंगाल के मिर्च किसान यह ज़रूर देखें। समय रहते कदम उठाओ — AgroManch आपके साथ है।,Weather Emergency: मिर्च | बड़ा hook text → benefit → CTA,बड़े खरीदार इंतज़ार में हैं — connect करो,#Chilli #Kisan #MausamAlert #AgroManch #IndianFarmer,Suspense build-up,08:00 PM
221,13-01-2027,Myth Buster,कृषि वैज्ञानिक बता रहे हैं — सरसों का असली सच,[0-3s] सवाल hook — 'सरसों में यह जानते हो?',[3-10s] step 1 / पुराना तरीका दिखाओ,[10-18s] step 2 / नया तरीका — demo,[18-26s] नतीजा / फायदा साफ़ दिखाओ,[26-30s] CTA: App में और जानो,सरसों में यह आसान तरीका आपका समय और पैसा दोनों बचाएगा। चलिए step by step देखते हैं।,Myth Buster: सरसों | बड़ा hook text → benefit → CTA,किसान भाइयों का सबसे बड़ा WhatsApp group — आओ,#Mustard #Kisan #Kheti #AgroManch #IndianFarmer,Folk + modern fusion,07:30 AM
222,14-01-2027,Profit Calculator,AgroManch calculator से चना का मुनाफा निकालो,[0-3s] बड़ा number + चना का खेत — hook text,[3-8s] चना की लागत दिखाओ (बीज/खाद/मेहनत),[8-18s] कमाई का breakdown — मंडी बनाम AgroManch,[18-25s] AgroManch screen — सही दाम कैसे मिला,[25-30s] CTA card + logo,"किसान भाइयों, चना से असली कमाई कितनी हो सकती है? पूरा हिसाब देखो — और जानो AgroManch पर सही दाम कैसे मिलता है।",Profit Calculator: चना | बड़ा hook text → benefit → CTA,यह जानकारी फैलाओ — एक किसान की मदद करो,#Gram #Kisan #KhetiProfit #AgroManch #IndianFarmer,Motivational background score,12:00 PM
223,15-01-2027,Profit Calculator,मूंग में 1 एकड़ = कितना मुनाफा? पूरा हिसाब,[0-3s] बड़ा number + मूंग का खेत — hook text,[3-8s] मूंग की लागत दिखाओ (बीज/खाद/मेहनत),[8-18s] कमाई का breakdown — मंडी बनाम AgroManch,[18-25s] AgroManch screen — सही दाम कैसे मिला,[25-30s] CTA card + logo,"किसान भाइयों, मूंग से असली कमाई कितनी हो सकती है? पूरा हिसाब देखो — और जानो AgroManch पर सही दाम कैसे मिलता है।",Profit Calculator: मूंग | बड़ा hook text → benefit → CTA,Kisan rewards पाओ — App में active रहो 🎁,#Moong #Kisan #KhetiProfit #AgroManch #IndianFarmer,Punjabi dhol drop,07:00 PM
224,16-01-2027,Profit Calculator,"लागत ₹__, कमाई ₹__ — बाजरा का गणित समझो",[0-3s] बड़ा number + बाजरा का खेत — hook text,[3-8s] बाजरा की लागत दिखाओ (बीज/खाद/मेहनत),[8-18s] कमाई का breakdown — मंडी बनाम AgroManch,[18-25s] AgroManch screen — सही दाम कैसे मिला,[25-30s] CTA card + logo,"किसान भाइयों, बाजरा से असली कमाई कितनी हो सकती है? पूरा हिसाब देखो — और जानो AgroManch पर सही दाम कैसे मिलता है।",Profit Calculator: बाजरा | बड़ा hook text → benefit → CTA,"ज़्यादा कमाओ — बिचौलिया हटाओ, सीधे बेचो",#Bajra #Kisan #KhetiProfit #AgroManch #IndianFarmer,Soft acoustic,09:30 AM
225,17-01-2027,Profit Calculator,ज्वार बोने से पहले यह calculation ज़रूर देखो,[0-3s] बड़ा number + ज्वार का खेत — hook text,[3-8s] ज्वार की लागत दिखाओ (बीज/खाद/मेहनत),[8-18s] कमाई का breakdown — मंडी बनाम AgroManch,[18-25s] AgroManch screen — सही दाम कैसे मिला,[25-30s] CTA card + logo,"किसान भाइयों, ज्वार से असली कमाई कितनी हो सकती है? पूरा हिसाब देखो — और जानो AgroManch पर सही दाम कैसे मिलता है।",Profit Calculator: ज्वार | बड़ा hook text → benefit → CTA,AgroManch App download करो — link bio में 👇,#Jowar #Kisan #KhetiProfit #AgroManch #IndianFarmer,Trending Bhojpuri beat,08:30 PM
226,18-01-2027,Field Interview,गाँव-गाँव घूमकर पूछा — हल्दी पर किसानों का जवाब,[0-3s] किसान का चेहरा + हल्दी खेत — emotional hook,[3-10s] संघर्ष — पहले की मुश्किल,[10-18s] turning point — AgroManch से जुड़ा,"[18-26s] नतीजा — मुस्कान, payment proof",[26-30s] CTA: 'आपकी कहानी भी' + link,यह कहानी हर हल्दी किसान की हो सकती है। डर से उम्मीद तक — AgroManch के साथ सफर।,Field Interview: हल्दी | बड़ा hook text → benefit → CTA,अभी register करो — फसल बेचने का पहला कदम,#Turmeric #Kisan #Kheti #AgroManch #IndianFarmer,Emotional flute + dholak,05:00 PM
227,19-01-2027,Field Interview,हरियाणा का यह किसान अदरक पर बेबाक बोला,[0-3s] किसान का चेहरा + अदरक खेत — emotional hook,[3-10s] संघर्ष — पहले की मुश्किल,[10-18s] turning point — AgroManch से जुड़ा,"[18-26s] नतीजा — मुस्कान, payment proof",[26-30s] CTA: 'आपकी कहानी भी' + link,यह कहानी हर अदरक किसान की हो सकती है। डर से उम्मीद तक — AgroManch के साथ सफर।,Field Interview: अदरक | बड़ा hook text → benefit → CTA,5 मिनट में listing — सीधे buyer तक पहुँचो,#Ginger #Kisan #Kheti #AgroManch #IndianFarmer,Upbeat desi dhun,08:00 PM
228,20-01-2027,Old vs New,मंडी का इंतज़ार बनाम App पर बिक्री — लहसुन देखो,[0-3s] सवाल hook — 'लहसुन में यह जानते हो?',[3-10s] step 1 / पुराना तरीका दिखाओ,[10-18s] step 2 / नया तरीका — demo,[18-26s] नतीजा / फायदा साफ़ दिखाओ,[26-30s] CTA: App में और जानो,लहसुन में यह आसान तरीका आपका समय और पैसा दोनों बचाएगा। चलिए step by step देखते हैं।,Old vs New: लहसुन | बड़ा hook text → benefit → CTA,बड़े खरीदार इंतज़ार में हैं — connect करो,#Garlic #Kisan #Kheti #AgroManch #IndianFarmer,Suspense build-up,07:30 AM
229,21-01-2027,Old vs New,केला बेचने का पुराना तरीका vs AgroManch — 5 घंटे vs 5 मिनट,[0-3s] सवाल hook — 'केला में यह जानते हो?',[3-10s] step 1 / पुराना तरीका दिखाओ,[10-18s] step 2 / नया तरीका — demo,[18-26s] नतीजा / फायदा साफ़ दिखाओ,[26-30s] CTA: App में और जानो,केला में यह आसान तरीका आपका समय और पैसा दोनों बचाएगा। चलिए step by step देखते हैं।,Old vs New: केला | बड़ा hook text → benefit → CTA,किसान भाइयों का सबसे बड़ा WhatsApp group — आओ,#Banana #Kisan #Kheti #AgroManch #IndianFarmer,Folk + modern fusion,12:00 PM
230,22-01-2027,Hidden Crop,अनार छोड़ो — यह फसल 3 गुना कमाई देती है,[0-3s] बड़ा number + अनार का खेत — hook text,[3-8s] अनार की लागत दिखाओ (बीज/खाद/मेहनत),[8-18s] कमाई का breakdown — मंडी बनाम AgroManch,[18-25s] AgroManch screen — सही दाम कैसे मिला,[25-30s] CTA card + logo,"किसान भाइयों, अनार से असली कमाई कितनी हो सकती है? पूरा हिसाब देखो — और जानो AgroManch पर सही दाम कैसे मिलता है।",Hidden Crop: अनार | बड़ा hook text → benefit → CTA,यह जानकारी फैलाओ — एक किसान की मदद करो,#Pomegranate #Kisan #ProfitableFarming #AgroManch #IndianFarmer,Motivational background score,07:00 PM
231,23-01-2027,Hidden Crop,विदेश में इस फसल की भारी मांग — आप क्यों चूक रहे?,[0-3s] बड़ा number + Dragon Fruit का खेत — hook text,[3-8s] Dragon Fruit की लागत दिखाओ (बीज/खाद/मेहनत),[8-18s] कमाई का breakdown — मंडी बनाम AgroManch,[18-25s] AgroManch screen — सही दाम कैसे मिला,[25-30s] CTA card + logo,"किसान भाइयों, Dragon Fruit से असली कमाई कितनी हो सकती है? पूरा हिसाब देखो — और जानो AgroManch पर सही दाम कैसे मिलता है।",Hidden Crop: Dragon Fruit | बड़ा hook text → benefit → CTA,Kisan rewards पाओ — App में active रहो 🎁,#DragonFruit #Kisan #ProfitableFarming #AgroManch #IndianFarmer,Punjabi dhol drop,09:30 AM
232,24-01-2027,Hidden Crop,"कम पानी, ज़्यादा दाम — यह छुपी फसल जानो",[0-3s] बड़ा number + स्ट्रॉबेरी का खेत — hook text,[3-8s] स्ट्रॉबेरी की लागत दिखाओ (बीज/खाद/मेहनत),[8-18s] कमाई का breakdown — मंडी बनाम AgroManch,[18-25s] AgroManch screen — सही दाम कैसे मिला,[25-30s] CTA card + logo,"किसान भाइयों, स्ट्रॉबेरी से असली कमाई कितनी हो सकती है? पूरा हिसाब देखो — और जानो AgroManch पर सही दाम कैसे मिलता है।",Hidden Crop: स्ट्रॉबेरी | बड़ा hook text → benefit → CTA,"ज़्यादा कमाओ — बिचौलिया हटाओ, सीधे बेचो",#Strawberry #Kisan #ProfitableFarming #AgroManch #IndianFarmer,Soft acoustic,08:30 PM
233,25-01-2027,Hidden Crop,1 एकड़ में ₹__ — यह फसल कोई नहीं बताता,[0-3s] बड़ा number + मशरूम का खेत — hook text,[3-8s] मशरूम की लागत दिखाओ (बीज/खाद/मेहनत),[8-18s] कमाई का breakdown — मंडी बनाम AgroManch,[18-25s] AgroManch screen — सही दाम कैसे मिला,[25-30s] CTA card + logo,"किसान भाइयों, मशरूम से असली कमाई कितनी हो सकती है? पूरा हिसाब देखो — और जानो AgroManch पर सही दाम कैसे मिलता है।",Hidden Crop: मशरूम | बड़ा hook text → benefit → CTA,AgroManch App download करो — link bio में 👇,#Mushroom #Kisan #ProfitableFarming #AgroManch #IndianFarmer,Trending Bhojpuri beat,05:00 PM
234,26-01-2027,Tech Tutorial,AgroManch के यह 5 features सब्ज़ी किसान ज़रूर use करें,[0-3s] सवाल hook — 'सब्ज़ी में यह जानते हो?',[3-10s] step 1 / पुराना तरीका दिखाओ,[10-18s] step 2 / नया तरीका — demo,[18-26s] नतीजा / फायदा साफ़ दिखाओ,[26-30s] CTA: App में और जानो,सब्ज़ी में यह आसान तरीका आपका समय और पैसा दोनों बचाएगा। चलिए step by step देखते हैं।,Tech Tutorial: सब्ज़ी | बड़ा hook text → benefit → CTA,अभी register करो — फसल बेचने का पहला कदम,#Vegetables #Kisan #DigitalKisan #AgroManch #IndianFarmer,Emotional flute + dholak,08:00 PM
235,27-01-2027,Tech Tutorial,AgroManch पर भिंडी list करो — 5 मिनट tutorial,[0-3s] सवाल hook — 'भिंडी में यह जानते हो?',[3-10s] step 1 / पुराना तरीका दिखाओ,[10-18s] step 2 / नया तरीका — demo,[18-26s] नतीजा / फायदा साफ़ दिखाओ,[26-30s] CTA: App में और जानो,भिंडी में यह आसान तरीका आपका समय और पैसा दोनों बचाएगा। चलिए step by step देखते हैं।,Tech Tutorial: भिंडी | बड़ा hook text → benefit → CTA,5 मिनट में listing — सीधे buyer तक पहुँचो,#Okra #Kisan #DigitalKisan #AgroManch #IndianFarmer,Upbeat desi dhun,07:30 AM
236,28-01-2027,Tech Tutorial,पहली बार App इस्तेमाल कर रहे? यह देखो — आसान है,[0-3s] सवाल hook — 'बैंगन में यह जानते हो?',[3-10s] step 1 / पुराना तरीका दिखाओ,[10-18s] step 2 / नया तरीका — demo,[18-26s] नतीजा / फायदा साफ़ दिखाओ,[26-30s] CTA: App में और जानो,बैंगन में यह आसान तरीका आपका समय और पैसा दोनों बचाएगा। चलिए step by step देखते हैं।,Tech Tutorial: बैंगन | बड़ा hook text → benefit → CTA,बड़े खरीदार इंतज़ार में हैं — connect करो,#Brinjal #Kisan #DigitalKisan #AgroManch #IndianFarmer,Suspense build-up,12:00 PM
237,29-01-2027,Tech Tutorial,फूलगोभी की photo कैसे डालें कि ज़्यादा दाम मिले,[0-3s] सवाल hook — 'फूलगोभी में यह जानते हो?',[3-10s] step 1 / पुराना तरीका दिखाओ,[10-18s] step 2 / नया तरीका — demo,[18-26s] नतीजा / फायदा साफ़ दिखाओ,[26-30s] CTA: App में और जानो,फूलगोभी में यह आसान तरीका आपका समय और पैसा दोनों बचाएगा। चलिए step by step देखते हैं।,Tech Tutorial: फूलगोभी | बड़ा hook text → benefit → CTA,किसान भाइयों का सबसे बड़ा WhatsApp group — आओ,#Cauliflower #Kisan #DigitalKisan #AgroManch #IndianFarmer,Folk + modern fusion,07:00 PM
238,30-01-2027,Award / Recognition,गाँव का गर्व — मटर में राष्ट्रीय पुरस्कार,[0-3s] किसान का चेहरा + मटर खेत — emotional hook,[3-10s] संघर्ष — पहले की मुश्किल,[10-18s] turning point — AgroManch से जुड़ा,"[18-26s] नतीजा — मुस्कान, payment proof",[26-30s] CTA: 'आपकी कहानी भी' + link,यह कहानी हर मटर किसान की हो सकती है। डर से उम्मीद तक — AgroManch के साथ सफर।,Award / Recognition: मटर | बड़ा hook text → benefit → CTA,यह जानकारी फैलाओ — एक किसान की मदद करो,#Peas #Kisan #Kheti #AgroManch #IndianFarmer,Motivational background score,09:30 AM
239,31-01-2027,Regional Language,कन्नड़ बोलने वाले किसान यह ज़रूर देखें,[0-3s] सवाल/poll hook — अरहर पर,[3-10s] context — दो राय रखो,[10-18s] options/poll graphic,[18-26s] AgroManch tie-in,[26-30s] CTA: vote + comment,अरहर पर आपकी राय सबसे ज़रूरी है। कमेंट में बताओ — हम हर किसान की सुनते हैं।,Regional Language: अरहर | बड़ा hook text → benefit → CTA,Kisan rewards पाओ — App में active रहो 🎁,#Arhar #Kisan #Bhojpuri #AgroManch #IndianFarmer,Punjabi dhol drop,08:30 PM
240,01-02-2027,Regional Language,घर जैसी भाषा में मूंगफली का गुर — बंगाली में,[0-3s] सवाल/poll hook — मूंगफली पर,[3-10s] context — दो राय रखो,[10-18s] options/poll graphic,[18-26s] AgroManch tie-in,[26-30s] CTA: vote + comment,मूंगफली पर आपकी राय सबसे ज़रूरी है। कमेंट में बताओ — हम हर किसान की सुनते हैं।,Regional Language: मूंगफली | बड़ा hook text → benefit → CTA,"ज़्यादा कमाओ — बिचौलिया हटाओ, सीधे बेचो",#Groundnut #Kisan #Bhojpuri #AgroManch #IndianFarmer,Soft acoustic,05:00 PM
241,02-02-2027,Regional Language,किसान भाई — आज भोजपुरी में गेहूं की बात,[0-3s] सवाल/poll hook — गेहूं पर,[3-10s] context — दो राय रखो,[10-18s] options/poll graphic,[18-26s] AgroManch tie-in,[26-30s] CTA: vote + comment,गेहूं पर आपकी राय सबसे ज़रूरी है। कमेंट में बताओ — हम हर किसान की सुनते हैं।,Regional Language: गेहूं | बड़ा hook text → benefit → CTA,AgroManch App download करो — link bio में 👇,#Wheat #Kisan #Bhojpuri #AgroManch #IndianFarmer,Trending Bhojpuri beat,08:00 PM
242,03-02-2027,Regional Language,पंजाबी में सुनो: AgroManch पर धान कैसे बेचें,[0-3s] सवाल/poll hook — धान पर,[3-10s] context — दो राय रखो,[10-18s] options/poll graphic,[18-26s] AgroManch tie-in,[26-30s] CTA: vote + comment,धान पर आपकी राय सबसे ज़रूरी है। कमेंट में बताओ — हम हर किसान की सुनते हैं।,Regional Language: धान | बड़ा hook text → benefit → CTA,अभी register करो — फसल बेचने का पहला कदम,#Paddy #Kisan #Bhojpuri #AgroManch #IndianFarmer,Emotional flute + dholak,07:30 AM
243,04-02-2027,Community Debate,मक्का की सबसे बड़ी दिक्कत क्या है? खुलकर लिखो,[0-3s] सवाल/poll hook — मक्का पर,[3-10s] context — दो राय रखो,[10-18s] options/poll graphic,[18-26s] AgroManch tie-in,[26-30s] CTA: vote + comment,मक्का पर आपकी राय सबसे ज़रूरी है। कमेंट में बताओ — हम हर किसान की सुनते हैं।,Community Debate: मक्का | बड़ा hook text → benefit → CTA,5 मिनट में listing — सीधे buyer तक पहुँचो,#Maize #Kisan #Kheti #AgroManch #IndianFarmer,Upbeat desi dhun,12:00 PM
244,05-02-2027,Community Debate,मंडी बनाम App — आप किसके साथ हो? Vote करो,[0-3s] सवाल/poll hook — सोयाबीन पर,[3-10s] context — दो राय रखो,[10-18s] options/poll graphic,[18-26s] AgroManch tie-in,[26-30s] CTA: vote + comment,सोयाबीन पर आपकी राय सबसे ज़रूरी है। कमेंट में बताओ — हम हर किसान की सुनते हैं।,Community Debate: सोयाबीन | बड़ा hook text → benefit → CTA,बड़े खरीदार इंतज़ार में हैं — connect करो,#Soybean #Kisan #Kheti #AgroManch #IndianFarmer,Suspense build-up,07:00 PM
245,06-02-2027,Seasonal Countdown,त्योहार से पहले कपास के दाम चढ़ेंगे — तैयार रहो,[0-3s] सवाल/poll hook — कपास पर,[3-10s] context — दो राय रखो,[10-18s] options/poll graphic,[18-26s] AgroManch tie-in,[26-30s] CTA: vote + comment,कपास पर आपकी राय सबसे ज़रूरी है। कमेंट में बताओ — हम हर किसान की सुनते हैं।,Seasonal Countdown: कपास | बड़ा hook text → benefit → CTA,किसान भाइयों का सबसे बड़ा WhatsApp group — आओ,#Cotton #Kisan #Kheti #AgroManch #IndianFarmer,Folk + modern fusion,09:30 AM
246,07-02-2027,Seasonal Countdown,देर मत करो — गन्ना की सही timing निकल रही है,[0-3s] सवाल/poll hook — गन्ना पर,[3-10s] context — दो राय रखो,[10-18s] options/poll graphic,[18-26s] AgroManch tie-in,[26-30s] CTA: vote + comment,गन्ना पर आपकी राय सबसे ज़रूरी है। कमेंट में बताओ — हम हर किसान की सुनते हैं।,Seasonal Countdown: गन्ना | बड़ा hook text → benefit → CTA,यह जानकारी फैलाओ — एक किसान की मदद करो,#Sugarcane #Kisan #Kheti #AgroManch #IndianFarmer,Motivational background score,08:30 PM
247,08-02-2027,Seasonal Countdown,टमाटर बुवाई में बस __ दिन बाकी — तैयारी शुरू!,[0-3s] सवाल/poll hook — टमाटर पर,[3-10s] context — दो राय रखो,[10-18s] options/poll graphic,[18-26s] AgroManch tie-in,[26-30s] CTA: vote + comment,टमाटर पर आपकी राय सबसे ज़रूरी है। कमेंट में बताओ — हम हर किसान की सुनते हैं।,Seasonal Countdown: टमाटर | बड़ा hook text → benefit → CTA,Kisan rewards पाओ — App में active रहो 🎁,#Tomato #Kisan #Kheti #AgroManch #IndianFarmer,Punjabi dhol drop,05:00 PM
248,09-02-2027,Seasonal Countdown,प्याज बेचने का सही समय आ रहा — भाव बढ़ेंगे,[0-3s] सवाल/poll hook — प्याज पर,[3-10s] context — दो राय रखो,[10-18s] options/poll graphic,[18-26s] AgroManch tie-in,[26-30s] CTA: vote + comment,प्याज पर आपकी राय सबसे ज़रूरी है। कमेंट में बताओ — हम हर किसान की सुनते हैं।,Seasonal Countdown: प्याज | बड़ा hook text → benefit → CTA,"ज़्यादा कमाओ — बिचौलिया हटाओ, सीधे बेचो",#Onion #Kisan #Kheti #AgroManch #IndianFarmer,Soft acoustic,08:00 PM
249,10-02-2027,Profit Reveal,आलू बेचकर इस किसान ने नई गाड़ी खरीदी — राज़ क्या है?,[0-3s] बड़ा number + आलू का खेत — hook text,[3-8s] आलू की लागत दिखाओ (बीज/खाद/मेहनत),[8-18s] कमाई का breakdown — मंडी बनाम AgroManch,[18-25s] AgroManch screen — सही दाम कैसे मिला,[25-30s] CTA card + logo,"किसान भाइयों, आलू से असली कमाई कितनी हो सकती है? पूरा हिसाब देखो — और जानो AgroManch पर सही दाम कैसे मिलता है।",Profit Reveal: आलू | बड़ा hook text → benefit → CTA,AgroManch App download करो — link bio में 👇,#Potato #Kisan #Kheti #AgroManch #IndianFarmer,Trending Bhojpuri beat,07:30 AM
250,11-02-2027,Profit Reveal,मंडी से दोगुना दाम — मिर्च में यह तरीका कोई नहीं बताता,[0-3s] बड़ा number + मिर्च का खेत — hook text,[3-8s] मिर्च की लागत दिखाओ (बीज/खाद/मेहनत),[8-18s] कमाई का breakdown — मंडी बनाम AgroManch,[18-25s] AgroManch screen — सही दाम कैसे मिला,[25-30s] CTA card + logo,"किसान भाइयों, मिर्च से असली कमाई कितनी हो सकती है? पूरा हिसाब देखो — और जानो AgroManch पर सही दाम कैसे मिलता है।",Profit Reveal: मिर्च | बड़ा hook text → benefit → CTA,अभी register करो — फसल बेचने का पहला कदम,#Chilli #Kisan #Kheti #AgroManch #IndianFarmer,Emotional flute + dholak,12:00 PM
251,12-02-2027,Profit Reveal,₹__ extra हर quintal — सरसों किसान यह गलती मत करना,[0-3s] बड़ा number + सरसों का खेत — hook text,[3-8s] सरसों की लागत दिखाओ (बीज/खाद/मेहनत),[8-18s] कमाई का breakdown — मंडी बनाम AgroManch,[18-25s] AgroManch screen — सही दाम कैसे मिला,[25-30s] CTA card + logo,"किसान भाइयों, सरसों से असली कमाई कितनी हो सकती है? पूरा हिसाब देखो — और जानो AgroManch पर सही दाम कैसे मिलता है।",Profit Reveal: सरसों | बड़ा hook text → benefit → CTA,5 मिनट में listing — सीधे buyer तक पहुँचो,#Mustard #Kisan #Kheti #AgroManch #IndianFarmer,Upbeat desi dhun,07:00 PM
252,13-02-2027,Profit Reveal,गाँव वाले हँसते थे — आज चना से सबसे ज़्यादा कमाता है,[0-3s] बड़ा number + चना का खेत — hook text,[3-8s] चना की लागत दिखाओ (बीज/खाद/मेहनत),[8-18s] कमाई का breakdown — मंडी बनाम AgroManch,[18-25s] AgroManch screen — सही दाम कैसे मिला,[25-30s] CTA card + logo,"किसान भाइयों, चना से असली कमाई कितनी हो सकती है? पूरा हिसाब देखो — और जानो AgroManch पर सही दाम कैसे मिलता है।",Profit Reveal: चना | बड़ा hook text → benefit → CTA,बड़े खरीदार इंतज़ार में हैं — connect करो,#Gram #Kisan #Kheti #AgroManch #IndianFarmer,Suspense build-up,09:30 AM
253,14-02-2027,Mandi Shock,मूंग मंडी में ₹__/kg — AgroManch पर ₹__! फर्क देखो 🔴🟢,[0-3s] तेज़ alert visual + bold red text,[3-8s] मूंग की पर्ची/लक्षण/आँकड़ा close-up,[8-16s] नुकसान का असर + किसान की चिंता,[16-25s] AgroManch solution — मूंग का रास्ता,[25-30s] CTA: download / alert ON,रुको! पंजाब के मूंग किसान यह ज़रूर देखें। समय रहते कदम उठाओ — AgroManch आपके साथ है।,Mandi Shock: मूंग | बड़ा hook text → benefit → CTA,किसान भाइयों का सबसे बड़ा WhatsApp group — आओ,#Moong #Kisan #MandiBhav #AgroManch #IndianFarmer,Folk + modern fusion,08:30 PM
254,15-02-2027,Mandi Shock,रुको! बाजरा मंडी ले जाने से पहले यह video देखो,[0-3s] तेज़ alert visual + bold red text,[3-8s] बाजरा की पर्ची/लक्षण/आँकड़ा close-up,[8-16s] नुकसान का असर + किसान की चिंता,[16-25s] AgroManch solution — बाजरा का रास्ता,[25-30s] CTA: download / alert ON,रुको! MP के बाजरा किसान यह ज़रूर देखें। समय रहते कदम उठाओ — AgroManch आपके साथ है।,Mandi Shock: बाजरा | बड़ा hook text → benefit → CTA,यह जानकारी फैलाओ — एक किसान की मदद करो,#Bajra #Kisan #MandiBhav #AgroManch #IndianFarmer,Motivational background score,05:00 PM
255,16-02-2027,Mandi Shock,मंडी में आपका ज्वार ₹__ में बिका — असली कीमत ₹__ थी,[0-3s] तेज़ alert visual + bold red text,[3-8s] ज्वार की पर्ची/लक्षण/आँकड़ा close-up,[8-16s] नुकसान का असर + किसान की चिंता,[16-25s] AgroManch solution — ज्वार का रास्ता,[25-30s] CTA: download / alert ON,रुको! महाराष्ट्र के ज्वार किसान यह ज़रूर देखें। समय रहते कदम उठाओ — AgroManch आपके साथ है।,Mandi Shock: ज्वार | बड़ा hook text → benefit → CTA,Kisan rewards पाओ — App में active रहो 🎁,#Jowar #Kisan #MandiBhav #AgroManch #IndianFarmer,Punjabi dhol drop,08:00 PM
256,17-02-2027,Mandi Shock,7 बिचौलिए आपके हल्दी का मुनाफा खा रहे हैं — proof देखो,[0-3s] तेज़ alert visual + bold red text,[3-8s] हल्दी की पर्ची/लक्षण/आँकड़ा close-up,[8-16s] नुकसान का असर + किसान की चिंता,[16-25s] AgroManch solution — हल्दी का रास्ता,[25-30s] CTA: download / alert ON,रुको! राजस्थान के हल्दी किसान यह ज़रूर देखें। समय रहते कदम उठाओ — AgroManch आपके साथ है।,Mandi Shock: हल्दी | बड़ा hook text → benefit → CTA,"ज़्यादा कमाओ — बिचौलिया हटाओ, सीधे बेचो",#Turmeric #Kisan #MandiBhav #AgroManch #IndianFarmer,Soft acoustic,07:30 AM
257,18-02-2027,Crop Emergency Alert,पड़ोसी की अदरक चौपट हो गई — आपकी कैसे बचेगी?,[0-3s] तेज़ alert visual + bold red text,[3-8s] अदरक की पर्ची/लक्षण/आँकड़ा close-up,[8-16s] नुकसान का असर + किसान की चिंता,[16-25s] AgroManch solution — अदरक का रास्ता,[25-30s] CTA: download / alert ON,रुको! हरियाणा के अदरक किसान यह ज़रूर देखें। समय रहते कदम उठाओ — AgroManch आपके साथ है।,Crop Emergency Alert: अदरक | बड़ा hook text → benefit → CTA,AgroManch App download करो — link bio में 👇,#Ginger #Kisan #FasalRog #AgroManch #IndianFarmer,Trending Bhojpuri beat,12:00 PM
258,19-02-2027,Crop Emergency Alert,लहसुन में यह दाग = खतरे की घंटी। इलाज यहाँ देखो,[0-3s] तेज़ alert visual + bold red text,[3-8s] लहसुन की पर्ची/लक्षण/आँकड़ा close-up,[8-16s] नुकसान का असर + किसान की चिंता,[16-25s] AgroManch solution — लहसुन का रास्ता,[25-30s] CTA: download / alert ON,रुको! गुजरात के लहसुन किसान यह ज़रूर देखें। समय रहते कदम उठाओ — AgroManch आपके साथ है।,Crop Emergency Alert: लहसुन | बड़ा hook text → benefit → CTA,अभी register करो — फसल बेचने का पहला कदम,#Garlic #Kisan #FasalRog #AgroManch #IndianFarmer,Emotional flute + dholak,07:00 PM
259,20-02-2027,Crop Emergency Alert,🚨 कर्नाटक में केला पर रोग फैल रहा — 72 घंटे में यह करो,[0-3s] तेज़ alert visual + bold red text,[3-8s] केला की पर्ची/लक्षण/आँकड़ा close-up,[8-16s] नुकसान का असर + किसान की चिंता,[16-25s] AgroManch solution — केला का रास्ता,[25-30s] CTA: download / alert ON,रुको! कर्नाटक के केला किसान यह ज़रूर देखें। समय रहते कदम उठाओ — AgroManch आपके साथ है।,Crop Emergency Alert: केला | बड़ा hook text → benefit → CTA,5 मिनट में listing — सीधे buyer तक पहुँचो,#Banana #Kisan #FasalRog #AgroManch #IndianFarmer,Upbeat desi dhun,09:30 AM
260,21-02-2027,Crop Emergency Alert,आपकी अनार की पत्तियाँ ऐसी हैं? तुरंत रुको और देखो,[0-3s] तेज़ alert visual + bold red text,[3-8s] अनार की पर्ची/लक्षण/आँकड़ा close-up,[8-16s] नुकसान का असर + किसान की चिंता,[16-25s] AgroManch solution — अनार का रास्ता,[25-30s] CTA: download / alert ON,रुको! पश्चिम बंगाल के अनार किसान यह ज़रूर देखें। समय रहते कदम उठाओ — AgroManch आपके साथ है।,Crop Emergency Alert: अनार | बड़ा hook text → benefit → CTA,बड़े खरीदार इंतज़ार में हैं — connect करो,#Pomegranate #Kisan #FasalRog #AgroManch #IndianFarmer,Suspense build-up,08:30 PM
261,22-02-2027,Farmer Success Story,कर्ज़ में डूबा किसान — Dragon Fruit ने ज़िंदगी बदल दी,[0-3s] किसान का चेहरा + Dragon Fruit खेत — emotional hook,[3-10s] संघर्ष — पहले की मुश्किल,[10-18s] turning point — AgroManch से जुड़ा,"[18-26s] नतीजा — मुस्कान, payment proof",[26-30s] CTA: 'आपकी कहानी भी' + link,यह कहानी हर Dragon Fruit किसान की हो सकती है। डर से उम्मीद तक — AgroManch के साथ सफर।,Farmer Success Story: Dragon Fruit | बड़ा hook text → benefit → CTA,किसान भाइयों का सबसे बड़ा WhatsApp group — आओ,#DragonFruit #Kisan #Kheti #AgroManch #IndianFarmer,Folk + modern fusion,05:00 PM
262,23-02-2027,Farmer Success Story,"मज़दूरी छोड़ी, स्ट्रॉबेरी अपनाई — आज लाखों कमाता है",[0-3s] किसान का चेहरा + स्ट्रॉबेरी खेत — emotional hook,[3-10s] संघर्ष — पहले की मुश्किल,[10-18s] turning point — AgroManch से जुड़ा,"[18-26s] नतीजा — मुस्कान, payment proof",[26-30s] CTA: 'आपकी कहानी भी' + link,यह कहानी हर स्ट्रॉबेरी किसान की हो सकती है। डर से उम्मीद तक — AgroManch के साथ सफर।,Farmer Success Story: स्ट्रॉबेरी | बड़ा hook text → benefit → CTA,यह जानकारी फैलाओ — एक किसान की मदद करो,#Strawberry #Kisan #Kheti #AgroManch #IndianFarmer,Motivational background score,08:00 PM
263,24-02-2027,Farmer Success Story,'मेरे पिता मंडी में लुटते थे — मैंने तरीका बदला',[0-3s] किसान का चेहरा + मशरूम खेत — emotional hook,[3-10s] संघर्ष — पहले की मुश्किल,[10-18s] turning point — AgroManch से जुड़ा,"[18-26s] नतीजा — मुस्कान, payment proof",[26-30s] CTA: 'आपकी कहानी भी' + link,यह कहानी हर मशरूम किसान की हो सकती है। डर से उम्मीद तक — AgroManch के साथ सफर।,Farmer Success Story: मशरूम | बड़ा hook text → benefit → CTA,Kisan rewards पाओ — App में active रहो 🎁,#Mushroom #Kisan #Kheti #AgroManch #IndianFarmer,Punjabi dhol drop,07:30 AM
264,25-02-2027,Farmer Success Story,500 किसानों ने यह किया — नतीजा देखकर चौंक जाओगे,[0-3s] किसान का चेहरा + सब्ज़ी खेत — emotional hook,[3-10s] संघर्ष — पहले की मुश्किल,[10-18s] turning point — AgroManch से जुड़ा,"[18-26s] नतीजा — मुस्कान, payment proof",[26-30s] CTA: 'आपकी कहानी भी' + link,यह कहानी हर सब्ज़ी किसान की हो सकती है। डर से उम्मीद तक — AgroManch के साथ सफर।,Farmer Success Story: सब्ज़ी | बड़ा hook text → benefit → CTA,"ज़्यादा कमाओ — बिचौलिया हटाओ, सीधे बेचो",#Vegetables #Kisan #Kheti #AgroManch #IndianFarmer,Soft acoustic,12:00 PM
265,26-02-2027,Machinery Pride,यह मशीन भिंडी की लागत आधी कर देती है 😮,[0-3s] सवाल hook — 'भिंडी में यह जानते हो?',[3-10s] step 1 / पुराना तरीका दिखाओ,[10-18s] step 2 / नया तरीका — demo,[18-26s] नतीजा / फायदा साफ़ दिखाओ,[26-30s] CTA: App में और जानो,भिंडी में यह आसान तरीका आपका समय और पैसा दोनों बचाएगा। चलिए step by step देखते हैं।,Machinery Pride: भिंडी | बड़ा hook text → benefit → CTA,AgroManch App download करो — link bio में 👇,#Okra #Kisan #Kheti #AgroManch #IndianFarmer,Trending Bhojpuri beat,07:00 PM
266,27-02-2027,Machinery Pride,₹__ की यह मशीन 10 मज़दूरों का काम करती है,[0-3s] सवाल hook — 'बैंगन में यह जानते हो?',[3-10s] step 1 / पुराना तरीका दिखाओ,[10-18s] step 2 / नया तरीका — demo,[18-26s] नतीजा / फायदा साफ़ दिखाओ,[26-30s] CTA: App में और जानो,बैंगन में यह आसान तरीका आपका समय और पैसा दोनों बचाएगा। चलिए step by step देखते हैं।,Machinery Pride: बैंगन | बड़ा hook text → benefit → CTA,अभी register करो — फसल बेचने का पहला कदम,#Brinjal #Kisan #Kheti #AgroManch #IndianFarmer,Emotional flute + dholak,09:30 AM
267,28-02-2027,Scheme Bomb,90% किसान PKVY जैविक का पैसा छोड़ देते हैं — आप मत छोड़ना,[0-3s] तेज़ alert visual + bold red text,[3-8s] फूलगोभी की पर्ची/लक्षण/आँकड़ा close-up,[8-16s] नुकसान का असर + किसान की चिंता,[16-25s] AgroManch solution — फूलगोभी का रास्ता,[25-30s] CTA: download / alert ON,रुको! हरियाणा के फूलगोभी किसान यह ज़रूर देखें। समय रहते कदम उठाओ — AgroManch आपके साथ है।,Scheme Bomb: फूलगोभी | बड़ा hook text → benefit → CTA,5 मिनट में listing — सीधे buyer तक पहुँचो,#Cauliflower #Kisan #SarkariYojana #AgroManch #IndianFarmer,Upbeat desi dhun,08:30 PM
268,01-03-2027,Scheme Bomb,Agri Infrastructure Fund की last date नज़दीक — आज ही apply करो,[0-3s] तेज़ alert visual + bold red text,[3-8s] मटर की पर्ची/लक्षण/आँकड़ा close-up,[8-16s] नुकसान का असर + किसान की चिंता,[16-25s] AgroManch solution — मटर का रास्ता,[25-30s] CTA: download / alert ON,रुको! गुजरात के मटर किसान यह ज़रूर देखें। समय रहते कदम उठाओ — AgroManch आपके साथ है।,Scheme Bomb: मटर | बड़ा hook text → benefit → CTA,बड़े खरीदार इंतज़ार में हैं — connect करो,#Peas #Kisan #SarkariYojana #AgroManch #IndianFarmer,Suspense build-up,05:00 PM
269,02-03-2027,Scheme Bomb,यह document नहीं है तो NABARD योजना का पैसा रुक जाएगा,[0-3s] तेज़ alert visual + bold red text,[3-8s] अरहर की पर्ची/लक्षण/आँकड़ा close-up,[8-16s] नुकसान का असर + किसान की चिंता,[16-25s] AgroManch solution — अरहर का रास्ता,[25-30s] CTA: download / alert ON,रुको! कर्नाटक के अरहर किसान यह ज़रूर देखें। समय रहते कदम उठाओ — AgroManch आपके साथ है।,Scheme Bomb: अरहर | बड़ा hook text → benefit → CTA,किसान भाइयों का सबसे बड़ा WhatsApp group — आओ,#Arhar #Kisan #SarkariYojana #AgroManch #IndianFarmer,Folk + modern fusion,08:00 PM
270,03-03-2027,Scheme Bomb,Kisan Drone Subsidy + मूंगफली = डबल फायदा। पूरी जानकारी यहाँ,[0-3s] तेज़ alert visual + bold red text,[3-8s] मूंगफली की पर्ची/लक्षण/आँकड़ा close-up,[8-16s] नुकसान का असर + किसान की चिंता,[16-25s] AgroManch solution — मूंगफली का रास्ता,[25-30s] CTA: download / alert ON,रुको! पश्चिम बंगाल के मूंगफली किसान यह ज़रूर देखें। समय रहते कदम उठाओ — AgroManch आपके साथ है।,Scheme Bomb: मूंगफली | बड़ा hook text → benefit → CTA,यह जानकारी फैलाओ — एक किसान की मदद करो,#Groundnut #Kisan #SarkariYojana #AgroManch #IndianFarmer,Motivational background score,07:30 AM
271,04-03-2027,Jugaad Hack,₹__ में गेहूं का जुगाड़ — 90% किसान नहीं जानते,[0-3s] सवाल hook — 'गेहूं में यह जानते हो?',[3-10s] step 1 / पुराना तरीका दिखाओ,[10-18s] step 2 / नया तरीका — demo,[18-26s] नतीजा / फायदा साफ़ दिखाओ,[26-30s] CTA: App में और जानो,गेहूं में यह आसान तरीका आपका समय और पैसा दोनों बचाएगा। चलिए step by step देखते हैं।,Jugaad Hack: गेहूं | बड़ा hook text → benefit → CTA,Kisan rewards पाओ — App में active रहो 🎁,#Wheat #Kisan #FarmingHacks #AgroManch #IndianFarmer,Punjabi dhol drop,12:00 PM
272,05-03-2027,Jugaad Hack,बिना खर्च धान की पैदावार दोगुनी — यह trick देखो,[0-3s] सवाल hook — 'धान में यह जानते हो?',[3-10s] step 1 / पुराना तरीका दिखाओ,[10-18s] step 2 / नया तरीका — demo,[18-26s] नतीजा / फायदा साफ़ दिखाओ,[26-30s] CTA: App में और जानो,धान में यह आसान तरीका आपका समय और पैसा दोनों बचाएगा। चलिए step by step देखते हैं।,Jugaad Hack: धान | बड़ा hook text → benefit → CTA,"ज़्यादा कमाओ — बिचौलिया हटाओ, सीधे बेचो",#Paddy #Kisan #FarmingHacks #AgroManch #IndianFarmer,Soft acoustic,07:00 PM
273,06-03-2027,Before / After,बंजर ज़मीन से हरी-भरी मक्का — पूरी कहानी,[0-3s] सवाल hook — 'मक्का में यह जानते हो?',[3-10s] step 1 / पुराना तरीका दिखाओ,[10-18s] step 2 / नया तरीका — demo,[18-26s] नतीजा / फायदा साफ़ दिखाओ,[26-30s] CTA: App में और जानो,मक्का में यह आसान तरीका आपका समय और पैसा दोनों बचाएगा। चलिए step by step देखते हैं।,Before / After: मक्का | बड़ा hook text → benefit → CTA,AgroManch App download करो — link bio में 👇,#Maize #Kisan #Kheti #AgroManch #IndianFarmer,Trending Bhojpuri beat,09:30 AM
274,07-03-2027,Before / After,मंडी बनाम AgroManch — सोयाबीन किसान का before/after,[0-3s] सवाल hook — 'सोयाबीन में यह जानते हो?',[3-10s] step 1 / पुराना तरीका दिखाओ,[10-18s] step 2 / नया तरीका — demo,[18-26s] नतीजा / फायदा साफ़ दिखाओ,[26-30s] CTA: App में और जानो,सोयाबीन में यह आसान तरीका आपका समय और पैसा दोनों बचाएगा। चलिए step by step देखते हैं।,Before / After: सोयाबीन | बड़ा hook text → benefit → CTA,अभी register करो — फसल बेचने का पहला कदम,#Soybean #Kisan #Kheti #AgroManch #IndianFarmer,Emotional flute + dholak,08:30 PM
275,08-03-2027,Mahila Kisan,महिला किसान + AgroManch = ₹__ सालाना income,[0-3s] किसान का चेहरा + कपास खेत — emotional hook,[3-10s] संघर्ष — पहले की मुश्किल,[10-18s] turning point — AgroManch से जुड़ा,"[18-26s] नतीजा — मुस्कान, payment proof",[26-30s] CTA: 'आपकी कहानी भी' + link,यह कहानी हर कपास किसान की हो सकती है। डर से उम्मीद तक — AgroManch के साथ सफर।,Mahila Kisan: कपास | बड़ा hook text → benefit → CTA,5 मिनट में listing — सीधे buyer तक पहुँचो,#Cotton #Kisan #MahilaKisan #AgroManch #IndianFarmer,Upbeat desi dhun,05:00 PM
276,09-03-2027,Mahila Kisan,खेती सिर्फ मर्दों का काम? यह महिला गलत साबित करती है,[0-3s] किसान का चेहरा + गन्ना खेत — emotional hook,[3-10s] संघर्ष — पहले की मुश्किल,[10-18s] turning point — AgroManch से जुड़ा,"[18-26s] नतीजा — मुस्कान, payment proof",[26-30s] CTA: 'आपकी कहानी भी' + link,यह कहानी हर गन्ना किसान की हो सकती है। डर से उम्मीद तक — AgroManch के साथ सफर।,Mahila Kisan: गन्ना | बड़ा hook text → benefit → CTA,बड़े खरीदार इंतज़ार में हैं — connect करो,#Sugarcane #Kisan #MahilaKisan #AgroManch #IndianFarmer,Suspense build-up,08:00 PM
277,10-03-2027,Mahila Kisan,'अकेले 3 एकड़ टमाटर संभाला' — रेखा देवी की कहानी,[0-3s] किसान का चेहरा + टमाटर खेत — emotional hook,[3-10s] संघर्ष — पहले की मुश्किल,[10-18s] turning point — AgroManch से जुड़ा,"[18-26s] नतीजा — मुस्कान, payment proof",[26-30s] CTA: 'आपकी कहानी भी' + link,यह कहानी हर टमाटर किसान की हो सकती है। डर से उम्मीद तक — AgroManch के साथ सफर।,Mahila Kisan: टमाटर | बड़ा hook text → benefit → CTA,किसान भाइयों का सबसे बड़ा WhatsApp group — आओ,#Tomato #Kisan #MahilaKisan #AgroManch #IndianFarmer,Folk + modern fusion,07:30 AM
278,11-03-2027,Mahila Kisan,घूँघट से ट्रैक्टर तक — इस महिला किसान को सलाम,[0-3s] किसान का चेहरा + प्याज खेत — emotional hook,[3-10s] संघर्ष — पहले की मुश्किल,[10-18s] turning point — AgroManch से जुड़ा,"[18-26s] नतीजा — मुस्कान, payment proof",[26-30s] CTA: 'आपकी कहानी भी' + link,यह कहानी हर प्याज किसान की हो सकती है। डर से उम्मीद तक — AgroManch के साथ सफर।,Mahila Kisan: प्याज | बड़ा hook text → benefit → CTA,यह जानकारी फैलाओ — एक किसान की मदद करो,#Onion #Kisan #MahilaKisan #AgroManch #IndianFarmer,Motivational background score,12:00 PM
279,12-03-2027,Weather Emergency,ओलावृष्टि का खतरा — आलू किसान तुरंत यह करो,[0-3s] तेज़ alert visual + bold red text,[3-8s] आलू की पर्ची/लक्षण/आँकड़ा close-up,[8-16s] नुकसान का असर + किसान की चिंता,[16-25s] AgroManch solution — आलू का रास्ता,[25-30s] CTA: download / alert ON,रुको! कर्नाटक के आलू किसान यह ज़रूर देखें। समय रहते कदम उठाओ — AgroManch आपके साथ है।,Weather Emergency: आलू | बड़ा hook text → benefit → CTA,Kisan rewards पाओ — App में active रहो 🎁,#Potato #Kisan #MausamAlert #AgroManch #IndianFarmer,Punjabi dhol drop,07:00 PM
280,13-03-2027,Weather Emergency,🚨 तूफान आ रहा है — खड़ी मिर्च कैसे बचाएँ?,[0-3s] तेज़ alert visual + bold red text,[3-8s] मिर्च की पर्ची/लक्षण/आँकड़ा close-up,[8-16s] नुकसान का असर + किसान की चिंता,[16-25s] AgroManch solution — मिर्च का रास्ता,[25-30s] CTA: download / alert ON,रुको! पश्चिम बंगाल के मिर्च किसान यह ज़रूर देखें। समय रहते कदम उठाओ — AgroManch आपके साथ है।,Weather Emergency: मिर्च | बड़ा hook text → benefit → CTA,"ज़्यादा कमाओ — बिचौलिया हटाओ, सीधे बेचो",#Chilli #Kisan #MausamAlert #AgroManch #IndianFarmer,Soft acoustic,09:30 AM
281,14-03-2027,Weather Emergency,मौसम बदलते ही सरसों पर यह असर — तैयार रहो,[0-3s] तेज़ alert visual + bold red text,[3-8s] सरसों की पर्ची/लक्षण/आँकड़ा close-up,[8-16s] नुकसान का असर + किसान की चिंता,[16-25s] AgroManch solution — सरसों का रास्ता,[25-30s] CTA: download / alert ON,रुको! UP के सरसों किसान यह ज़रूर देखें। समय रहते कदम उठाओ — AgroManch आपके साथ है।,Weather Emergency: सरसों | बड़ा hook text → benefit → CTA,AgroManch App download करो — link bio में 👇,#Mustard #Kisan #MausamAlert #AgroManch #IndianFarmer,Trending Bhojpuri beat,08:30 PM
282,15-03-2027,Weather Emergency,IMD alert: बिहार के चना किसान सावधान,[0-3s] तेज़ alert visual + bold red text,[3-8s] चना की पर्ची/लक्षण/आँकड़ा close-up,[8-16s] नुकसान का असर + किसान की चिंता,[16-25s] AgroManch solution — चना का रास्ता,[25-30s] CTA: download / alert ON,रुको! बिहार के चना किसान यह ज़रूर देखें। समय रहते कदम उठाओ — AgroManch आपके साथ है।,Weather Emergency: चना | बड़ा hook text → benefit → CTA,अभी register करो — फसल बेचने का पहला कदम,#Gram #Kisan #MausamAlert #AgroManch #IndianFarmer,Emotional flute + dholak,05:00 PM
283,16-03-2027,Myth Buster,मूंग के बारे में यह बात झूठ है — सच जानो,[0-3s] सवाल hook — 'मूंग में यह जानते हो?',[3-10s] step 1 / पुराना तरीका दिखाओ,[10-18s] step 2 / नया तरीका — demo,[18-26s] नतीजा / फायदा साफ़ दिखाओ,[26-30s] CTA: App में और जानो,मूंग में यह आसान तरीका आपका समय और पैसा दोनों बचाएगा। चलिए step by step देखते हैं।,Myth Buster: मूंग | बड़ा hook text → benefit → CTA,5 मिनट में listing — सीधे buyer तक पहुँचो,#Moong #Kisan #Kheti #AgroManch #IndianFarmer,Upbeat desi dhun,08:00 PM
284,17-03-2027,Profit Calculator,"लागत ₹__, कमाई ₹__ — बाजरा का गणित समझो",[0-3s] बड़ा number + बाजरा का खेत — hook text,[3-8s] बाजरा की लागत दिखाओ (बीज/खाद/मेहनत),[8-18s] कमाई का breakdown — मंडी बनाम AgroManch,[18-25s] AgroManch screen — सही दाम कैसे मिला,[25-30s] CTA card + logo,"किसान भाइयों, बाजरा से असली कमाई कितनी हो सकती है? पूरा हिसाब देखो — और जानो AgroManch पर सही दाम कैसे मिलता है।",Profit Calculator: बाजरा | बड़ा hook text → benefit → CTA,बड़े खरीदार इंतज़ार में हैं — connect करो,#Bajra #Kisan #KhetiProfit #AgroManch #IndianFarmer,Suspense build-up,07:30 AM
285,18-03-2027,Profit Calculator,ज्वार बोने से पहले यह calculation ज़रूर देखो,[0-3s] बड़ा number + ज्वार का खेत — hook text,[3-8s] ज्वार की लागत दिखाओ (बीज/खाद/मेहनत),[8-18s] कमाई का breakdown — मंडी बनाम AgroManch,[18-25s] AgroManch screen — सही दाम कैसे मिला,[25-30s] CTA card + logo,"किसान भाइयों, ज्वार से असली कमाई कितनी हो सकती है? पूरा हिसाब देखो — और जानो AgroManch पर सही दाम कैसे मिलता है।",Profit Calculator: ज्वार | बड़ा hook text → benefit → CTA,किसान भाइयों का सबसे बड़ा WhatsApp group — आओ,#Jowar #Kisan #KhetiProfit #AgroManch #IndianFarmer,Folk + modern fusion,12:00 PM
286,19-03-2027,Profit Calculator,कौन सी फसल ज़्यादा देगी? हल्दी बनाम बाकी,[0-3s] बड़ा number + हल्दी का खेत — hook text,[3-8s] हल्दी की लागत दिखाओ (बीज/खाद/मेहनत),[8-18s] कमाई का breakdown — मंडी बनाम AgroManch,[18-25s] AgroManch screen — सही दाम कैसे मिला,[25-30s] CTA card + logo,"किसान भाइयों, हल्दी से असली कमाई कितनी हो सकती है? पूरा हिसाब देखो — और जानो AgroManch पर सही दाम कैसे मिलता है।",Profit Calculator: हल्दी | बड़ा hook text → benefit → CTA,यह जानकारी फैलाओ — एक किसान की मदद करो,#Turmeric #Kisan #KhetiProfit #AgroManch #IndianFarmer,Motivational background score,07:00 PM
287,20-03-2027,Profit Calculator,"₹__ लगाओ, ₹__ कमाओ — अदरक का सच्चा हिसाब",[0-3s] बड़ा number + अदरक का खेत — hook text,[3-8s] अदरक की लागत दिखाओ (बीज/खाद/मेहनत),[8-18s] कमाई का breakdown — मंडी बनाम AgroManch,[18-25s] AgroManch screen — सही दाम कैसे मिला,[25-30s] CTA card + logo,"किसान भाइयों, अदरक से असली कमाई कितनी हो सकती है? पूरा हिसाब देखो — और जानो AgroManch पर सही दाम कैसे मिलता है।",Profit Calculator: अदरक | बड़ा hook text → benefit → CTA,Kisan rewards पाओ — App में active रहो 🎁,#Ginger #Kisan #KhetiProfit #AgroManch #IndianFarmer,Punjabi dhol drop,09:30 AM
288,21-03-2027,Field Interview,कैमरे के सामने किसान ने खोले लहसुन के राज़,[0-3s] किसान का चेहरा + लहसुन खेत — emotional hook,[3-10s] संघर्ष — पहले की मुश्किल,[10-18s] turning point — AgroManch से जुड़ा,"[18-26s] नतीजा — मुस्कान, payment proof",[26-30s] CTA: 'आपकी कहानी भी' + link,यह कहानी हर लहसुन किसान की हो सकती है। डर से उम्मीद तक — AgroManch के साथ सफर।,Field Interview: लहसुन | बड़ा hook text → benefit → CTA,"ज़्यादा कमाओ — बिचौलिया हटाओ, सीधे बेचो",#Garlic #Kisan #Kheti #AgroManch #IndianFarmer,Soft acoustic,08:30 PM
289,22-03-2027,Field Interview,खेत से सीधे: कर्नाटक के किसान क्या कह रहे हैं?,[0-3s] किसान का चेहरा + केला खेत — emotional hook,[3-10s] संघर्ष — पहले की मुश्किल,[10-18s] turning point — AgroManch से जुड़ा,"[18-26s] नतीजा — मुस्कान, payment proof",[26-30s] CTA: 'आपकी कहानी भी' + link,यह कहानी हर केला किसान की हो सकती है। डर से उम्मीद तक — AgroManch के साथ सफर।,Field Interview: केला | बड़ा hook text → benefit → CTA,AgroManch App download करो — link bio में 👇,#Banana #Kisan #Kheti #AgroManch #IndianFarmer,Trending Bhojpuri beat,05:00 PM
290,23-03-2027,Old vs New,बैलगाड़ी से ड्रोन तक — अनार खेती कितनी बदली,[0-3s] सवाल hook — 'अनार में यह जानते हो?',[3-10s] step 1 / पुराना तरीका दिखाओ,[10-18s] step 2 / नया तरीका — demo,[18-26s] नतीजा / फायदा साफ़ दिखाओ,[26-30s] CTA: App में और जानो,अनार में यह आसान तरीका आपका समय और पैसा दोनों बचाएगा। चलिए step by step देखते हैं।,Old vs New: अनार | बड़ा hook text → benefit → CTA,अभी register करो — फसल बेचने का पहला कदम,#Pomegranate #Kisan #Kheti #AgroManch #IndianFarmer,Emotional flute + dholak,08:00 PM
291,24-03-2027,Old vs New,पिताजी का तरीका बनाम नया तरीका — Dragon Fruit में फर्क,[0-3s] सवाल hook — 'Dragon Fruit में यह जानते हो?',[3-10s] step 1 / पुराना तरीका दिखाओ,[10-18s] step 2 / नया तरीका — demo,[18-26s] नतीजा / फायदा साफ़ दिखाओ,[26-30s] CTA: App में और जानो,Dragon Fruit में यह आसान तरीका आपका समय और पैसा दोनों बचाएगा। चलिए step by step देखते हैं।,Old vs New: Dragon Fruit | बड़ा hook text → benefit → CTA,5 मिनट में listing — सीधे buyer तक पहुँचो,#DragonFruit #Kisan #Kheti #AgroManch #IndianFarmer,Upbeat desi dhun,07:30 AM
292,25-03-2027,Hidden Crop,"कम पानी, ज़्यादा दाम — यह छुपी फसल जानो",[0-3s] बड़ा number + स्ट्रॉबेरी का खेत — hook text,[3-8s] स्ट्रॉबेरी की लागत दिखाओ (बीज/खाद/मेहनत),[8-18s] कमाई का breakdown — मंडी बनाम AgroManch,[18-25s] AgroManch screen — सही दाम कैसे मिला,[25-30s] CTA card + logo,"किसान भाइयों, स्ट्रॉबेरी से असली कमाई कितनी हो सकती है? पूरा हिसाब देखो — और जानो AgroManch पर सही दाम कैसे मिलता है।",Hidden Crop: स्ट्रॉबेरी | बड़ा hook text → benefit → CTA,बड़े खरीदार इंतज़ार में हैं — connect करो,#Strawberry #Kisan #ProfitableFarming #AgroManch #IndianFarmer,Suspense build-up,12:00 PM
293,26-03-2027,Hidden Crop,1 एकड़ में ₹__ — यह फसल कोई नहीं बताता,[0-3s] बड़ा number + मशरूम का खेत — hook text,[3-8s] मशरूम की लागत दिखाओ (बीज/खाद/मेहनत),[8-18s] कमाई का breakdown — मंडी बनाम AgroManch,[18-25s] AgroManch screen — सही दाम कैसे मिला,[25-30s] CTA card + logo,"किसान भाइयों, मशरूम से असली कमाई कितनी हो सकती है? पूरा हिसाब देखो — और जानो AgroManch पर सही दाम कैसे मिलता है।",Hidden Crop: मशरूम | बड़ा hook text → benefit → CTA,किसान भाइयों का सबसे बड़ा WhatsApp group — आओ,#Mushroom #Kisan #ProfitableFarming #AgroManch #IndianFarmer,Folk + modern fusion,07:00 PM
294,27-03-2027,Hidden Crop,AgroManch पर इस फसल के __ buyers इंतज़ार में हैं,[0-3s] बड़ा number + सब्ज़ी का खेत — hook text,[3-8s] सब्ज़ी की लागत दिखाओ (बीज/खाद/मेहनत),[8-18s] कमाई का breakdown — मंडी बनाम AgroManch,[18-25s] AgroManch screen — सही दाम कैसे मिला,[25-30s] CTA card + logo,"किसान भाइयों, सब्ज़ी से असली कमाई कितनी हो सकती है? पूरा हिसाब देखो — और जानो AgroManch पर सही दाम कैसे मिलता है।",Hidden Crop: सब्ज़ी | बड़ा hook text → benefit → CTA,यह जानकारी फैलाओ — एक किसान की मदद करो,#Vegetables #Kisan #ProfitableFarming #AgroManch #IndianFarmer,Motivational background score,09:30 AM
295,28-03-2027,Hidden Crop,यह फसल ₹__/kg बिकती है — कोई महाराष्ट्र में नहीं उगाता क्यों?,[0-3s] बड़ा number + भिंडी का खेत — hook text,[3-8s] भिंडी की लागत दिखाओ (बीज/खाद/मेहनत),[8-18s] कमाई का breakdown — मंडी बनाम AgroManch,[18-25s] AgroManch screen — सही दाम कैसे मिला,[25-30s] CTA card + logo,"किसान भाइयों, भिंडी से असली कमाई कितनी हो सकती है? पूरा हिसाब देखो — और जानो AgroManch पर सही दाम कैसे मिलता है।",Hidden Crop: भिंडी | बड़ा hook text → benefit → CTA,Kisan rewards पाओ — App में active रहो 🎁,#Okra #Kisan #ProfitableFarming #AgroManch #IndianFarmer,Punjabi dhol drop,08:30 PM
296,29-03-2027,Tech Tutorial,पहली बार App इस्तेमाल कर रहे? यह देखो — आसान है,[0-3s] सवाल hook — 'बैंगन में यह जानते हो?',[3-10s] step 1 / पुराना तरीका दिखाओ,[10-18s] step 2 / नया तरीका — demo,[18-26s] नतीजा / फायदा साफ़ दिखाओ,[26-30s] CTA: App में और जानो,बैंगन में यह आसान तरीका आपका समय और पैसा दोनों बचाएगा। चलिए step by step देखते हैं।,Tech Tutorial: बैंगन | बड़ा hook text → benefit → CTA,"ज़्यादा कमाओ — बिचौलिया हटाओ, सीधे बेचो",#Brinjal #Kisan #DigitalKisan #AgroManch #IndianFarmer,Soft acoustic,05:00 PM
297,30-03-2027,Tech Tutorial,फूलगोभी की photo कैसे डालें कि ज़्यादा दाम मिले,[0-3s] सवाल hook — 'फूलगोभी में यह जानते हो?',[3-10s] step 1 / पुराना तरीका दिखाओ,[10-18s] step 2 / नया तरीका — demo,[18-26s] नतीजा / फायदा साफ़ दिखाओ,[26-30s] CTA: App में और जानो,फूलगोभी में यह आसान तरीका आपका समय और पैसा दोनों बचाएगा। चलिए step by step देखते हैं।,Tech Tutorial: फूलगोभी | बड़ा hook text → benefit → CTA,AgroManch App download करो — link bio में 👇,#Cauliflower #Kisan #DigitalKisan #AgroManch #IndianFarmer,Trending Bhojpuri beat,08:00 PM
298,31-03-2027,Tech Tutorial,App पर payment कैसे आता है? step by step Hindi में,[0-3s] सवाल hook — 'मटर में यह जानते हो?',[3-10s] step 1 / पुराना तरीका दिखाओ,[10-18s] step 2 / नया तरीका — demo,[18-26s] नतीजा / फायदा साफ़ दिखाओ,[26-30s] CTA: App में और जानो,मटर में यह आसान तरीका आपका समय और पैसा दोनों बचाएगा। चलिए step by step देखते हैं।,Tech Tutorial: मटर | बड़ा hook text → benefit → CTA,अभी register करो — फसल बेचने का पहला कदम,#Peas #Kisan #DigitalKisan #AgroManch #IndianFarmer,Emotional flute + dholak,07:30 AM
299,01-04-2027,Tech Tutorial,5 मिनट में अरहर बेचना सीखो — बिना confusion,[0-3s] सवाल hook — 'अरहर में यह जानते हो?',[3-10s] step 1 / पुराना तरीका दिखाओ,[10-18s] step 2 / नया तरीका — demo,[18-26s] नतीजा / फायदा साफ़ दिखाओ,[26-30s] CTA: App में और जानो,अरहर में यह आसान तरीका आपका समय और पैसा दोनों बचाएगा। चलिए step by step देखते हैं।,Tech Tutorial: अरहर | बड़ा hook text → benefit → CTA,5 मिनट में listing — सीधे buyer तक पहुँचो,#Arhar #Kisan #DigitalKisan #AgroManch #IndianFarmer,Upbeat desi dhun,12:00 PM
300,02-04-2027,Award / Recognition,मेहनत रंग लाई — पश्चिम बंगाल के किसान की जीत 🏆,[0-3s] किसान का चेहरा + मूंगफली खेत — emotional hook,[3-10s] संघर्ष — पहले की मुश्किल,[10-18s] turning point — AgroManch से जुड़ा,"[18-26s] नतीजा — मुस्कान, payment proof",[26-30s] CTA: 'आपकी कहानी भी' + link,यह कहानी हर मूंगफली किसान की हो सकती है। डर से उम्मीद तक — AgroManch के साथ सफर।,Award / Recognition: मूंगफली | बड़ा hook text → benefit → CTA,बड़े खरीदार इंतज़ार में हैं — connect करो,#Groundnut #Kisan #Kheti #AgroManch #IndianFarmer,Suspense build-up,07:00 PM
301,03-04-2027,Regional Language,किसान भाई — आज भोजपुरी में गेहूं की बात,[0-3s] सवाल/poll hook — गेहूं पर,[3-10s] context — दो राय रखो,[10-18s] options/poll graphic,[18-26s] AgroManch tie-in,[26-30s] CTA: vote + comment,गेहूं पर आपकी राय सबसे ज़रूरी है। कमेंट में बताओ — हम हर किसान की सुनते हैं।,Regional Language: गेहूं | बड़ा hook text → benefit → CTA,किसान भाइयों का सबसे बड़ा WhatsApp group — आओ,#Wheat #Kisan #Bhojpuri #AgroManch #IndianFarmer,Folk + modern fusion,09:30 AM
302,04-04-2027,Regional Language,पंजाबी में सुनो: AgroManch पर धान कैसे बेचें,[0-3s] सवाल/poll hook — धान पर,[3-10s] context — दो राय रखो,[10-18s] options/poll graphic,[18-26s] AgroManch tie-in,[26-30s] CTA: vote + comment,धान पर आपकी राय सबसे ज़रूरी है। कमेंट में बताओ — हम हर किसान की सुनते हैं।,Regional Language: धान | बड़ा hook text → benefit → CTA,यह जानकारी फैलाओ — एक किसान की मदद करो,#Paddy #Kisan #Bhojpuri #AgroManch #IndianFarmer,Motivational background score,08:30 PM
303,05-04-2027,Regional Language,अपनी भाषा में खेती की पूरी जानकारी — मराठी,[0-3s] सवाल/poll hook — मक्का पर,[3-10s] context — दो राय रखो,[10-18s] options/poll graphic,[18-26s] AgroManch tie-in,[26-30s] CTA: vote + comment,मक्का पर आपकी राय सबसे ज़रूरी है। कमेंट में बताओ — हम हर किसान की सुनते हैं।,Regional Language: मक्का | बड़ा hook text → benefit → CTA,Kisan rewards पाओ — App में active रहो 🎁,#Maize #Kisan #Bhojpuri #AgroManch #IndianFarmer,Punjabi dhol drop,05:00 PM
304,06-04-2027,Regional Language,MP के किसानों के लिए हरियाणवी में खास video,[0-3s] सवाल/poll hook — सोयाबीन पर,[3-10s] context — दो राय रखो,[10-18s] options/poll graphic,[18-26s] AgroManch tie-in,[26-30s] CTA: vote + comment,सोयाबीन पर आपकी राय सबसे ज़रूरी है। कमेंट में बताओ — हम हर किसान की सुनते हैं।,Regional Language: सोयाबीन | बड़ा hook text → benefit → CTA,"ज़्यादा कमाओ — बिचौलिया हटाओ, सीधे बेचो",#Soybean #Kisan #Bhojpuri #AgroManch #IndianFarmer,Soft acoustic,08:00 PM
305,07-04-2027,Community Debate,किसान की सबसे बड़ी समस्या? आपकी आवाज़ चाहिए,[0-3s] सवाल/poll hook — कपास पर,[3-10s] context — दो राय रखो,[10-18s] options/poll graphic,[18-26s] AgroManch tie-in,[26-30s] CTA: vote + comment,कपास पर आपकी राय सबसे ज़रूरी है। कमेंट में बताओ — हम हर किसान की सुनते हैं।,Community Debate: कपास | बड़ा hook text → benefit → CTA,AgroManch App download करो — link bio में 👇,#Cotton #Kisan #Kheti #AgroManch #IndianFarmer,Trending Bhojpuri beat,07:30 AM
306,08-04-2027,Community Debate,गन्ना पर आपका अनुभव — हर comment पढ़ते हैं,[0-3s] सवाल/poll hook — गन्ना पर,[3-10s] context — दो राय रखो,[10-18s] options/poll graphic,[18-26s] AgroManch tie-in,[26-30s] CTA: vote + comment,गन्ना पर आपकी राय सबसे ज़रूरी है। कमेंट में बताओ — हम हर किसान की सुनते हैं।,Community Debate: गन्ना | बड़ा hook text → benefit → CTA,अभी register करो — फसल बेचने का पहला कदम,#Sugarcane #Kisan #Kheti #AgroManch #IndianFarmer,Emotional flute + dholak,12:00 PM
307,09-04-2027,Seasonal Countdown,टमाटर बुवाई में बस __ दिन बाकी — तैयारी शुरू!,[0-3s] सवाल/poll hook — टमाटर पर,[3-10s] context — दो राय रखो,[10-18s] options/poll graphic,[18-26s] AgroManch tie-in,[26-30s] CTA: vote + comment,टमाटर पर आपकी राय सबसे ज़रूरी है। कमेंट में बताओ — हम हर किसान की सुनते हैं।,Seasonal Countdown: टमाटर | बड़ा hook text → benefit → CTA,5 मिनट में listing — सीधे buyer तक पहुँचो,#Tomato #Kisan #Kheti #AgroManch #IndianFarmer,Upbeat desi dhun,07:00 PM
308,10-04-2027,Seasonal Countdown,प्याज बेचने का सही समय आ रहा — भाव बढ़ेंगे,[0-3s] सवाल/poll hook — प्याज पर,[3-10s] context — दो राय रखो,[10-18s] options/poll graphic,[18-26s] AgroManch tie-in,[26-30s] CTA: vote + comment,प्याज पर आपकी राय सबसे ज़रूरी है। कमेंट में बताओ — हम हर किसान की सुनते हैं।,Seasonal Countdown: प्याज | बड़ा hook text → benefit → CTA,बड़े खरीदार इंतज़ार में हैं — connect करो,#Onion #Kisan #Kheti #AgroManch #IndianFarmer,Suspense build-up,09:30 AM
309,11-04-2027,Seasonal Countdown,मौसम बदल रहा — आलू के लिए यह आखिरी मौका,[0-3s] सवाल/poll hook — आलू पर,[3-10s] context — दो राय रखो,[10-18s] options/poll graphic,[18-26s] AgroManch tie-in,[26-30s] CTA: vote + comment,आलू पर आपकी राय सबसे ज़रूरी है। कमेंट में बताओ — हम हर किसान की सुनते हैं।,Seasonal Countdown: आलू | बड़ा hook text → benefit → CTA,किसान भाइयों का सबसे बड़ा WhatsApp group — आओ,#Potato #Kisan #Kheti #AgroManch #IndianFarmer,Folk + modern fusion,08:30 PM
310,12-04-2027,Seasonal Countdown,__ दिन में मिर्च का सीज़न — यह checklist देखो,[0-3s] सवाल/poll hook — मिर्च पर,[3-10s] context — दो राय रखो,[10-18s] options/poll graphic,[18-26s] AgroManch tie-in,[26-30s] CTA: vote + comment,मिर्च पर आपकी राय सबसे ज़रूरी है। कमेंट में बताओ — हम हर किसान की सुनते हैं।,Seasonal Countdown: मिर्च | बड़ा hook text → benefit → CTA,यह जानकारी फैलाओ — एक किसान की मदद करो,#Chilli #Kisan #Kheti #AgroManch #IndianFarmer,Motivational background score,05:00 PM
311,13-04-2027,Profit Reveal,₹__ extra हर quintal — सरसों किसान यह गलती मत करना,[0-3s] बड़ा number + सरसों का खेत — hook text,[3-8s] सरसों की लागत दिखाओ (बीज/खाद/मेहनत),[8-18s] कमाई का breakdown — मंडी बनाम AgroManch,[18-25s] AgroManch screen — सही दाम कैसे मिला,[25-30s] CTA card + logo,"किसान भाइयों, सरसों से असली कमाई कितनी हो सकती है? पूरा हिसाब देखो — और जानो AgroManch पर सही दाम कैसे मिलता है।",Profit Reveal: सरसों | बड़ा hook text → benefit → CTA,Kisan rewards पाओ — App में active रहो 🎁,#Mustard #Kisan #Kheti #AgroManch #IndianFarmer,Punjabi dhol drop,08:00 PM
312,14-04-2027,Profit Reveal,गाँव वाले हँसते थे — आज चना से सबसे ज़्यादा कमाता है,[0-3s] बड़ा number + चना का खेत — hook text,[3-8s] चना की लागत दिखाओ (बीज/खाद/मेहनत),[8-18s] कमाई का breakdown — मंडी बनाम AgroManch,[18-25s] AgroManch screen — सही दाम कैसे मिला,[25-30s] CTA card + logo,"किसान भाइयों, चना से असली कमाई कितनी हो सकती है? पूरा हिसाब देखो — और जानो AgroManch पर सही दाम कैसे मिलता है।",Profit Reveal: चना | बड़ा hook text → benefit → CTA,"ज़्यादा कमाओ — बिचौलिया हटाओ, सीधे बेचो",#Gram #Kisan #Kheti #AgroManch #IndianFarmer,Soft acoustic,07:30 AM
313,15-04-2027,Profit Reveal,इस किसान ने मूंग से ₹__ लाख कमाए — कैसे? पूरा हिसाब देखो,[0-3s] बड़ा number + मूंग का खेत — hook text,[3-8s] मूंग की लागत दिखाओ (बीज/खाद/मेहनत),[8-18s] कमाई का breakdown — मंडी बनाम AgroManch,[18-25s] AgroManch screen — सही दाम कैसे मिला,[25-30s] CTA card + logo,"किसान भाइयों, मूंग से असली कमाई कितनी हो सकती है? पूरा हिसाब देखो — और जानो AgroManch पर सही दाम कैसे मिलता है।",Profit Reveal: मूंग | बड़ा hook text → benefit → CTA,AgroManch App download करो — link bio में 👇,#Moong #Kisan #Kheti #AgroManch #IndianFarmer,Trending Bhojpuri beat,12:00 PM
314,16-04-2027,Profit Reveal,1 एकड़ बाजरा = ₹__? यकीन नहीं होगा लेकिन सच है,[0-3s] बड़ा number + बाजरा का खेत — hook text,[3-8s] बाजरा की लागत दिखाओ (बीज/खाद/मेहनत),[8-18s] कमाई का breakdown — मंडी बनाम AgroManch,[18-25s] AgroManch screen — सही दाम कैसे मिला,[25-30s] CTA card + logo,"किसान भाइयों, बाजरा से असली कमाई कितनी हो सकती है? पूरा हिसाब देखो — और जानो AgroManch पर सही दाम कैसे मिलता है।",Profit Reveal: बाजरा | बड़ा hook text → benefit → CTA,अभी register करो — फसल बेचने का पहला कदम,#Bajra #Kisan #Kheti #AgroManch #IndianFarmer,Emotional flute + dholak,07:00 PM
315,17-04-2027,Mandi Shock,मंडी में आपका ज्वार ₹__ में बिका — असली कीमत ₹__ थी,[0-3s] तेज़ alert visual + bold red text,[3-8s] ज्वार की पर्ची/लक्षण/आँकड़ा close-up,[8-16s] नुकसान का असर + किसान की चिंता,[16-25s] AgroManch solution — ज्वार का रास्ता,[25-30s] CTA: download / alert ON,रुको! महाराष्ट्र के ज्वार किसान यह ज़रूर देखें। समय रहते कदम उठाओ — AgroManch आपके साथ है।,Mandi Shock: ज्वार | बड़ा hook text → benefit → CTA,5 मिनट में listing — सीधे buyer तक पहुँचो,#Jowar #Kisan #MandiBhav #AgroManch #IndianFarmer,Upbeat desi dhun,09:30 AM
316,18-04-2027,Mandi Shock,7 बिचौलिए आपके हल्दी का मुनाफा खा रहे हैं — proof देखो,[0-3s] तेज़ alert visual + bold red text,[3-8s] हल्दी की पर्ची/लक्षण/आँकड़ा close-up,[8-16s] नुकसान का असर + किसान की चिंता,[16-25s] AgroManch solution — हल्दी का रास्ता,[25-30s] CTA: download / alert ON,रुको! राजस्थान के हल्दी किसान यह ज़रूर देखें। समय रहते कदम उठाओ — AgroManch आपके साथ है।,Mandi Shock: हल्दी | बड़ा hook text → benefit → CTA,बड़े खरीदार इंतज़ार में हैं — connect करो,#Turmeric #Kisan #MandiBhav #AgroManch #IndianFarmer,Suspense build-up,08:30 PM
317,19-04-2027,Mandi Shock,मंडी की पर्ची दिखाता हूँ — अदरक पर कितनी लूट हुई,[0-3s] तेज़ alert visual + bold red text,[3-8s] अदरक की पर्ची/लक्षण/आँकड़ा close-up,[8-16s] नुकसान का असर + किसान की चिंता,[16-25s] AgroManch solution — अदरक का रास्ता,[25-30s] CTA: download / alert ON,रुको! हरियाणा के अदरक किसान यह ज़रूर देखें। समय रहते कदम उठाओ — AgroManch आपके साथ है।,Mandi Shock: अदरक | बड़ा hook text → benefit → CTA,किसान भाइयों का सबसे बड़ा WhatsApp group — आओ,#Ginger #Kisan #MandiBhav #AgroManch #IndianFarmer,Folk + modern fusion,05:00 PM
318,20-04-2027,Mandi Shock,लहसुन का सही भाव क्या है? मंडी आपको कभी नहीं बताएगी,[0-3s] तेज़ alert visual + bold red text,[3-8s] लहसुन की पर्ची/लक्षण/आँकड़ा close-up,[8-16s] नुकसान का असर + किसान की चिंता,[16-25s] AgroManch solution — लहसुन का रास्ता,[25-30s] CTA: download / alert ON,रुको! गुजरात के लहसुन किसान यह ज़रूर देखें। समय रहते कदम उठाओ — AgroManch आपके साथ है।,Mandi Shock: लहसुन | बड़ा hook text → benefit → CTA,यह जानकारी फैलाओ — एक किसान की मदद करो,#Garlic #Kisan #MandiBhav #AgroManch #IndianFarmer,Motivational background score,08:00 PM
319,21-04-2027,Crop Emergency Alert,🚨 कर्नाटक में केला पर रोग फैल रहा — 72 घंटे में यह करो,[0-3s] तेज़ alert visual + bold red text,[3-8s] केला की पर्ची/लक्षण/आँकड़ा close-up,[8-16s] नुकसान का असर + किसान की चिंता,[16-25s] AgroManch solution — केला का रास्ता,[25-30s] CTA: download / alert ON,रुको! कर्नाटक के केला किसान यह ज़रूर देखें। समय रहते कदम उठाओ — AgroManch आपके साथ है।,Crop Emergency Alert: केला | बड़ा hook text → benefit → CTA,Kisan rewards पाओ — App में active रहो 🎁,#Banana #Kisan #FasalRog #AgroManch #IndianFarmer,Punjabi dhol drop,07:30 AM
320,22-04-2027,Crop Emergency Alert,आपकी अनार की पत्तियाँ ऐसी हैं? तुरंत रुको और देखो,[0-3s] तेज़ alert visual + bold red text,[3-8s] अनार की पर्ची/लक्षण/आँकड़ा close-up,[8-16s] नुकसान का असर + किसान की चिंता,[16-25s] AgroManch solution — अनार का रास्ता,[25-30s] CTA: download / alert ON,रुको! पश्चिम बंगाल के अनार किसान यह ज़रूर देखें। समय रहते कदम उठाओ — AgroManch आपके साथ है।,Crop Emergency Alert: अनार | बड़ा hook text → benefit → CTA,"ज़्यादा कमाओ — बिचौलिया हटाओ, सीधे बेचो",#Pomegranate #Kisan #FasalRog #AgroManch #IndianFarmer,Soft acoustic,12:00 PM
321,23-04-2027,Crop Emergency Alert,एक हफ्ते में पूरी Dragon Fruit बर्बाद — यह कीट पहचानो,[0-3s] तेज़ alert visual + bold red text,[3-8s] Dragon Fruit की पर्ची/लक्षण/आँकड़ा close-up,[8-16s] नुकसान का असर + किसान की चिंता,[16-25s] AgroManch solution — Dragon Fruit का रास्ता,[25-30s] CTA: download / alert ON,रुको! UP के Dragon Fruit किसान यह ज़रूर देखें। समय रहते कदम उठाओ — AgroManch आपके साथ है।,Crop Emergency Alert: Dragon Fruit | बड़ा hook text → benefit → CTA,AgroManch App download करो — link bio में 👇,#DragonFruit #Kisan #FasalRog #AgroManch #IndianFarmer,Trending Bhojpuri beat,07:00 PM
322,24-04-2027,Crop Emergency Alert,🚨 स्ट्रॉबेरी किसान alert: यह लक्षण दिखे तो देर मत करना,[0-3s] तेज़ alert visual + bold red text,[3-8s] स्ट्रॉबेरी की पर्ची/लक्षण/आँकड़ा close-up,[8-16s] नुकसान का असर + किसान की चिंता,[16-25s] AgroManch solution — स्ट्रॉबेरी का रास्ता,[25-30s] CTA: download / alert ON,रुको! बिहार के स्ट्रॉबेरी किसान यह ज़रूर देखें। समय रहते कदम उठाओ — AgroManch आपके साथ है।,Crop Emergency Alert: स्ट्रॉबेरी | बड़ा hook text → benefit → CTA,अभी register करो — फसल बेचने का पहला कदम,#Strawberry #Kisan #FasalRog #AgroManch #IndianFarmer,Emotional flute + dholak,09:30 AM
323,25-04-2027,Farmer Success Story,'मेरे पिता मंडी में लुटते थे — मैंने तरीका बदला',[0-3s] किसान का चेहरा + मशरूम खेत — emotional hook,[3-10s] संघर्ष — पहले की मुश्किल,[10-18s] turning point — AgroManch से जुड़ा,"[18-26s] नतीजा — मुस्कान, payment proof",[26-30s] CTA: 'आपकी कहानी भी' + link,यह कहानी हर मशरूम किसान की हो सकती है। डर से उम्मीद तक — AgroManch के साथ सफर।,Farmer Success Story: मशरूम | बड़ा hook text → benefit → CTA,5 मिनट में listing — सीधे buyer तक पहुँचो,#Mushroom #Kisan #Kheti #AgroManch #IndianFarmer,Upbeat desi dhun,08:30 PM
324,26-04-2027,Farmer Success Story,500 किसानों ने यह किया — नतीजा देखकर चौंक जाओगे,[0-3s] किसान का चेहरा + सब्ज़ी खेत — emotional hook,[3-10s] संघर्ष — पहले की मुश्किल,[10-18s] turning point — AgroManch से जुड़ा,"[18-26s] नतीजा — मुस्कान, payment proof",[26-30s] CTA: 'आपकी कहानी भी' + link,यह कहानी हर सब्ज़ी किसान की हो सकती है। डर से उम्मीद तक — AgroManch के साथ सफर।,Farmer Success Story: सब्ज़ी | बड़ा hook text → benefit → CTA,बड़े खरीदार इंतज़ार में हैं — connect करो,#Vegetables #Kisan #Kheti #AgroManch #IndianFarmer,Suspense build-up,05:00 PM
325,27-04-2027,Farmer Success Story,'पहले डर था online बेचने का — आज भिंडी से खुशी है',[0-3s] किसान का चेहरा + भिंडी खेत — emotional hook,[3-10s] संघर्ष — पहले की मुश्किल,[10-18s] turning point — AgroManch से जुड़ा,"[18-26s] नतीजा — मुस्कान, payment proof",[26-30s] CTA: 'आपकी कहानी भी' + link,यह कहानी हर भिंडी किसान की हो सकती है। डर से उम्मीद तक — AgroManch के साथ सफर।,Farmer Success Story: भिंडी | बड़ा hook text → benefit → CTA,किसान भाइयों का सबसे बड़ा WhatsApp group — आओ,#Okra #Kisan #Kheti #AgroManch #IndianFarmer,Folk + modern fusion,08:00 PM
326,28-04-2027,Farmer Success Story,राजस्थान के इस किसान की कहानी आपको रुला देगी,[0-3s] किसान का चेहरा + बैंगन खेत — emotional hook,[3-10s] संघर्ष — पहले की मुश्किल,[10-18s] turning point — AgroManch से जुड़ा,"[18-26s] नतीजा — मुस्कान, payment proof",[26-30s] CTA: 'आपकी कहानी भी' + link,यह कहानी हर बैंगन किसान की हो सकती है। डर से उम्मीद तक — AgroManch के साथ सफर।,Farmer Success Story: बैंगन | बड़ा hook text → benefit → CTA,यह जानकारी फैलाओ — एक किसान की मदद करो,#Brinjal #Kisan #Kheti #AgroManch #IndianFarmer,Motivational background score,07:30 AM
327,29-04-2027,Machinery Pride,फूलगोभी की कटाई अब 1 घंटे में — कैसे? देखो,[0-3s] सवाल hook — 'फूलगोभी में यह जानते हो?',[3-10s] step 1 / पुराना तरीका दिखाओ,[10-18s] step 2 / नया तरीका — demo,[18-26s] नतीजा / फायदा साफ़ दिखाओ,[26-30s] CTA: App में और जानो,फूलगोभी में यह आसान तरीका आपका समय और पैसा दोनों बचाएगा। चलिए step by step देखते हैं।,Machinery Pride: फूलगोभी | बड़ा hook text → benefit → CTA,Kisan rewards पाओ — App में active रहो 🎁,#Cauliflower #Kisan #Kheti #AgroManch #IndianFarmer,Punjabi dhol drop,12:00 PM
328,30-04-2027,Machinery Pride,पुराना तरीका भूल जाओ — मटर के लिए यह मशीन,[0-3s] सवाल hook — 'मटर में यह जानते हो?',[3-10s] step 1 / पुराना तरीका दिखाओ,[10-18s] step 2 / नया तरीका — demo,[18-26s] नतीजा / फायदा साफ़ दिखाओ,[26-30s] CTA: App में और जानो,मटर में यह आसान तरीका आपका समय और पैसा दोनों बचाएगा। चलिए step by step देखते हैं।,Machinery Pride: मटर | बड़ा hook text → benefit → CTA,"ज़्यादा कमाओ — बिचौलिया हटाओ, सीधे बेचो",#Peas #Kisan #Kheti #AgroManch #IndianFarmer,Soft acoustic,07:00 PM
329,01-05-2027,Scheme Bomb,यह document नहीं है तो NABARD योजना का पैसा रुक जाएगा,[0-3s] तेज़ alert visual + bold red text,[3-8s] अरहर की पर्ची/लक्षण/आँकड़ा close-up,[8-16s] नुकसान का असर + किसान की चिंता,[16-25s] AgroManch solution — अरहर का रास्ता,[25-30s] CTA: download / alert ON,रुको! कर्नाटक के अरहर किसान यह ज़रूर देखें। समय रहते कदम उठाओ — AgroManch आपके साथ है।,Scheme Bomb: अरहर | बड़ा hook text → benefit → CTA,AgroManch App download करो — link bio में 👇,#Arhar #Kisan #SarkariYojana #AgroManch #IndianFarmer,Trending Bhojpuri beat,09:30 AM
330,02-05-2027,Scheme Bomb,Kisan Drone Subsidy + मूंगफली = डबल फायदा। पूरी जानकारी यहाँ,[0-3s] तेज़ alert visual + bold red text,[3-8s] मूंगफली की पर्ची/लक्षण/आँकड़ा close-up,[8-16s] नुकसान का असर + किसान की चिंता,[16-25s] AgroManch solution — मूंगफली का रास्ता,[25-30s] CTA: download / alert ON,रुको! पश्चिम बंगाल के मूंगफली किसान यह ज़रूर देखें। समय रहते कदम उठाओ — AgroManch आपके साथ है।,Scheme Bomb: मूंगफली | बड़ा hook text → benefit → CTA,अभी register करो — फसल बेचने का पहला कदम,#Groundnut #Kisan #SarkariYojana #AgroManch #IndianFarmer,Emotional flute + dholak,08:30 PM
331,03-05-2027,Scheme Bomb,"🚨 PM-KISAN — किस्त आ रही है, status अभी check करो!",[0-3s] तेज़ alert visual + bold red text,[3-8s] गेहूं की पर्ची/लक्षण/आँकड़ा close-up,[8-16s] नुकसान का असर + किसान की चिंता,[16-25s] AgroManch solution — गेहूं का रास्ता,[25-30s] CTA: download / alert ON,रुको! UP के गेहूं किसान यह ज़रूर देखें। समय रहते कदम उठाओ — AgroManch आपके साथ है।,Scheme Bomb: गेहूं | बड़ा hook text → benefit → CTA,5 मिनट में listing — सीधे buyer तक पहुँचो,#Wheat #Kisan #SarkariYojana #AgroManch #IndianFarmer,Upbeat desi dhun,05:00 PM
332,04-05-2027,Scheme Bomb,PMFBY फसल बीमा में ₹__ सीधे खाते में — eligibility देखो,[0-3s] तेज़ alert visual + bold red text,[3-8s] धान की पर्ची/लक्षण/आँकड़ा close-up,[8-16s] नुकसान का असर + किसान की चिंता,[16-25s] AgroManch solution — धान का रास्ता,[25-30s] CTA: download / alert ON,रुको! बिहार के धान किसान यह ज़रूर देखें। समय रहते कदम उठाओ — AgroManch आपके साथ है।,Scheme Bomb: धान | बड़ा hook text → benefit → CTA,बड़े खरीदार इंतज़ार में हैं — connect करो,#Paddy #Kisan #SarkariYojana #AgroManch #IndianFarmer,Suspense build-up,08:00 PM
333,05-05-2027,Jugaad Hack,घर की चीज़ों से मक्का की सुरक्षा — कमाल का जुगाड़,[0-3s] सवाल hook — 'मक्का में यह जानते हो?',[3-10s] step 1 / पुराना तरीका दिखाओ,[10-18s] step 2 / नया तरीका — demo,[18-26s] नतीजा / फायदा साफ़ दिखाओ,[26-30s] CTA: App में और जानो,मक्का में यह आसान तरीका आपका समय और पैसा दोनों बचाएगा। चलिए step by step देखते हैं।,Jugaad Hack: मक्का | बड़ा hook text → benefit → CTA,किसान भाइयों का सबसे बड़ा WhatsApp group — आओ,#Maize #Kisan #FarmingHacks #AgroManch #IndianFarmer,Folk + modern fusion,07:30 AM
334,06-05-2027,Jugaad Hack,यह देसी नुस्खा सोयाबीन के कीट भगा देता है — ₹0 खर्च,[0-3s] सवाल hook — 'सोयाबीन में यह जानते हो?',[3-10s] step 1 / पुराना तरीका दिखाओ,[10-18s] step 2 / नया तरीका — demo,[18-26s] नतीजा / फायदा साफ़ दिखाओ,[26-30s] CTA: App में और जानो,सोयाबीन में यह आसान तरीका आपका समय और पैसा दोनों बचाएगा। चलिए step by step देखते हैं।,Jugaad Hack: सोयाबीन | बड़ा hook text → benefit → CTA,यह जानकारी फैलाओ — एक किसान की मदद करो,#Soybean #Kisan #FarmingHacks #AgroManch #IndianFarmer,Motivational background score,12:00 PM
335,07-05-2027,Before / After,यह तस्वीर देखो — कपास में मेहनत का नतीजा,[0-3s] सवाल hook — 'कपास में यह जानते हो?',[3-10s] step 1 / पुराना तरीका दिखाओ,[10-18s] step 2 / नया तरीका — demo,[18-26s] नतीजा / फायदा साफ़ दिखाओ,[26-30s] CTA: App में और जानो,कपास में यह आसान तरीका आपका समय और पैसा दोनों बचाएगा। चलिए step by step देखते हैं।,Before / After: कपास | बड़ा hook text → benefit → CTA,Kisan rewards पाओ — App में active रहो 🎁,#Cotton #Kisan #Kheti #AgroManch #IndianFarmer,Punjabi dhol drop,07:00 PM
336,08-05-2027,Before / After,"पहले ₹__, अब ₹__ — गन्ना में क्या बदला?",[0-3s] सवाल hook — 'गन्ना में यह जानते हो?',[3-10s] step 1 / पुराना तरीका दिखाओ,[10-18s] step 2 / नया तरीका — demo,[18-26s] नतीजा / फायदा साफ़ दिखाओ,[26-30s] CTA: App में और जानो,गन्ना में यह आसान तरीका आपका समय और पैसा दोनों बचाएगा। चलिए step by step देखते हैं।,Before / After: गन्ना | बड़ा hook text → benefit → CTA,"ज़्यादा कमाओ — बिचौलिया हटाओ, सीधे बेचो",#Sugarcane #Kisan #Kheti #AgroManch #IndianFarmer,Soft acoustic,09:30 AM
337,09-05-2027,Mahila Kisan,'अकेले 3 एकड़ टमाटर संभाला' — रेखा देवी की कहानी,[0-3s] किसान का चेहरा + टमाटर खेत — emotional hook,[3-10s] संघर्ष — पहले की मुश्किल,[10-18s] turning point — AgroManch से जुड़ा,"[18-26s] नतीजा — मुस्कान, payment proof",[26-30s] CTA: 'आपकी कहानी भी' + link,यह कहानी हर टमाटर किसान की हो सकती है। डर से उम्मीद तक — AgroManch के साथ सफर।,Mahila Kisan: टमाटर | बड़ा hook text → benefit → CTA,AgroManch App download करो — link bio में 👇,#Tomato #Kisan #MahilaKisan #AgroManch #IndianFarmer,Trending Bhojpuri beat,08:30 PM
338,10-05-2027,Mahila Kisan,घूँघट से ट्रैक्टर तक — इस महिला किसान को सलाम,[0-3s] किसान का चेहरा + प्याज खेत — emotional hook,[3-10s] संघर्ष — पहले की मुश्किल,[10-18s] turning point — AgroManch से जुड़ा,"[18-26s] नतीजा — मुस्कान, payment proof",[26-30s] CTA: 'आपकी कहानी भी' + link,यह कहानी हर प्याज किसान की हो सकती है। डर से उम्मीद तक — AgroManch के साथ सफर।,Mahila Kisan: प्याज | बड़ा hook text → benefit → CTA,अभी register करो — फसल बेचने का पहला कदम,#Onion #Kisan #MahilaKisan #AgroManch #IndianFarmer,Emotional flute + dholak,05:00 PM
339,11-05-2027,Mahila Kisan,"पति बाहर, उसने आलू से घर चलाया — कैसे?",[0-3s] किसान का चेहरा + आलू खेत — emotional hook,[3-10s] संघर्ष — पहले की मुश्किल,[10-18s] turning point — AgroManch से जुड़ा,"[18-26s] नतीजा — मुस्कान, payment proof",[26-30s] CTA: 'आपकी कहानी भी' + link,यह कहानी हर आलू किसान की हो सकती है। डर से उम्मीद तक — AgroManch के साथ सफर।,Mahila Kisan: आलू | बड़ा hook text → benefit → CTA,5 मिनट में listing — सीधे buyer तक पहुँचो,#Potato #Kisan #MahilaKisan #AgroManch #IndianFarmer,Upbeat desi dhun,08:00 PM
340,12-05-2027,Mahila Kisan,गाँव की महिलाओं ने मिर्च से बदली किस्मत,[0-3s] किसान का चेहरा + मिर्च खेत — emotional hook,[3-10s] संघर्ष — पहले की मुश्किल,[10-18s] turning point — AgroManch से जुड़ा,"[18-26s] नतीजा — मुस्कान, payment proof",[26-30s] CTA: 'आपकी कहानी भी' + link,यह कहानी हर मिर्च किसान की हो सकती है। डर से उम्मीद तक — AgroManch के साथ सफर।,Mahila Kisan: मिर्च | बड़ा hook text → benefit → CTA,बड़े खरीदार इंतज़ार में हैं — connect करो,#Chilli #Kisan #MahilaKisan #AgroManch #IndianFarmer,Suspense build-up,07:30 AM
341,13-05-2027,Weather Emergency,मौसम बदलते ही सरसों पर यह असर — तैयार रहो,[0-3s] तेज़ alert visual + bold red text,[3-8s] सरसों की पर्ची/लक्षण/आँकड़ा close-up,[8-16s] नुकसान का असर + किसान की चिंता,[16-25s] AgroManch solution — सरसों का रास्ता,[25-30s] CTA: download / alert ON,रुको! UP के सरसों किसान यह ज़रूर देखें। समय रहते कदम उठाओ — AgroManch आपके साथ है।,Weather Emergency: सरसों | बड़ा hook text → benefit → CTA,किसान भाइयों का सबसे बड़ा WhatsApp group — आओ,#Mustard #Kisan #MausamAlert #AgroManch #IndianFarmer,Folk + modern fusion,12:00 PM
342,14-05-2027,Weather Emergency,IMD alert: बिहार के चना किसान सावधान,[0-3s] तेज़ alert visual + bold red text,[3-8s] चना की पर्ची/लक्षण/आँकड़ा close-up,[8-16s] नुकसान का असर + किसान की चिंता,[16-25s] AgroManch solution — चना का रास्ता,[25-30s] CTA: download / alert ON,रुको! बिहार के चना किसान यह ज़रूर देखें। समय रहते कदम उठाओ — AgroManch आपके साथ है।,Weather Emergency: चना | बड़ा hook text → benefit → CTA,यह जानकारी फैलाओ — एक किसान की मदद करो,#Gram #Kisan #MausamAlert #AgroManch #IndianFarmer,Motivational background score,07:00 PM
343,15-05-2027,Weather Emergency,🚨 पंजाब Alert: 72 घंटे में मौसम — मूंग बचाओ!,[0-3s] तेज़ alert visual + bold red text,[3-8s] मूंग की पर्ची/लक्षण/आँकड़ा close-up,[8-16s] नुकसान का असर + किसान की चिंता,[16-25s] AgroManch solution — मूंग का रास्ता,[25-30s] CTA: download / alert ON,रुको! पंजाब के मूंग किसान यह ज़रूर देखें। समय रहते कदम उठाओ — AgroManch आपके साथ है।,Weather Emergency: मूंग | बड़ा hook text → benefit → CTA,Kisan rewards पाओ — App में active रहो 🎁,#Moong #Kisan #MausamAlert #AgroManch #IndianFarmer,Punjabi dhol drop,09:30 AM
344,16-05-2027,Weather Emergency,बारिश से पहले बाजरा में यह करना ज़रूरी है,[0-3s] तेज़ alert visual + bold red text,[3-8s] बाजरा की पर्ची/लक्षण/आँकड़ा close-up,[8-16s] नुकसान का असर + किसान की चिंता,[16-25s] AgroManch solution — बाजरा का रास्ता,[25-30s] CTA: download / alert ON,रुको! MP के बाजरा किसान यह ज़रूर देखें। समय रहते कदम उठाओ — AgroManch आपके साथ है।,Weather Emergency: बाजरा | बड़ा hook text → benefit → CTA,"ज़्यादा कमाओ — बिचौलिया हटाओ, सीधे बेचो",#Bajra #Kisan #MausamAlert #AgroManch #IndianFarmer,Soft acoustic,08:30 PM
345,17-05-2027,Myth Buster,'ज़्यादा खाद = ज़्यादा फसल'? बिल्कुल गलत,[0-3s] सवाल hook — 'ज्वार में यह जानते हो?',[3-10s] step 1 / पुराना तरीका दिखाओ,[10-18s] step 2 / नया तरीका — demo,[18-26s] नतीजा / फायदा साफ़ दिखाओ,[26-30s] CTA: App में और जानो,ज्वार में यह आसान तरीका आपका समय और पैसा दोनों बचाएगा। चलिए step by step देखते हैं।,Myth Buster: ज्वार | बड़ा hook text → benefit → CTA,AgroManch App download करो — link bio में 👇,#Jowar #Kisan #Kheti #AgroManch #IndianFarmer,Trending Bhojpuri beat,05:00 PM
346,18-05-2027,Profit Calculator,कौन सी फसल ज़्यादा देगी? हल्दी बनाम बाकी,[0-3s] बड़ा number + हल्दी का खेत — hook text,[3-8s] हल्दी की लागत दिखाओ (बीज/खाद/मेहनत),[8-18s] कमाई का breakdown — मंडी बनाम AgroManch,[18-25s] AgroManch screen — सही दाम कैसे मिला,[25-30s] CTA card + logo,"किसान भाइयों, हल्दी से असली कमाई कितनी हो सकती है? पूरा हिसाब देखो — और जानो AgroManch पर सही दाम कैसे मिलता है।",Profit Calculator: हल्दी | बड़ा hook text → benefit → CTA,अभी register करो — फसल बेचने का पहला कदम,#Turmeric #Kisan #KhetiProfit #AgroManch #IndianFarmer,Emotional flute + dholak,08:00 PM
347,19-05-2027,Profit Calculator,"₹__ लगाओ, ₹__ कमाओ — अदरक का सच्चा हिसाब",[0-3s] बड़ा number + अदरक का खेत — hook text,[3-8s] अदरक की लागत दिखाओ (बीज/खाद/मेहनत),[8-18s] कमाई का breakdown — मंडी बनाम AgroManch,[18-25s] AgroManch screen — सही दाम कैसे मिला,[25-30s] CTA card + logo,"किसान भाइयों, अदरक से असली कमाई कितनी हो सकती है? पूरा हिसाब देखो — और जानो AgroManch पर सही दाम कैसे मिलता है।",Profit Calculator: अदरक | बड़ा hook text → benefit → CTA,5 मिनट में listing — सीधे buyer तक पहुँचो,#Ginger #Kisan #KhetiProfit #AgroManch #IndianFarmer,Upbeat desi dhun,07:30 AM
348,20-05-2027,Profit Calculator,AgroManch calculator से लहसुन का मुनाफा निकालो,[0-3s] बड़ा number + लहसुन का खेत — hook text,[3-8s] लहसुन की लागत दिखाओ (बीज/खाद/मेहनत),[8-18s] कमाई का breakdown — मंडी बनाम AgroManch,[18-25s] AgroManch screen — सही दाम कैसे मिला,[25-30s] CTA card + logo,"किसान भाइयों, लहसुन से असली कमाई कितनी हो सकती है? पूरा हिसाब देखो — और जानो AgroManch पर सही दाम कैसे मिलता है।",Profit Calculator: लहसुन | बड़ा hook text → benefit → CTA,बड़े खरीदार इंतज़ार में हैं — connect करो,#Garlic #Kisan #KhetiProfit #AgroManch #IndianFarmer,Suspense build-up,12:00 PM
349,21-05-2027,Profit Calculator,केला में 1 एकड़ = कितना मुनाफा? पूरा हिसाब,[0-3s] बड़ा number + केला का खेत — hook text,[3-8s] केला की लागत दिखाओ (बीज/खाद/मेहनत),[8-18s] कमाई का breakdown — मंडी बनाम AgroManch,[18-25s] AgroManch screen — सही दाम कैसे मिला,[25-30s] CTA card + logo,"किसान भाइयों, केला से असली कमाई कितनी हो सकती है? पूरा हिसाब देखो — और जानो AgroManch पर सही दाम कैसे मिलता है।",Profit Calculator: केला | बड़ा hook text → benefit → CTA,किसान भाइयों का सबसे बड़ा WhatsApp group — आओ,#Banana #Kisan #KhetiProfit #AgroManch #IndianFarmer,Folk + modern fusion,07:00 PM
350,22-05-2027,Field Interview,इस अनार किसान से मिलिए — बात दिल छू जाएगी,[0-3s] किसान का चेहरा + अनार खेत — emotional hook,[3-10s] संघर्ष — पहले की मुश्किल,[10-18s] turning point — AgroManch से जुड़ा,"[18-26s] नतीजा — मुस्कान, payment proof",[26-30s] CTA: 'आपकी कहानी भी' + link,यह कहानी हर अनार किसान की हो सकती है। डर से उम्मीद तक — AgroManch के साथ सफर।,Field Interview: अनार | बड़ा hook text → benefit → CTA,यह जानकारी फैलाओ — एक किसान की मदद करो,#Pomegranate #Kisan #Kheti #AgroManch #IndianFarmer,Motivational background score,09:30 AM
351,23-05-2027,Field Interview,'मैं बताता हूँ Dragon Fruit में असली दिक्कत क्या है',[0-3s] किसान का चेहरा + Dragon Fruit खेत — emotional hook,[3-10s] संघर्ष — पहले की मुश्किल,[10-18s] turning point — AgroManch से जुड़ा,"[18-26s] नतीजा — मुस्कान, payment proof",[26-30s] CTA: 'आपकी कहानी भी' + link,यह कहानी हर Dragon Fruit किसान की हो सकती है। डर से उम्मीद तक — AgroManch के साथ सफर।,Field Interview: Dragon Fruit | बड़ा hook text → benefit → CTA,Kisan rewards पाओ — App में active रहो 🎁,#DragonFruit #Kisan #Kheti #AgroManch #IndianFarmer,Punjabi dhol drop,08:30 PM
352,24-05-2027,Old vs New,स्ट्रॉबेरी में पुरानी सोच छोड़ो — यह है नया रास्ता,[0-3s] सवाल hook — 'स्ट्रॉबेरी में यह जानते हो?',[3-10s] step 1 / पुराना तरीका दिखाओ,[10-18s] step 2 / नया तरीका — demo,[18-26s] नतीजा / फायदा साफ़ दिखाओ,[26-30s] CTA: App में और जानो,स्ट्रॉबेरी में यह आसान तरीका आपका समय और पैसा दोनों बचाएगा। चलिए step by step देखते हैं।,Old vs New: स्ट्रॉबेरी | बड़ा hook text → benefit → CTA,"ज़्यादा कमाओ — बिचौलिया हटाओ, सीधे बेचो",#Strawberry #Kisan #Kheti #AgroManch #IndianFarmer,Soft acoustic,05:00 PM
353,25-05-2027,Old vs New,10 साल पहले vs आज — मशरूम किसान की ज़िंदगी,[0-3s] सवाल hook — 'मशरूम में यह जानते हो?',[3-10s] step 1 / पुराना तरीका दिखाओ,[10-18s] step 2 / नया तरीका — demo,[18-26s] नतीजा / फायदा साफ़ दिखाओ,[26-30s] CTA: App में और जानो,मशरूम में यह आसान तरीका आपका समय और पैसा दोनों बचाएगा। चलिए step by step देखते हैं।,Old vs New: मशरूम | बड़ा hook text → benefit → CTA,AgroManch App download करो — link bio में 👇,#Mushroom #Kisan #Kheti #AgroManch #IndianFarmer,Trending Bhojpuri beat,08:00 PM
354,26-05-2027,Hidden Crop,AgroManch पर इस फसल के __ buyers इंतज़ार में हैं,[0-3s] बड़ा number + सब्ज़ी का खेत — hook text,[3-8s] सब्ज़ी की लागत दिखाओ (बीज/खाद/मेहनत),[8-18s] कमाई का breakdown — मंडी बनाम AgroManch,[18-25s] AgroManch screen — सही दाम कैसे मिला,[25-30s] CTA card + logo,"किसान भाइयों, सब्ज़ी से असली कमाई कितनी हो सकती है? पूरा हिसाब देखो — और जानो AgroManch पर सही दाम कैसे मिलता है।",Hidden Crop: सब्ज़ी | बड़ा hook text → benefit → CTA,अभी register करो — फसल बेचने का पहला कदम,#Vegetables #Kisan #ProfitableFarming #AgroManch #IndianFarmer,Emotional flute + dholak,07:30 AM
355,27-05-2027,Hidden Crop,यह फसल ₹__/kg बिकती है — कोई महाराष्ट्र में नहीं उगाता क्यों?,[0-3s] बड़ा number + भिंडी का खेत — hook text,[3-8s] भिंडी की लागत दिखाओ (बीज/खाद/मेहनत),[8-18s] कमाई का breakdown — मंडी बनाम AgroManch,[18-25s] AgroManch screen — सही दाम कैसे मिला,[25-30s] CTA card + logo,"किसान भाइयों, भिंडी से असली कमाई कितनी हो सकती है? पूरा हिसाब देखो — और जानो AgroManch पर सही दाम कैसे मिलता है।",Hidden Crop: भिंडी | बड़ा hook text → benefit → CTA,5 मिनट में listing — सीधे buyer तक पहुँचो,#Okra #Kisan #ProfitableFarming #AgroManch #IndianFarmer,Upbeat desi dhun,12:00 PM
356,28-05-2027,Hidden Crop,बैंगन छोड़ो — यह फसल 3 गुना कमाई देती है,[0-3s] बड़ा number + बैंगन का खेत — hook text,[3-8s] बैंगन की लागत दिखाओ (बीज/खाद/मेहनत),[8-18s] कमाई का breakdown — मंडी बनाम AgroManch,[18-25s] AgroManch screen — सही दाम कैसे मिला,[25-30s] CTA card + logo,"किसान भाइयों, बैंगन से असली कमाई कितनी हो सकती है? पूरा हिसाब देखो — और जानो AgroManch पर सही दाम कैसे मिलता है।",Hidden Crop: बैंगन | बड़ा hook text → benefit → CTA,बड़े खरीदार इंतज़ार में हैं — connect करो,#Brinjal #Kisan #ProfitableFarming #AgroManch #IndianFarmer,Suspense build-up,07:00 PM
357,29-05-2027,Hidden Crop,विदेश में इस फसल की भारी मांग — आप क्यों चूक रहे?,[0-3s] बड़ा number + फूलगोभी का खेत — hook text,[3-8s] फूलगोभी की लागत दिखाओ (बीज/खाद/मेहनत),[8-18s] कमाई का breakdown — मंडी बनाम AgroManch,[18-25s] AgroManch screen — सही दाम कैसे मिला,[25-30s] CTA card + logo,"किसान भाइयों, फूलगोभी से असली कमाई कितनी हो सकती है? पूरा हिसाब देखो — और जानो AgroManch पर सही दाम कैसे मिलता है।",Hidden Crop: फूलगोभी | बड़ा hook text → benefit → CTA,किसान भाइयों का सबसे बड़ा WhatsApp group — आओ,#Cauliflower #Kisan #ProfitableFarming #AgroManch #IndianFarmer,Folk + modern fusion,09:30 AM
358,30-05-2027,Tech Tutorial,App पर payment कैसे आता है? step by step Hindi में,[0-3s] सवाल hook — 'मटर में यह जानते हो?',[3-10s] step 1 / पुराना तरीका दिखाओ,[10-18s] step 2 / नया तरीका — demo,[18-26s] नतीजा / फायदा साफ़ दिखाओ,[26-30s] CTA: App में और जानो,मटर में यह आसान तरीका आपका समय और पैसा दोनों बचाएगा। चलिए step by step देखते हैं।,Tech Tutorial: मटर | बड़ा hook text → benefit → CTA,यह जानकारी फैलाओ — एक किसान की मदद करो,#Peas #Kisan #DigitalKisan #AgroManch #IndianFarmer,Motivational background score,08:30 PM
359,31-05-2027,Tech Tutorial,5 मिनट में अरहर बेचना सीखो — बिना confusion,[0-3s] सवाल hook — 'अरहर में यह जानते हो?',[3-10s] step 1 / पुराना तरीका दिखाओ,[10-18s] step 2 / नया तरीका — demo,[18-26s] नतीजा / फायदा साफ़ दिखाओ,[26-30s] CTA: App में और जानो,अरहर में यह आसान तरीका आपका समय और पैसा दोनों बचाएगा। चलिए step by step देखते हैं।,Tech Tutorial: अरहर | बड़ा hook text → benefit → CTA,Kisan rewards पाओ — App में active रहो 🎁,#Arhar #Kisan #DigitalKisan #AgroManch #IndianFarmer,Punjabi dhol drop,05:00 PM
360,01-06-2027,Tech Tutorial,AgroManch के यह 5 features मूंगफली किसान ज़रूर use करें,[0-3s] सवाल hook — 'मूंगफली में यह जानते हो?',[3-10s] step 1 / पुराना तरीका दिखाओ,[10-18s] step 2 / नया तरीका — demo,[18-26s] नतीजा / फायदा साफ़ दिखाओ,[26-30s] CTA: App में और जानो,मूंगफली में यह आसान तरीका आपका समय और पैसा दोनों बचाएगा। चलिए step by step देखते हैं।,Tech Tutorial: मूंगफली | बड़ा hook text → benefit → CTA,"ज़्यादा कमाओ — बिचौलिया हटाओ, सीधे बेचो",#Groundnut #Kisan #DigitalKisan #AgroManch #IndianFarmer,Soft acoustic,08:00 PM
361,02-06-2027,Tech Tutorial,AgroManch पर गेहूं list करो — 5 मिनट tutorial,[0-3s] सवाल hook — 'गेहूं में यह जानते हो?',[3-10s] step 1 / पुराना तरीका दिखाओ,[10-18s] step 2 / नया तरीका — demo,[18-26s] नतीजा / फायदा साफ़ दिखाओ,[26-30s] CTA: App में और जानो,गेहूं में यह आसान तरीका आपका समय और पैसा दोनों बचाएगा। चलिए step by step देखते हैं।,Tech Tutorial: गेहूं | बड़ा hook text → benefit → CTA,AgroManch App download करो — link bio में 👇,#Wheat #Kisan #DigitalKisan #AgroManch #IndianFarmer,Trending Bhojpuri beat,07:30 AM
362,03-06-2027,Award / Recognition,इस धान किसान ने देश का नाम रोशन किया 🏆,[0-3s] किसान का चेहरा + धान खेत — emotional hook,[3-10s] संघर्ष — पहले की मुश्किल,[10-18s] turning point — AgroManch से जुड़ा,"[18-26s] नतीजा — मुस्कान, payment proof",[26-30s] CTA: 'आपकी कहानी भी' + link,यह कहानी हर धान किसान की हो सकती है। डर से उम्मीद तक — AgroManch के साथ सफर।,Award / Recognition: धान | बड़ा hook text → benefit → CTA,अभी register करो — फसल बेचने का पहला कदम,#Paddy #Kisan #Kheti #AgroManch #IndianFarmer,Emotional flute + dholak,12:00 PM
363,04-06-2027,Regional Language,अपनी भाषा में खेती की पूरी जानकारी — मराठी,[0-3s] सवाल/poll hook — मक्का पर,[3-10s] context — दो राय रखो,[10-18s] options/poll graphic,[18-26s] AgroManch tie-in,[26-30s] CTA: vote + comment,मक्का पर आपकी राय सबसे ज़रूरी है। कमेंट में बताओ — हम हर किसान की सुनते हैं।,Regional Language: मक्का | बड़ा hook text → benefit → CTA,5 मिनट में listing — सीधे buyer तक पहुँचो,#Maize #Kisan #Bhojpuri #AgroManch #IndianFarmer,Upbeat desi dhun,07:00 PM
364,05-06-2027,Regional Language,MP के किसानों के लिए हरियाणवी में खास video,[0-3s] सवाल/poll hook — सोयाबीन पर,[3-10s] context — दो राय रखो,[10-18s] options/poll graphic,[18-26s] AgroManch tie-in,[26-30s] CTA: vote + comment,सोयाबीन पर आपकी राय सबसे ज़रूरी है। कमेंट में बताओ — हम हर किसान की सुनते हैं।,Regional Language: सोयाबीन | बड़ा hook text → benefit → CTA,बड़े खरीदार इंतज़ार में हैं — connect करो,#Soybean #Kisan #Bhojpuri #AgroManch #IndianFarmer,Suspense build-up,09:30 AM
365,06-06-2027,Regional Language,मगही बोलने वाले किसान यह ज़रूर देखें,[0-3s] सवाल/poll hook — कपास पर,[3-10s] context — दो राय रखो,[10-18s] options/poll graphic,[18-26s] AgroManch tie-in,[26-30s] CTA: vote + comment,कपास पर आपकी राय सबसे ज़रूरी है। कमेंट में बताओ — हम हर किसान की सुनते हैं।,Regional Language: कपास | बड़ा hook text → benefit → CTA,किसान भाइयों का सबसे बड़ा WhatsApp group — आओ,#Cotton #Kisan #Bhojpuri #AgroManch #IndianFarmer,Folk + modern fusion,08:30 PM
